C202609000001,U10145,P10018,3,CHATSESS160888,售后问题,8,1,281,1056,0,,2026-09-07 04:56:11,2026-09-07 05:13:47
C202609000002,U10231,P10014,3,CHATSESS731702,价格活动,4,3,88,913,0,,2026-09-02 07:32:46,2026-09-02 07:47:59
C202609000003,U10317,P10009,9,CHATSESS572167,商品咨询,4,4,176,916,0,,2026-09-10 20:13:31,2026-09-10 20:28:47
C202609000004,U10478,P10013,7,CHATSESS840419,商品咨询,2,1,166,1742,1,加购,2026-09-05 04:07:33,2026-09-05 04:36:35
C202609000005,U10249,P10006,2,CHATSESS431806,商品咨询,4,4,95,399,1,下单,2026-09-11 17:38:14,2026-09-11 17:44:53
C202609000006,U10114,P10017,1,CHATSESS146397,商品咨询,3,0,0,1215,1,加购,2026-09-11 20:59:37,2026-09-11 21:19:52
C202609000007,U10387,P10004,6,CHATSESS640734,物流查询,4,0,0,1337,0,,2026-09-03 00:13:41,2026-09-03 00:35:58
C202609000008,U10471,P10009,10,CHATSESS230091,其他,2,1,220,180,1,加购,2026-09-01 01:17:47,2026-09-01 01:20:47
C202609000009,U10291,P10019,4,CHATSESS509352,商品咨询,8,0,0,1436,0,,2026-09-13 20:35:56,2026-09-13 20:59:52
C202609000010,U10260,P10019,8,CHATSESS767741,投诉建议,2,1,149,1055,1,下单,2026-09-02 15:57:07,2026-09-02 16:14:42
C202609000011,U10041,P10018,9,CHATSESS459578,物流查询,1,1,243,1337,0,,2026-09-06 20:27:32,2026-09-06 20:49:49
C202609000012,U10045,P10016,3,CHATSESS634432,其他,5,2,267,650,1,加购,2026-09-10 19:50:22,2026-09-10 20:01:12
C202609000013,U10276,P10012,4,CHATSESS974707,物流查询,5,5,7,674,1,加购,2026-09-01 00:01:57,2026-09-01 00:13:11
C202609000014,U10197,P10009,1,CHATSESS715900,物流查询,7,6,73,1639,0,,2026-09-13 02:02:14,2026-09-13 02:29:33
C202609000015,U10132,P10019,5,CHATSESS352830,物流查询,3,3,102,1702,1,加购,2026-09-06 05:56:01,2026-09-06 06:24:23
C202609000016,U10494,P10007,6,CHATSESS820918,商品咨询,2,0,0,1006,1,下单,2026-09-09 18:49:29,2026-09-09 19:06:15
C202609000017,U10172,P10007,3,CHATSESS935963,售后问题,2,2,176,1181,0,,2026-09-11 22:13:46,2026-09-11 22:33:27
C202609000018,U10138,P10014,10,CHATSESS386974,商品咨询,3,2,49,501,0,,2026-09-03 12:06:17,2026-09-03 12:14:38
C202609000019,U10295,P10002,7,CHATSESS571085,投诉建议,6,4,68,666,1,加购,2026-09-05 14:23:21,2026-09-05 14:34:27
C202609000020,U10454,P10007,4,CHATSESS233540,售后问题,1,1,122,1350,0,,2026-09-13 13:04:49,2026-09-13 13:27:19
C202609000021,U10060,P10015,7,CHATSESS958795,商品咨询,6,2,6,1148,1,下单,2026-09-01 20:11:47,2026-09-01 20:30:55
C202609000022,U10158,P10015,7,CHATSESS242318,物流查询,6,0,0,548,1,加购,2026-09-06 10:07:39,2026-09-06 10:16:47
C202609000023,U10209,P10014,7,CHATSESS378530,商品咨询,7,6,252,350,0,,2026-09-07 02:35:16,2026-09-07 02:41:06
C202609000024,U10454,P10006,1,CHATSESS815299,价格活动,5,0,0,1116,0,,2026-09-09 06:07:25,2026-09-09 06:26:01
C202609000025,U10044,P10006,8,CHATSESS389714,其他,8,7,209,384,1,下单,2026-09-05 15:55:59,2026-09-05 16:02:23
C202609000026,U10330,P10014,1,CHATSESS258128,物流查询,1,1,222,346,0,,2026-09-14 13:11:06,2026-09-14 13:16:52
C202609000027,U10084,P10011,8,CHATSESS850426,价格活动,1,1,145,1687,0,,2026-09-11 00:52:18,2026-09-11 01:20:25
C202609000028,U10471,P10007,9,CHATSESS405790,商品咨询,7,3,153,316,1,加购,2026-09-08 12:32:48,2026-09-08 12:38:04
C202609000029,U10050,P10012,2,CHATSESS561657,其他,6,5,53,1373,1,加购,2026-09-05 22:26:07,2026-09-05 22:49:00
C202609000030,U10365,P10017,8,CHATSESS371880,商品咨询,4,3,79,1643,1,加购,2026-09-12 06:17:20,2026-09-12 06:44:43
C202609000031,U10329,P10010,3,CHATSESS382979,商品咨询,4,4,121,1768,1,下单,2026-09-03 17:41:00,2026-09-03 18:10:28
C202609000032,U10169,P10017,8,CHATSESS865681,物流查询,7,0,0,283,0,,2026-09-01 22:37:45,2026-09-01 22:42:28
C202609000033,U10029,P10005,3,CHATSESS478600,商品咨询,2,1,182,1193,1,下单,2026-09-05 18:28:35,2026-09-05 18:48:28
C202609000034,U10467,P10015,2,CHATSESS891067,投诉建议,7,3,7,375,0,,2026-09-02 18:58:59,2026-09-02 19:05:14
C202609000035,U10425,P10012,4,CHATSESS356350,物流查询,6,1,260,1124,1,加购,2026-09-13 11:31:16,2026-09-13 11:50:00
C202609000036,U10110,P10003,1,CHATSESS184040,物流查询,3,1,221,955,1,加购,2026-09-10 13:27:15,2026-09-10 13:43:10
C202609000037,U10169,P10019,3,CHATSESS565290,价格活动,6,1,67,1588,0,,2026-09-05 15:38:45,2026-09-05 16:05:13
C202609000038,U10176,P10009,3,CHATSESS868365,物流查询,3,3,227,158,1,加购,2026-09-09 12:34:49,2026-09-09 12:37:27
C202609000039,U10153,P10001,5,CHATSESS539635,售后问题,6,2,122,1349,1,加购,2026-09-02 22:31:27,2026-09-02 22:53:56
C202609000040,U10145,P10018,1,CHATSESS849786,商品咨询,8,2,12,1766,0,,2026-09-06 17:51:36,2026-09-06 18:21:02
C202609000041,U10454,P10020,5,CHATSESS186096,其他,8,0,0,1630,0,,2026-09-03 03:36:15,2026-09-03 04:03:25
C202609000042,U10044,P10017,3,CHATSESS322814,售后问题,5,5,174,1281,0,,2026-09-06 01:52:03,2026-09-06 02:13:24
C202609000043,U10218,P10015,4,CHATSESS310640,物流查询,6,5,241,1017,1,下单,2026-09-08 03:21:27,2026-09-08 03:38:24
C202609000044,U10093,P10014,10,CHATSESS236899,物流查询,4,0,0,501,0,,2026-09-14 08:25:54,2026-09-14 08:34:15
C202609000045,U10225,P10008,3,CHATSESS980133,售后问题,1,0,0,1485,0,,2026-09-13 17:26:18,2026-09-13 17:51:03
C202609000046,U10499,P10019,6,CHATSESS576130,商品咨询,6,4,54,390,0,,2026-09-09 04:44:52,2026-09-09 04:51:22
C202609000047,U10195,P10011,10,CHATSESS744014,售后问题,5,5,151,209,0,,2026-09-10 21:07:48,2026-09-10 21:11:17
C202609000048,U10216,P10008,10,CHATSESS708610,价格活动,6,1,56,374,0,,2026-09-05 02:15:06,2026-09-05 02:21:20
C202609000049,U10097,P10014,1,CHATSESS871255,商品咨询,3,0,0,834,1,加购,2026-09-10 14:45:23,2026-09-10 14:59:17
C202609000050,U10455,P10015,6,CHATSESS139196,商品咨询,4,3,212,804,0,,2026-09-13 04:18:53,2026-09-13 04:32:17
C202609000051,U10088,P10003,9,CHATSESS592293,售后问题,1,1,229,1073,1,加购,2026-09-05 03:03:36,2026-09-05 03:21:29
C202609000052,U10383,P10007,7,CHATSESS422657,投诉建议,7,6,94,532,1,加购,2026-09-09 11:38:28,2026-09-09 11:47:20
C202609000053,U10292,P10015,4,CHATSESS662534,商品咨询,3,0,0,1657,0,,2026-09-10 14:43:21,2026-09-10 15:10:58
C202609000054,U10387,P10001,1,CHATSESS228043,物流查询,4,3,239,332,1,加购,2026-09-11 21:54:36,2026-09-11 22:00:08
C202609000055,U10265,P10003,3,CHATSESS730872,商品咨询,8,1,27,142,1,加购,2026-09-05 07:16:31,2026-09-05 07:18:53
C202609000056,U10093,P10013,8,CHATSESS159669,售后问题,8,5,98,405,1,下单,2026-09-03 01:24:32,2026-09-03 01:31:17
C202609000057,U10164,P10013,1,CHATSESS594223,售后问题,2,1,242,1360,1,下单,2026-09-13 00:49:20,2026-09-13 01:12:00
C202609000058,U10151,P10020,6,CHATSESS803342,售后问题,6,0,0,587,1,加购,2026-09-02 17:08:46,2026-09-02 17:18:33
C202609000059,U10079,P10016,3,CHATSESS340125,价格活动,1,1,130,690,1,加购,2026-09-01 20:48:02,2026-09-01 20:59:32
C202609000060,U10193,P10008,3,CHATSESS652947,商品咨询,6,5,206,173,0,,2026-09-12 07:22:24,2026-09-12 07:25:17
C202609000061,U10007,P10011,3,CHATSESS211729,商品咨询,5,4,81,1273,0,,2026-09-05 22:20:15,2026-09-05 22:41:28
C202609000062,U10307,P10012,1,CHATSESS695635,商品咨询,5,4,292,666,1,加购,2026-09-11 20:45:33,2026-09-11 20:56:39
C202609000063,U10138,P10006,6,CHATSESS367156,其他,2,0,0,1430,1,下单,2026-09-07 21:36:08,2026-09-07 21:59:58
C202609000064,U10493,P10020,5,CHATSESS385365,物流查询,3,2,34,1015,0,,2026-09-05 21:28:29,2026-09-05 21:45:24
C202609000065,U10363,P10019,5,CHATSESS384701,售后问题,8,8,269,1671,0,,2026-09-09 19:50:23,2026-09-09 20:18:14
C202609000066,U10426,P10020,10,CHATSESS999440,物流查询,6,0,0,985,1,加购,2026-09-05 13:12:49,2026-09-05 13:29:14
C202609000067,U10425,P10018,7,CHATSESS365338,商品咨询,5,2,220,717,1,加购,2026-09-13 11:58:04,2026-09-13 12:10:01
C202609000068,U10338,P10008,10,CHATSESS481401,商品咨询,6,1,96,645,0,,2026-09-04 03:07:40,2026-09-04 03:18:25
C202609000069,U10100,P10012,5,CHATSESS677991,商品咨询,2,1,112,38,1,加购,2026-09-10 07:14:07,2026-09-10 07:14:45
C202609000070,U10250,P10012,2,CHATSESS581097,商品咨询,4,2,142,1247,1,加购,2026-09-13 20:16:58,2026-09-13 20:37:45
C202609000071,U10013,P10005,4,CHATSESS462418,价格活动,8,6,299,146,0,,2026-09-04 02:07:22,2026-09-04 02:09:48
C202609000072,U10462,P10006,6,CHATSESS588354,物流查询,8,7,247,418,1,加购,2026-09-13 10:50:15,2026-09-13 10:57:13
C202609000073,U10492,P10012,8,CHATSESS480551,售后问题,7,2,46,224,1,下单,2026-09-06 17:10:30,2026-09-06 17:14:14
C202609000074,U10214,P10002,6,CHATSESS104435,商品咨询,2,2,262,1258,0,,2026-09-07 05:42:39,2026-09-07 06:03:37
C202609000075,U10326,P10012,6,CHATSESS219675,商品咨询,6,3,92,1460,0,,2026-09-11 12:25:19,2026-09-11 12:49:39
C202609000076,U10443,P10007,3,CHATSESS240937,价格活动,7,1,146,1095,0,,2026-09-08 15:58:47,2026-09-08 16:17:02
C202609000077,U10111,P10002,9,CHATSESS777337,售后问题,1,1,155,1692,0,,2026-09-08 20:40:54,2026-09-08 21:09:06
C202609000078,U10310,P10013,7,CHATSESS397391,商品咨询,4,1,214,1024,0,,2026-09-04 06:35:10,2026-09-04 06:52:14
C202609000079,U10170,P10005,2,CHATSESS448689,商品咨询,1,1,109,1462,0,,2026-09-09 20:47:43,2026-09-09 21:12:05
C202609000080,U10011,P10002,5,CHATSESS719995,其他,8,0,0,395,0,,2026-09-07 14:34:46,2026-09-07 14:41:21
C202609000081,U10485,P10016,8,CHATSESS201664,投诉建议,5,4,259,859,0,,2026-09-04 18:37:33,2026-09-04 18:51:52
C202609000082,U10466,P10008,2,CHATSESS887587,物流查询,4,2,200,885,0,,2026-09-07 06:44:40,2026-09-07 06:59:25
C202609000083,U10263,P10007,1,CHATSESS330723,商品咨询,6,3,150,1054,0,,2026-09-04 01:07:54,2026-09-04 01:25:28
C202609000084,U10413,P10014,6,CHATSESS116987,售后问题,3,0,0,273,1,加购,2026-09-03 17:55:43,2026-09-03 18:00:16
C202609000085,U10041,P10011,9,CHATSESS165247,投诉建议,6,3,86,942,1,加购,2026-09-06 07:21:48,2026-09-06 07:37:30
C202609000086,U10315,P10004,2,CHATSESS927210,商品咨询,5,4,208,177,0,,2026-09-09 08:13:34,2026-09-09 08:16:31
C202609000087,U10252,P10002,2,CHATSESS253924,物流查询,8,5,257,996,1,加购,2026-09-01 09:29:11,2026-09-01 09:45:47
C202609000088,U10294,P10017,1,CHATSESS994812,投诉建议,2,2,62,981,1,下单,2026-09-09 03:00:11,2026-09-09 03:16:32
C202609000089,U10464,P10007,3,CHATSESS830726,商品咨询,3,3,202,763,0,,2026-09-01 23:33:12,2026-09-01 23:45:55
C202609000090,U10109,P10013,2,CHATSESS700690,商品咨询,7,7,61,1141,0,,2026-09-06 12:45:36,2026-09-06 13:04:37
C202609000091,U10303,P10019,8,CHATSESS794134,价格活动,4,1,258,278,1,加购,2026-09-02 21:09:45,2026-09-02 21:14:23
C202609000092,U10416,P10004,4,CHATSESS233941,物流查询,2,2,74,893,1,加购,2026-09-05 13:33:18,2026-09-05 13:48:11
C202609000093,U10232,P10020,5,CHATSESS685504,价格活动,1,1,227,1101,0,,2026-09-12 03:24:27,2026-09-12 03:42:48
C202609000094,U10245,P10001,8,CHATSESS537735,物流查询,2,0,0,233,1,加购,2026-09-02 19:27:55,2026-09-02 19:31:48
C202609000095,U10042,P10014,4,CHATSESS457845,物流查询,5,3,245,101,0,,2026-09-14 00:49:01,2026-09-14 00:50:42
C202609000096,U10464,P10018,2,CHATSESS938593,物流查询,5,1,95,526,1,加购,2026-09-07 01:20:41,2026-09-07 01:29:27
C202609000097,U10080,P10010,1,CHATSESS625338,售后问题,3,1,248,1335,1,加购,2026-09-01 03:06:35,2026-09-01 03:28:50
C202609000098,U10270,P10014,8,CHATSESS255605,物流查询,6,4,191,776,1,加购,2026-09-12 04:20:10,2026-09-12 04:33:06
C202609000099,U10252,P10009,2,CHATSESS741917,物流查询,6,3,272,140,1,加购,2026-09-01 22:33:22,2026-09-01 22:35:42
C202609000100,U10081,P10004,5,CHATSESS527244,价格活动,4,2,165,981,0,,2026-09-01 16:39:44,2026-09-01 16:56:05
C202609000101,U10440,P10008,10,CHATSESS364501,物流查询,2,0,0,1072,0,,2026-09-05 20:59:07,2026-09-05 21:16:59
C202609000102,U10500,P10011,8,CHATSESS199500,售后问题,6,3,92,1637,1,下单,2026-09-05 12:41:54,2026-09-05 13:09:11
C202609000103,U10026,P10017,9,CHATSESS692757,价格活动,1,1,153,1171,0,,2026-09-06 14:11:45,2026-09-06 14:31:16
C202609000104,U10272,P10018,9,CHATSESS638996,商品咨询,7,1,186,1272,0,,2026-09-06 03:53:40,2026-09-06 04:14:52
C202609000105,U10281,P10013,4,CHATSESS446111,售后问题,4,3,179,783,0,,2026-09-07 14:55:17,2026-09-07 15:08:20
C202609000106,U10048,P10016,3,CHATSESS668472,物流查询,4,0,0,1088,1,下单,2026-09-04 11:44:12,2026-09-04 12:02:20
C202609000107,U10062,P10010,10,CHATSESS732268,物流查询,1,1,28,269,0,,2026-09-05 22:43:36,2026-09-05 22:48:05
C202609000108,U10233,P10002,9,CHATSESS885497,物流查询,6,4,187,624,0,,2026-09-08 02:54:15,2026-09-08 03:04:39
C202609000109,U10386,P10012,6,CHATSESS780746,物流查询,7,6,90,1191,0,,2026-09-02 07:45:45,2026-09-02 08:05:36
C202609000110,U10141,P10001,10,CHATSESS451109,商品咨询,7,3,220,1395,0,,2026-09-06 20:54:52,2026-09-06 21:18:07
C202609000111,U10029,P10005,1,CHATSESS770052,售后问题,4,1,212,595,1,加购,2026-09-12 09:00:54,2026-09-12 09:10:49
C202609000112,U10500,P10017,4,CHATSESS277551,商品咨询,6,0,0,1199,0,,2026-09-08 18:33:02,2026-09-08 18:53:01
C202609000113,U10358,P10015,1,CHATSESS978359,价格活动,8,0,0,224,0,,2026-09-01 19:15:57,2026-09-01 19:19:41
C202609000114,U10370,P10019,7,CHATSESS103693,商品咨询,7,2,166,850,0,,2026-09-08 07:56:36,2026-09-08 08:10:46
C202609000115,U10094,P10018,5,CHATSESS722222,物流查询,5,0,0,1291,0,,2026-09-07 04:39:37,2026-09-07 05:01:08
C202609000116,U10227,P10014,5,CHATSESS969209,价格活动,6,0,0,978,0,,2026-09-14 08:55:29,2026-09-14 09:11:47
C202609000117,U10149,P10009,4,CHATSESS892852,物流查询,6,1,32,1301,0,,2026-09-08 17:56:05,2026-09-08 18:17:46
C202609000118,U10183,P10012,6,CHATSESS505571,商品咨询,7,3,235,1308,1,加购,2026-09-06 09:21:19,2026-09-06 09:43:07
C202609000119,U10155,P10018,5,CHATSESS526163,价格活动,5,3,133,59,0,,2026-09-02 13:26:43,2026-09-02 13:27:42
C202609000120,U10249,P10018,3,CHATSESS620911,商品咨询,6,3,157,314,1,加购,2026-09-03 11:54:33,2026-09-03 11:59:47
C202609000121,U10450,P10015,10,CHATSESS367080,商品咨询,1,1,52,1414,0,,2026-09-12 14:16:37,2026-09-12 14:40:11
C202609000122,U10200,P10016,4,CHATSESS431298,物流查询,6,0,0,95,0,,2026-09-01 02:50:32,2026-09-01 02:52:07
C202609000123,U10100,P10008,2,CHATSESS914723,商品咨询,8,8,50,213,0,,2026-09-11 11:08:22,2026-09-11 11:11:55
C202609000124,U10139,P10001,1,CHATSESS284261,其他,2,2,146,101,0,,2026-09-11 14:07:44,2026-09-11 14:09:25
C202609000125,U10119,P10011,7,CHATSESS323268,其他,6,1,258,1426,0,,2026-09-11 08:31:01,2026-09-11 08:54:47
C202609000126,U10061,P10018,7,CHATSESS430052,商品咨询,5,1,109,532,0,,2026-09-07 06:24:24,2026-09-07 06:33:16
C202609000127,U10320,P10002,6,CHATSESS675848,商品咨询,8,0,0,1600,0,,2026-09-08 12:36:14,2026-09-08 13:02:54
C202609000128,U10186,P10019,6,CHATSESS993021,物流查询,2,1,217,915,1,加购,2026-09-08 13:26:03,2026-09-08 13:41:18
C202609000129,U10492,P10011,9,CHATSESS822868,售后问题,8,0,0,213,1,加购,2026-09-05 01:11:44,2026-09-05 01:15:17
C202609000130,U10146,P10017,5,CHATSESS609909,物流查询,6,5,234,575,0,,2026-09-06 16:51:02,2026-09-06 17:00:37
C202609000131,U10163,P10005,7,CHATSESS190693,物流查询,4,0,0,982,0,,2026-09-12 08:05:27,2026-09-12 08:21:49
C202609000132,U10428,P10020,6,CHATSESS210674,投诉建议,5,1,229,1231,0,,2026-09-11 14:33:42,2026-09-11 14:54:13
C202609000133,U10232,P10017,10,CHATSESS674405,商品咨询,2,2,29,983,1,下单,2026-09-03 10:01:01,2026-09-03 10:17:24
C202609000134,U10124,P10001,10,CHATSESS983174,物流查询,6,0,0,1486,0,,2026-09-12 04:57:50,2026-09-12 05:22:36
C202609000135,U10204,P10008,2,CHATSESS113320,商品咨询,8,5,101,1127,0,,2026-09-06 20:30:59,2026-09-06 20:49:46
C202609000136,U10207,P10016,8,CHATSESS651849,商品咨询,6,0,0,1537,0,,2026-09-11 12:24:56,2026-09-11 12:50:33
C202609000137,U10387,P10007,7,CHATSESS975062,投诉建议,2,1,26,314,0,,2026-09-03 09:58:27,2026-09-03 10:03:41
C202609000138,U10020,P10009,9,CHATSESS509675,物流查询,4,4,100,1580,0,,2026-09-04 11:14:31,2026-09-04 11:40:51
C202609000139,U10384,P10013,9,CHATSESS260141,商品咨询,3,1,74,1566,0,,2026-09-12 02:16:42,2026-09-12 02:42:48
C202609000140,U10297,P10014,7,CHATSESS565883,商品咨询,7,4,146,867,0,,2026-09-04 20:47:53,2026-09-04 21:02:20
C202609000141,U10339,P10019,3,CHATSESS791339,商品咨询,2,2,185,1263,1,下单,2026-09-10 10:35:40,2026-09-10 10:56:43
C202609000142,U10116,P10004,2,CHATSESS761593,商品咨询,2,1,78,755,0,,2026-09-03 16:57:11,2026-09-03 17:09:46
C202609000143,U10428,P10004,3,CHATSESS908419,其他,7,3,45,602,0,,2026-09-03 04:10:53,2026-09-03 04:20:55
C202609000144,U10223,P10012,4,CHATSESS425477,价格活动,2,0,0,93,0,,2026-09-02 09:00:24,2026-09-02 09:01:57
C202609000145,U10249,P10014,4,CHATSESS301472,投诉建议,5,3,144,1442,0,,2026-09-12 22:12:02,2026-09-12 22:36:04
C202609000146,U10220,P10015,2,CHATSESS731177,物流查询,4,4,196,398,0,,2026-09-11 20:08:37,2026-09-11 20:15:15
C202609000147,U10178,P10017,2,CHATSESS744427,商品咨询,5,5,193,888,1,加购,2026-09-12 04:52:16,2026-09-12 05:07:04
C202609000148,U10341,P10013,7,CHATSESS777248,售后问题,4,3,269,801,0,,2026-09-02 09:06:48,2026-09-02 09:20:09
C202609000149,U10029,P10002,8,CHATSESS765336,物流查询,3,3,284,1385,0,,2026-09-11 08:41:40,2026-09-11 09:04:45
C202609000150,U10113,P10003,9,CHATSESS862511,价格活动,3,1,33,516,0,,2026-09-13 01:48:58,2026-09-13 01:57:34
C202609000151,U10023,P10008,10,CHATSESS899396,售后问题,1,0,0,146,1,加购,2026-09-08 12:34:26,2026-09-08 12:36:52
C202609000152,U10292,P10001,2,CHATSESS516456,商品咨询,5,5,23,739,0,,2026-09-07 16:41:57,2026-09-07 16:54:16
C202609000153,U10229,P10015,4,CHATSESS978480,商品咨询,3,3,10,897,0,,2026-09-12 09:55:02,2026-09-12 10:09:59
C202609000154,U10498,P10016,9,CHATSESS663498,价格活动,4,1,208,783,1,加购,2026-09-11 17:32:34,2026-09-11 17:45:37
C202609000155,U10048,P10008,10,CHATSESS125830,商品咨询,6,6,41,1278,0,,2026-09-12 07:23:47,2026-09-12 07:45:05
C202609000156,U10270,P10013,3,CHATSESS647412,物流查询,2,0,0,1109,0,,2026-09-09 07:15:48,2026-09-09 07:34:17
C202609000157,U10170,P10011,6,CHATSESS126685,商品咨询,4,0,0,1011,0,,2026-09-12 09:25:31,2026-09-12 09:42:22
C202609000158,U10479,P10018,6,CHATSESS197731,商品咨询,4,4,93,322,0,,2026-09-11 07:32:53,2026-09-11 07:38:15
C202609000159,U10049,P10017,10,CHATSESS741336,物流查询,3,1,206,854,0,,2026-09-04 20:40:29,2026-09-04 20:54:43
C202609000160,U10012,P10015,2,CHATSESS369419,售后问题,8,2,42,1539,0,,2026-09-13 23:58:35,2026-09-14 00:24:14
C202609000161,U10309,P10010,6,CHATSESS571892,价格活动,4,4,50,1423,1,加购,2026-09-01 20:18:14,2026-09-01 20:41:57
C202609000162,U10461,P10005,1,CHATSESS600831,售后问题,6,5,146,1600,1,下单,2026-09-10 03:06:08,2026-09-10 03:32:48
C202609000163,U10427,P10020,10,CHATSESS431309,物流查询,2,2,15,288,0,,2026-09-02 12:38:02,2026-09-02 12:42:50
C202609000164,U10464,P10003,4,CHATSESS760654,商品咨询,5,5,270,963,1,加购,2026-09-11 16:31:36,2026-09-11 16:47:39
C202609000165,U10449,P10016,2,CHATSESS179873,商品咨询,6,6,128,928,0,,2026-09-05 14:48:22,2026-09-05 15:03:50
C202609000166,U10445,P10020,2,CHATSESS156450,物流查询,5,4,7,947,0,,2026-09-02 15:53:11,2026-09-02 16:08:58
C202609000167,U10252,P10014,3,CHATSESS727353,售后问题,8,8,141,1584,0,,2026-09-08 16:17:38,2026-09-08 16:44:02
C202609000168,U10439,P10017,5,CHATSESS401687,投诉建议,4,3,125,1602,0,,2026-09-06 18:22:21,2026-09-06 18:49:03
C202609000169,U10031,P10019,2,CHATSESS403066,物流查询,5,4,172,913,0,,2026-09-14 21:11:40,2026-09-14 21:26:53
C202609000170,U10386,P10006,1,CHATSESS383265,商品咨询,8,0,0,1761,0,,2026-09-01 08:53:49,2026-09-01 09:23:10
C202609000171,U10142,P10006,7,CHATSESS448949,商品咨询,6,1,16,1344,0,,2026-09-14 00:27:07,2026-09-14 00:49:31
C202609000172,U10324,P10015,6,CHATSESS452693,售后问题,8,8,34,766,1,加购,2026-09-03 02:12:49,2026-09-03 02:25:35
C202609000173,U10194,P10018,1,CHATSESS855542,商品咨询,8,8,232,692,0,,2026-09-11 17:46:00,2026-09-11 17:57:32
C202609000174,U10444,P10004,8,CHATSESS138174,物流查询,8,0,0,118,0,,2026-09-04 21:35:45,2026-09-04 21:37:43
C202609000175,U10466,P10016,10,CHATSESS796852,物流查询,4,3,153,355,1,加购,2026-09-07 12:23:17,2026-09-07 12:29:12
C202609000176,U10324,P10008,4,CHATSESS243958,商品咨询,2,2,33,1572,0,,2026-09-11 09:23:04,2026-09-11 09:49:16
C202609000177,U10442,P10006,3,CHATSESS271439,其他,8,4,28,60,1,下单,2026-09-14 20:31:04,2026-09-14 20:32:04
C202609000178,U10355,P10013,6,CHATSESS969828,价格活动,4,1,276,496,0,,2026-09-03 20:07:12,2026-09-03 20:15:28
C202609000179,U10139,P10014,7,CHATSESS166060,价格活动,5,5,99,1422,0,,2026-09-07 17:40:10,2026-09-07 18:03:52
C202609000180,U10374,P10002,1,CHATSESS355779,投诉建议,2,2,259,421,1,加购,2026-09-07 16:40:43,2026-09-07 16:47:44
C202609000181,U10027,P10010,2,CHATSESS198659,商品咨询,6,4,206,204,0,,2026-09-07 05:27:17,2026-09-07 05:30:41
C202609000182,U10207,P10010,9,CHATSESS712049,售后问题,6,1,44,1086,0,,2026-09-02 19:04:35,2026-09-02 19:22:41
C202609000183,U10127,P10018,2,CHATSESS974664,其他,3,1,84,755,1,加购,2026-09-08 23:05:58,2026-09-08 23:18:33
C202609000184,U10289,P10008,1,CHATSESS931241,商品咨询,7,2,20,949,1,下单,2026-09-10 17:59:01,2026-09-10 18:14:50
C202609000185,U10253,P10014,6,CHATSESS810512,物流查询,8,5,216,593,1,下单,2026-09-13 08:21:31,2026-09-13 08:31:24
C202609000186,U10422,P10009,2,CHATSESS328054,售后问题,1,1,31,1164,0,,2026-09-10 00:29:09,2026-09-10 00:48:33
C202609000187,U10058,P10020,8,CHATSESS555266,物流查询,7,0,0,225,1,下单,2026-09-07 21:03:57,2026-09-07 21:07:42
C202609000188,U10345,P10012,1,CHATSESS179024,商品咨询,7,7,193,357,0,,2026-09-06 16:59:58,2026-09-06 17:05:55
C202609000189,U10064,P10013,5,CHATSESS862877,物流查询,7,6,7,994,1,下单,2026-09-13 05:38:15,2026-09-13 05:54:49
C202609000190,U10446,P10020,3,CHATSESS214344,商品咨询,1,0,0,921,0,,2026-09-09 02:24:27,2026-09-09 02:39:48
C202609000191,U10040,P10002,3,CHATSESS977513,物流查询,4,1,77,513,0,,2026-09-09 22:43:45,2026-09-09 22:52:18
C202609000192,U10036,P10001,2,CHATSESS378502,物流查询,8,0,0,343,1,加购,2026-09-09 07:38:56,2026-09-09 07:44:39
C202609000193,U10164,P10010,5,CHATSESS139265,商品咨询,1,0,0,1333,1,下单,2026-09-02 19:47:43,2026-09-02 20:09:56
C202609000194,U10198,P10003,1,CHATSESS190934,商品咨询,5,3,30,742,0,,2026-09-13 09:36:28,2026-09-13 09:48:50
C202609000195,U10058,P10002,7,CHATSESS220797,物流查询,7,5,67,493,0,,2026-09-08 06:29:24,2026-09-08 06:37:37
C202609000196,U10231,P10006,6,CHATSESS808893,商品咨询,7,4,234,891,0,,2026-09-06 20:01:38,2026-09-06 20:16:29
C202609000197,U10028,P10005,9,CHATSESS402170,价格活动,4,4,291,94,0,,2026-09-14 18:38:56,2026-09-14 18:40:30
C202609000198,U10343,P10016,8,CHATSESS470200,商品咨询,3,1,251,1017,1,下单,2026-09-05 12:39:15,2026-09-05 12:56:12
C202609000199,U10002,P10017,7,CHATSESS516591,物流查询,7,4,199,716,1,加购,2026-09-03 22:33:06,2026-09-03 22:45:02
C202609000200,U10293,P10017,7,CHATSESS787709,商品咨询,5,4,171,1452,1,下单,2026-09-06 19:43:52,2026-09-06 20:08:04
C202609000201,U10282,P10015,8,CHATSESS183741,售后问题,1,1,116,1787,0,,2026-09-13 12:54:21,2026-09-13 13:24:08
C202609000202,U10096,P10006,8,CHATSESS201431,物流查询,7,7,236,1368,1,下单,2026-09-02 19:06:26,2026-09-02 19:29:14
C202609000203,U10084,P10001,4,CHATSESS811967,价格活动,8,8,9,689,0,,2026-09-14 17:17:49,2026-09-14 17:29:18
C202609000204,U10291,P10013,8,CHATSESS142033,其他,7,0,0,89,0,,2026-09-02 16:58:06,2026-09-02 16:59:35
C202609000205,U10305,P10005,4,CHATSESS628696,价格活动,3,3,61,589,0,,2026-09-01 22:52:06,2026-09-01 23:01:55
C202609000206,U10151,P10007,9,CHATSESS732351,物流查询,4,3,171,548,0,,2026-09-05 08:18:47,2026-09-05 08:27:55
C202609000207,U10116,P10020,10,CHATSESS522388,物流查询,7,5,73,1234,1,加购,2026-09-01 09:39:37,2026-09-01 10:00:11
C202609000208,U10281,P10015,4,CHATSESS862092,物流查询,2,2,154,1093,1,加购,2026-09-13 18:52:11,2026-09-13 19:10:24
C202609000209,U10449,P10012,4,CHATSESS411289,售后问题,8,3,63,1603,0,,2026-09-02 07:09:48,2026-09-02 07:36:31
C202609000210,U10070,P10006,3,CHATSESS491033,物流查询,7,0,0,531,1,加购,2026-09-01 06:07:37,2026-09-01 06:16:28
C202609000211,U10146,P10002,3,CHATSESS883407,其他,2,2,252,116,1,下单,2026-09-04 21:57:09,2026-09-04 21:59:05
C202609000212,U10193,P10012,4,CHATSESS731170,投诉建议,5,0,0,164,0,,2026-09-14 04:51:52,2026-09-14 04:54:36
C202609000213,U10116,P10012,8,CHATSESS428749,商品咨询,5,0,0,1786,1,加购,2026-09-05 20:21:31,2026-09-05 20:51:17
C202609000214,U10360,P10004,10,CHATSESS790376,投诉建议,3,1,160,1692,0,,2026-09-12 08:03:34,2026-09-12 08:31:46
C202609000215,U10368,P10018,6,CHATSESS315752,价格活动,1,1,133,1050,0,,2026-09-03 16:52:31,2026-09-03 17:10:01
C202609000216,U10124,P10011,6,CHATSESS250593,价格活动,8,1,180,1201,1,加购,2026-09-07 20:25:40,2026-09-07 20:45:41
C202609000217,U10046,P10001,6,CHATSESS514100,其他,6,1,192,112,0,,2026-09-08 06:59:11,2026-09-08 07:01:03
C202609000218,U10489,P10004,7,CHATSESS654315,价格活动,1,1,277,900,1,加购,2026-09-14 21:04:33,2026-09-14 21:19:33
C202609000219,U10315,P10006,6,CHATSESS990713,商品咨询,2,2,27,1230,1,下单,2026-09-11 04:55:31,2026-09-11 05:16:01
C202609000220,U10245,P10008,4,CHATSESS771738,商品咨询,2,1,271,557,1,下单,2026-09-03 05:00:14,2026-09-03 05:09:31
C202609000221,U10453,P10012,4,CHATSESS771275,售后问题,1,1,185,920,1,加购,2026-09-03 12:35:10,2026-09-03 12:50:30
C202609000222,U10467,P10005,10,CHATSESS329118,物流查询,3,1,163,1425,0,,2026-09-02 11:46:15,2026-09-02 12:10:00
C202609000223,U10166,P10003,1,CHATSESS388449,商品咨询,3,2,218,1534,1,下单,2026-09-08 20:11:17,2026-09-08 20:36:51
C202609000224,U10359,P10005,4,CHATSESS918429,其他,5,1,140,1578,0,,2026-09-09 23:13:02,2026-09-09 23:39:20
C202609000225,U10091,P10001,6,CHATSESS976490,售后问题,6,2,67,1263,1,加购,2026-09-07 09:17:03,2026-09-07 09:38:06
C202609000226,U10253,P10008,7,CHATSESS369125,商品咨询,2,1,263,1585,1,加购,2026-09-10 19:55:36,2026-09-10 20:22:01
C202609000227,U10325,P10010,10,CHATSESS579362,售后问题,6,5,71,489,0,,2026-09-09 07:03:05,2026-09-09 07:11:14
C202609000228,U10038,P10005,3,CHATSESS216160,投诉建议,6,6,28,1252,1,下单,2026-09-01 09:05:11,2026-09-01 09:26:03
C202609000229,U10080,P10012,4,CHATSESS374046,商品咨询,1,1,224,783,1,下单,2026-09-08 10:21:07,2026-09-08 10:34:10
C202609000230,U10088,P10003,5,CHATSESS171964,商品咨询,3,3,12,1026,0,,2026-09-05 17:17:00,2026-09-05 17:34:06
C202609000231,U10164,P10011,2,CHATSESS188313,商品咨询,2,0,0,85,0,,2026-09-12 11:49:34,2026-09-12 11:50:59
C202609000232,U10324,P10005,10,CHATSESS720298,其他,4,4,32,370,1,加购,2026-09-09 05:47:59,2026-09-09 05:54:09
C202609000233,U10082,P10005,4,CHATSESS725989,商品咨询,2,1,285,1095,0,,2026-09-11 14:49:37,2026-09-11 15:07:52
C202609000234,U10046,P10002,10,CHATSESS416202,售后问题,1,1,125,1230,1,加购,2026-09-13 05:13:42,2026-09-13 05:34:12
C202609000235,U10357,P10014,8,CHATSESS613857,物流查询,6,6,68,383,1,加购,2026-09-02 09:54:27,2026-09-02 10:00:50
C202609000236,U10209,P10005,2,CHATSESS119054,售后问题,2,1,266,358,0,,2026-09-08 12:19:15,2026-09-08 12:25:13
C202609000237,U10177,P10015,4,CHATSESS766544,物流查询,7,1,277,848,0,,2026-09-08 09:42:45,2026-09-08 09:56:53
C202609000238,U10011,P10008,2,CHATSESS108029,商品咨询,8,6,210,534,0,,2026-09-08 13:05:25,2026-09-08 13:14:19
C202609000239,U10023,P10012,6,CHATSESS159474,价格活动,5,4,57,1327,0,,2026-09-10 12:45:02,2026-09-10 13:07:09
C202609000240,U10344,P10003,1,CHATSESS769831,物流查询,4,0,0,1411,0,,2026-09-03 17:29:36,2026-09-03 17:53:07
C202609000241,U10101,P10018,6,CHATSESS810014,投诉建议,6,2,82,283,1,加购,2026-09-13 11:52:00,2026-09-13 11:56:43
C202609000242,U10206,P10016,3,CHATSESS647563,投诉建议,3,1,21,1787,0,,2026-09-06 10:43:52,2026-09-06 11:13:39
C202609000243,U10141,P10009,9,CHATSESS425489,商品咨询,2,2,8,927,0,,2026-09-14 17:25:30,2026-09-14 17:40:57
C202609000244,U10316,P10013,4,CHATSESS251268,商品咨询,1,1,186,390,0,,2026-09-14 12:30:44,2026-09-14 12:37:14
C202609000245,U10038,P10017,6,CHATSESS905448,商品咨询,2,2,191,142,1,加购,2026-09-04 22:42:49,2026-09-04 22:45:11
C202609000246,U10485,P10013,6,CHATSESS898234,价格活动,5,1,175,268,0,,2026-09-14 13:05:39,2026-09-14 13:10:07
C202609000247,U10467,P10006,9,CHATSESS152471,商品咨询,7,0,0,144,0,,2026-09-02 10:47:27,2026-09-02 10:49:51
C202609000248,U10085,P10008,7,CHATSESS269217,物流查询,2,1,124,1509,0,,2026-09-03 09:52:09,2026-09-03 10:17:18
C202609000249,U10144,P10009,3,CHATSESS289243,商品咨询,5,5,12,1040,0,,2026-09-10 21:02:46,2026-09-10 21:20:06
C202609000250,U10177,P10006,7,CHATSESS990179,商品咨询,6,3,123,222,0,,2026-09-10 15:45:03,2026-09-10 15:48:45
C202609000251,U10091,P10003,4,CHATSESS741195,商品咨询,3,3,93,579,1,加购,2026-09-02 12:22:04,2026-09-02 12:31:43
C202609000252,U10042,P10003,9,CHATSESS706150,商品咨询,2,1,118,1092,0,,2026-09-08 05:26:31,2026-09-08 05:44:43
C202609000253,U10452,P10013,1,CHATSESS541467,其他,3,1,274,1070,0,,2026-09-05 09:43:36,2026-09-05 10:01:26
C202609000254,U10323,P10020,4,CHATSESS195052,物流查询,1,1,33,677,0,,2026-09-02 11:03:57,2026-09-02 11:15:14
C202609000255,U10412,P10017,6,CHATSESS354346,物流查询,5,3,132,1800,1,加购,2026-09-13 11:41:37,2026-09-13 12:11:37
C202609000256,U10188,P10015,2,CHATSESS789396,商品咨询,5,1,214,1456,1,加购,2026-09-01 20:16:30,2026-09-01 20:40:46
C202609000257,U10278,P10007,5,CHATSESS518992,价格活动,1,0,0,1410,0,,2026-09-03 23:24:49,2026-09-03 23:48:19
C202609000258,U10018,P10010,7,CHATSESS416867,物流查询,1,1,195,43,0,,2026-09-11 22:40:47,2026-09-11 22:41:30
C202609000259,U10340,P10001,1,CHATSESS281796,售后问题,1,0,0,795,1,下单,2026-09-08 03:44:20,2026-09-08 03:57:35
C202609000260,U10466,P10011,10,CHATSESS276134,商品咨询,8,5,251,400,0,,2026-09-01 19:14:48,2026-09-01 19:21:28
C202609000261,U10037,P10018,4,CHATSESS179194,价格活动,4,2,273,847,1,下单,2026-09-06 02:29:27,2026-09-06 02:43:34
C202609000262,U10381,P10011,3,CHATSESS978115,商品咨询,8,2,76,168,0,,2026-09-14 20:35:39,2026-09-14 20:38:27
C202609000263,U10316,P10018,8,CHATSESS518366,物流查询,8,8,270,1755,0,,2026-09-04 07:25:40,2026-09-04 07:54:55
C202609000264,U10013,P10002,3,CHATSESS787266,商品咨询,4,1,128,237,0,,2026-09-14 17:07:45,2026-09-14 17:11:42
C202609000265,U10187,P10008,6,CHATSESS387011,商品咨询,7,5,293,1527,1,下单,2026-09-06 23:12:46,2026-09-06 23:38:13
C202609000266,U10079,P10020,5,CHATSESS232031,商品咨询,6,6,221,827,0,,2026-09-03 15:47:18,2026-09-03 16:01:05
C202609000267,U10433,P10014,2,CHATSESS483514,商品咨询,8,4,153,1671,0,,2026-09-11 01:57:54,2026-09-11 02:25:45
C202609000268,U10028,P10013,3,CHATSESS271992,商品咨询,8,6,128,1388,0,,2026-09-14 06:46:26,2026-09-14 07:09:34
C202609000269,U10166,P10018,9,CHATSESS319056,价格活动,4,4,79,1742,0,,2026-09-05 09:01:16,2026-09-05 09:30:18
C202609000270,U10161,P10001,8,CHATSESS549678,商品咨询,2,2,236,620,1,加购,2026-09-12 01:36:25,2026-09-12 01:46:45
C202609000271,U10320,P10015,2,CHATSESS946049,价格活动,1,1,15,1003,0,,2026-09-04 11:57:01,2026-09-04 12:13:44
C202609000272,U10112,P10017,10,CHATSESS738190,物流查询,4,3,114,938,1,下单,2026-09-06 14:17:25,2026-09-06 14:33:03
C202609000273,U10308,P10015,8,CHATSESS455307,售后问题,2,2,16,606,1,下单,2026-09-02 23:18:49,2026-09-02 23:28:55
C202609000274,U10377,P10011,1,CHATSESS330346,价格活动,7,3,221,850,1,下单,2026-09-07 18:12:11,2026-09-07 18:26:21
C202609000275,U10096,P10014,6,CHATSESS197523,其他,1,1,261,222,0,,2026-09-02 19:43:29,2026-09-02 19:47:11
C202609000276,U10334,P10003,6,CHATSESS606539,售后问题,7,0,0,1678,1,加购,2026-09-02 17:20:03,2026-09-02 17:48:01
C202609000277,U10101,P10015,7,CHATSESS164086,物流查询,8,5,24,1601,1,下单,2026-09-02 15:09:51,2026-09-02 15:36:32
C202609000278,U10364,P10009,1,CHATSESS512171,物流查询,8,0,0,661,1,加购,2026-09-05 22:50:20,2026-09-05 23:01:21
C202609000279,U10038,P10001,7,CHATSESS556665,物流查询,7,3,137,115,1,下单,2026-09-14 19:24:18,2026-09-14 19:26:13
C202609000280,U10446,P10011,7,CHATSESS906097,价格活动,8,5,17,1325,0,,2026-09-10 21:51:51,2026-09-10 22:13:56
C202609000281,U10404,P10003,3,CHATSESS157366,商品咨询,5,3,198,64,1,下单,2026-09-11 14:01:40,2026-09-11 14:02:44
C202609000282,U10138,P10015,5,CHATSESS667250,商品咨询,5,3,225,900,1,加购,2026-09-13 21:41:30,2026-09-13 21:56:30
C202609000283,U10115,P10009,3,CHATSESS799667,投诉建议,3,1,98,1271,0,,2026-09-03 04:19:52,2026-09-03 04:41:03
C202609000284,U10486,P10018,6,CHATSESS770799,售后问题,7,2,172,1227,1,加购,2026-09-01 10:34:50,2026-09-01 10:55:17
C202609000285,U10235,P10015,3,CHATSESS179953,商品咨询,1,1,10,1682,1,加购,2026-09-13 22:40:44,2026-09-13 23:08:46
C202609000286,U10147,P10004,6,CHATSESS159312,物流查询,6,0,0,1742,0,,2026-09-07 15:14:50,2026-09-07 15:43:52
C202609000287,U10285,P10013,3,CHATSESS988672,商品咨询,5,4,256,794,0,,2026-09-08 08:49:59,2026-09-08 09:03:13
C202609000288,U10106,P10017,3,CHATSESS478357,其他,2,2,254,1491,1,下单,2026-09-13 15:29:39,2026-09-13 15:54:30
C202609000289,U10123,P10004,9,CHATSESS961983,物流查询,4,1,129,1290,1,下单,2026-09-05 00:26:14,2026-09-05 00:47:44
C202609000290,U10059,P10010,10,CHATSESS415087,商品咨询,7,4,262,583,0,,2026-09-01 16:32:10,2026-09-01 16:41:53
C202609000291,U10299,P10008,8,CHATSESS427757,投诉建议,6,4,242,587,1,加购,2026-09-06 11:59:05,2026-09-06 12:08:52
C202609000292,U10416,P10013,7,CHATSESS164453,商品咨询,1,1,116,114,0,,2026-09-08 07:24:09,2026-09-08 07:26:03
C202609000293,U10025,P10013,1,CHATSESS500956,物流查询,7,0,0,855,1,加购,2026-09-04 10:03:26,2026-09-04 10:17:41
C202609000294,U10081,P10006,9,CHATSESS351337,其他,4,2,275,544,0,,2026-09-02 15:23:12,2026-09-02 15:32:16
C202609000295,U10170,P10003,9,CHATSESS896770,价格活动,5,3,178,1347,0,,2026-09-14 01:10:52,2026-09-14 01:33:19
C202609000296,U10473,P10004,7,CHATSESS527996,物流查询,8,0,0,1569,0,,2026-09-01 14:11:29,2026-09-01 14:37:38
C202609000297,U10456,P10004,6,CHATSESS502957,售后问题,4,4,52,140,1,加购,2026-09-08 03:47:28,2026-09-08 03:49:48
C202609000298,U10331,P10012,9,CHATSESS979702,商品咨询,8,3,151,1537,0,,2026-09-04 15:28:56,2026-09-04 15:54:33
C202609000299,U10063,P10006,7,CHATSESS320140,商品咨询,6,3,97,1325,0,,2026-09-06 02:12:54,2026-09-06 02:34:59
C202609000300,U10402,P10007,5,CHATSESS814090,其他,6,1,15,308,1,下单,2026-09-10 13:32:49,2026-09-10 13:37:57
C202609000301,U10293,P10003,4,CHATSESS598769,商品咨询,6,3,89,117,1,下单,2026-09-11 00:00:05,2026-09-11 00:02:02
C202609000302,U10191,P10017,5,CHATSESS343422,售后问题,5,5,144,1641,1,加购,2026-09-04 14:39:31,2026-09-04 15:06:52
C202609000303,U10062,P10017,3,CHATSESS195679,商品咨询,4,2,151,1394,0,,2026-09-12 17:01:01,2026-09-12 17:24:15
C202609000304,U10299,P10006,2,CHATSESS376477,投诉建议,7,4,20,1276,0,,2026-09-06 22:58:16,2026-09-06 23:19:32
C202609000305,U10285,P10002,9,CHATSESS824326,商品咨询,1,1,59,928,0,,2026-09-09 02:32:11,2026-09-09 02:47:39
C202609000306,U10434,P10002,7,CHATSESS377163,商品咨询,1,1,291,1298,0,,2026-09-02 23:27:23,2026-09-02 23:49:01
C202609000307,U10374,P10014,4,CHATSESS559174,售后问题,7,3,47,225,0,,2026-09-11 21:28:33,2026-09-11 21:32:18
C202609000308,U10241,P10004,6,CHATSESS925742,商品咨询,3,2,146,1219,1,下单,2026-09-09 15:01:18,2026-09-09 15:21:37
C202609000309,U10473,P10011,9,CHATSESS118339,商品咨询,3,0,0,978,1,加购,2026-09-02 19:38:13,2026-09-02 19:54:31
C202609000310,U10288,P10020,5,CHATSESS841434,物流查询,3,0,0,1287,0,,2026-09-02 20:23:46,2026-09-02 20:45:13
C202609000311,U10340,P10019,1,CHATSESS993870,价格活动,4,2,155,1257,1,下单,2026-09-14 15:16:03,2026-09-14 15:37:00
C202609000312,U10339,P10008,1,CHATSESS225849,价格活动,3,2,20,1664,1,加购,2026-09-01 20:40:49,2026-09-01 21:08:33
C202609000313,U10068,P10003,4,CHATSESS941578,商品咨询,7,0,0,181,0,,2026-09-04 22:36:35,2026-09-04 22:39:36
C202609000314,U10035,P10009,5,CHATSESS662727,物流查询,3,0,0,1259,0,,2026-09-03 14:49:26,2026-09-03 15:10:25
C202609000315,U10391,P10020,1,CHATSESS450811,物流查询,1,1,258,1674,0,,2026-09-01 10:33:15,2026-09-01 11:01:09
C202609000316,U10262,P10004,8,CHATSESS725267,物流查询,4,1,260,822,0,,2026-09-14 17:10:59,2026-09-14 17:24:41
C202609000317,U10488,P10008,8,CHATSESS848009,售后问题,1,1,277,1606,1,加购,2026-09-03 07:46:50,2026-09-03 08:13:36
C202609000318,U10089,P10019,10,CHATSESS616400,商品咨询,8,2,48,1618,1,加购,2026-09-10 18:35:20,2026-09-10 19:02:18
C202609000319,U10451,P10005,6,CHATSESS290359,商品咨询,2,0,0,57,0,,2026-09-09 11:07:55,2026-09-09 11:08:52
C202609000320,U10263,P10016,10,CHATSESS570876,商品咨询,3,3,185,1285,0,,2026-09-12 21:54:09,2026-09-12 22:15:34
C202609000321,U10352,P10002,2,CHATSESS110066,投诉建议,2,2,100,907,0,,2026-09-09 19:14:52,2026-09-09 19:29:59
C202609000322,U10133,P10006,7,CHATSESS165739,售后问题,5,5,23,857,1,下单,2026-09-04 15:51:44,2026-09-04 16:06:01
C202609000323,U10243,P10020,9,CHATSESS181129,其他,2,0,0,1015,1,加购,2026-09-10 11:37:04,2026-09-10 11:53:59
C202609000324,U10374,P10008,1,CHATSESS697927,售后问题,5,3,298,506,1,加购,2026-09-10 12:13:11,2026-09-10 12:21:37
C202609000325,U10274,P10002,2,CHATSESS247883,价格活动,8,6,230,1385,0,,2026-09-10 15:56:27,2026-09-10 16:19:32
C202609000326,U10033,P10004,6,CHATSESS875839,售后问题,3,1,211,859,1,加购,2026-09-11 07:55:13,2026-09-11 08:09:32
C202609000327,U10405,P10009,1,CHATSESS458323,售后问题,1,0,0,1502,0,,2026-09-02 08:42:05,2026-09-02 09:07:07
C202609000328,U10386,P10005,3,CHATSESS412046,价格活动,5,0,0,60,0,,2026-09-08 14:04:24,2026-09-08 14:05:24
C202609000329,U10410,P10013,10,CHATSESS963393,物流查询,6,2,299,691,1,加购,2026-09-04 23:43:15,2026-09-04 23:54:46
C202609000330,U10385,P10002,3,CHATSESS832303,价格活动,6,3,196,1510,0,,2026-09-12 19:11:40,2026-09-12 19:36:50
C202609000331,U10003,P10004,8,CHATSESS882802,商品咨询,7,0,0,335,0,,2026-09-10 12:58:36,2026-09-10 13:04:11
C202609000332,U10471,P10014,4,CHATSESS695744,商品咨询,1,1,195,1690,0,,2026-09-10 03:02:31,2026-09-10 03:30:41
C202609000333,U10253,P10004,7,CHATSESS399761,价格活动,6,1,19,764,1,加购,2026-09-02 09:05:51,2026-09-02 09:18:35
C202609000334,U10305,P10003,3,CHATSESS581435,物流查询,1,1,136,564,0,,2026-09-02 08:56:41,2026-09-02 09:06:05
C202609000335,U10459,P10014,5,CHATSESS654151,物流查询,8,6,161,1184,0,,2026-09-10 10:27:24,2026-09-10 10:47:08
C202609000336,U10320,P10020,10,CHATSESS231112,商品咨询,8,1,36,148,0,,2026-09-06 20:41:59,2026-09-06 20:44:27
C202609000337,U10285,P10004,9,CHATSESS919958,物流查询,4,4,257,1507,1,下单,2026-09-06 14:54:02,2026-09-06 15:19:09
C202609000338,U10121,P10001,9,CHATSESS236398,商品咨询,3,1,217,724,0,,2026-09-08 13:08:41,2026-09-08 13:20:45
C202609000339,U10126,P10012,4,CHATSESS582789,价格活动,6,2,23,1428,0,,2026-09-06 21:04:46,2026-09-06 21:28:34
C202609000340,U10316,P10019,7,CHATSESS328020,商品咨询,8,8,96,1145,1,下单,2026-09-07 09:24:16,2026-09-07 09:43:21
C202609000341,U10325,P10003,6,CHATSESS274133,价格活动,4,2,154,1288,0,,2026-09-14 15:18:08,2026-09-14 15:39:36
C202609000342,U10057,P10017,6,CHATSESS733920,商品咨询,4,2,166,1410,0,,2026-09-11 01:17:57,2026-09-11 01:41:27
C202609000343,U10069,P10006,8,CHATSESS746282,商品咨询,3,1,148,105,0,,2026-09-02 20:27:09,2026-09-02 20:28:54
C202609000344,U10078,P10014,3,CHATSESS740651,其他,6,3,264,1555,0,,2026-09-06 23:36:18,2026-09-07 00:02:13
C202609000345,U10014,P10010,9,CHATSESS504607,其他,6,2,161,1257,0,,2026-09-02 10:21:00,2026-09-02 10:41:57
C202609000346,U10237,P10017,1,CHATSESS218787,商品咨询,8,6,234,1638,1,加购,2026-09-12 15:09:28,2026-09-12 15:36:46
C202609000347,U10303,P10008,10,CHATSESS322750,商品咨询,8,7,215,1214,1,下单,2026-09-03 14:28:53,2026-09-03 14:49:07
C202609000348,U10018,P10003,9,CHATSESS528831,商品咨询,1,1,242,565,1,下单,2026-09-13 00:11:42,2026-09-13 00:21:07
C202609000349,U10482,P10007,4,CHATSESS880455,价格活动,6,0,0,638,1,下单,2026-09-14 05:21:16,2026-09-14 05:31:54
C202609000350,U10358,P10015,5,CHATSESS811093,价格活动,6,0,0,240,1,加购,2026-09-08 02:34:13,2026-09-08 02:38:13
C202609000351,U10138,P10009,6,CHATSESS703283,其他,8,2,169,197,0,,2026-09-14 20:28:01,2026-09-14 20:31:18
C202609000352,U10011,P10010,8,CHATSESS633189,其他,4,3,267,193,0,,2026-09-13 03:52:03,2026-09-13 03:55:16
C202609000353,U10463,P10015,6,CHATSESS212088,商品咨询,3,1,6,1241,1,下单,2026-09-06 16:43:59,2026-09-06 17:04:40
C202609000354,U10128,P10015,9,CHATSESS968907,商品咨询,3,1,126,1038,1,加购,2026-09-10 09:15:50,2026-09-10 09:33:08
C202609000355,U10353,P10004,1,CHATSESS275492,商品咨询,3,1,130,1078,1,加购,2026-09-03 16:36:33,2026-09-03 16:54:31
C202609000356,U10241,P10016,6,CHATSESS469672,物流查询,5,3,200,229,1,加购,2026-09-05 21:46:12,2026-09-05 21:50:01
C202609000357,U10257,P10006,2,CHATSESS545028,商品咨询,1,1,255,1377,0,,2026-09-10 06:03:21,2026-09-10 06:26:18
C202609000358,U10003,P10017,3,CHATSESS695474,物流查询,5,5,117,194,0,,2026-09-04 05:42:41,2026-09-04 05:45:55
C202609000359,U10497,P10005,9,CHATSESS212448,商品咨询,6,0,0,787,0,,2026-09-05 09:59:41,2026-09-05 10:12:48
C202609000360,U10242,P10014,1,CHATSESS887582,价格活动,8,3,63,908,0,,2026-09-06 14:13:04,2026-09-06 14:28:12
C202609000361,U10095,P10001,10,CHATSESS355525,价格活动,4,3,225,736,1,加购,2026-09-07 23:59:31,2026-09-08 00:11:47
C202609000362,U10332,P10011,10,CHATSESS329551,商品咨询,7,4,10,1779,1,加购,2026-09-13 15:16:57,2026-09-13 15:46:36
C202609000363,U10196,P10020,1,CHATSESS535936,商品咨询,1,1,56,591,1,下单,2026-09-07 14:40:55,2026-09-07 14:50:46
C202609000364,U10315,P10013,6,CHATSESS442191,商品咨询,6,2,272,962,1,加购,2026-09-07 13:02:41,2026-09-07 13:18:43
C202609000365,U10182,P10013,2,CHATSESS140158,售后问题,6,6,7,555,0,,2026-09-03 01:58:11,2026-09-03 02:07:26
C202609000366,U10263,P10002,1,CHATSESS920120,价格活动,6,6,39,1700,1,加购,2026-09-06 19:52:25,2026-09-06 20:20:45
C202609000367,U10317,P10010,3,CHATSESS706068,商品咨询,2,2,180,563,0,,2026-09-13 23:49:31,2026-09-13 23:58:54
C202609000368,U10002,P10014,9,CHATSESS450116,其他,7,6,295,1452,1,下单,2026-09-09 22:08:38,2026-09-09 22:32:50
C202609000369,U10360,P10003,6,CHATSESS359481,其他,4,2,156,1365,1,下单,2026-09-03 14:30:22,2026-09-03 14:53:07
C202609000370,U10256,P10017,6,CHATSESS604205,商品咨询,8,8,269,1230,1,加购,2026-09-04 15:02:46,2026-09-04 15:23:16
C202609000371,U10107,P10011,1,CHATSESS447443,商品咨询,4,0,0,1314,0,,2026-09-01 03:04:08,2026-09-01 03:26:02
C202609000372,U10107,P10013,4,CHATSESS308222,价格活动,1,0,0,977,0,,2026-09-06 19:30:57,2026-09-06 19:47:14
C202609000373,U10215,P10013,3,CHATSESS859986,商品咨询,4,1,134,601,0,,2026-09-01 11:01:55,2026-09-01 11:11:56
C202609000374,U10184,P10006,4,CHATSESS962738,物流查询,2,2,217,1643,1,加购,2026-09-12 21:41:38,2026-09-12 22:09:01
C202609000375,U10090,P10010,1,CHATSESS748870,商品咨询,8,4,69,162,1,加购,2026-09-12 17:31:04,2026-09-12 17:33:46
C202609000376,U10290,P10013,4,CHATSESS889961,售后问题,1,1,251,159,0,,2026-09-14 03:17:52,2026-09-14 03:20:31
C202609000377,U10134,P10018,8,CHATSESS363646,物流查询,1,1,187,1122,1,加购,2026-09-04 06:16:03,2026-09-04 06:34:45
C202609000378,U10469,P10003,4,CHATSESS850235,物流查询,3,2,119,1388,1,加购,2026-09-12 21:06:08,2026-09-12 21:29:16
C202609000379,U10108,P10004,10,CHATSESS299106,商品咨询,2,2,136,873,1,加购,2026-09-10 15:17:12,2026-09-10 15:31:45
C202609000380,U10316,P10004,2,CHATSESS663897,其他,7,2,49,974,1,下单,2026-09-01 06:08:13,2026-09-01 06:24:27
C202609000381,U10264,P10009,5,CHATSESS272206,价格活动,3,3,111,1227,0,,2026-09-07 15:31:58,2026-09-07 15:52:25
C202609000382,U10346,P10013,3,CHATSESS974337,物流查询,2,2,128,130,1,加购,2026-09-05 20:16:52,2026-09-05 20:19:02
C202609000383,U10063,P10001,4,CHATSESS183668,商品咨询,4,3,124,979,0,,2026-09-08 15:03:11,2026-09-08 15:19:30
C202609000384,U10065,P10009,4,CHATSESS514698,物流查询,2,2,218,232,0,,2026-09-06 00:45:23,2026-09-06 00:49:15
C202609000385,U10168,P10006,2,CHATSESS761051,物流查询,4,0,0,1716,1,加购,2026-09-06 17:56:07,2026-09-06 18:24:43
C202609000386,U10374,P10006,3,CHATSESS992221,价格活动,2,1,103,1110,0,,2026-09-01 09:27:41,2026-09-01 09:46:11
C202609000387,U10039,P10017,7,CHATSESS322341,售后问题,1,1,210,1685,1,加购,2026-09-10 07:28:19,2026-09-10 07:56:24
C202609000388,U10259,P10003,2,CHATSESS202970,其他,6,0,0,1029,0,,2026-09-03 06:16:34,2026-09-03 06:33:43
C202609000389,U10316,P10011,10,CHATSESS430408,售后问题,6,1,113,1794,0,,2026-09-13 00:23:26,2026-09-13 00:53:20
C202609000390,U10171,P10004,4,CHATSESS561286,售后问题,6,4,138,1762,0,,2026-09-08 00:02:24,2026-09-08 00:31:46
C202609000391,U10011,P10020,7,CHATSESS544631,商品咨询,8,1,234,740,0,,2026-09-07 13:26:41,2026-09-07 13:39:01
C202609000392,U10084,P10002,10,CHATSESS610946,售后问题,1,1,300,568,0,,2026-09-07 16:46:27,2026-09-07 16:55:55
C202609000393,U10286,P10014,2,CHATSESS975065,物流查询,5,5,65,688,0,,2026-09-01 21:16:42,2026-09-01 21:28:10
C202609000394,U10283,P10006,5,CHATSESS906561,价格活动,7,0,0,314,0,,2026-09-01 04:58:35,2026-09-01 05:03:49
C202609000395,U10487,P10013,1,CHATSESS504630,物流查询,3,2,176,1706,0,,2026-09-14 10:37:13,2026-09-14 11:05:39
C202609000396,U10011,P10014,6,CHATSESS949087,售后问题,2,1,253,651,0,,2026-09-14 09:54:56,2026-09-14 10:05:47
C202609000397,U10354,P10003,6,CHATSESS186929,售后问题,7,7,91,781,1,加购,2026-09-14 09:25:57,2026-09-14 09:38:58
C202609000398,U10272,P10018,3,CHATSESS135688,价格活动,5,3,265,1293,0,,2026-09-14 19:25:50,2026-09-14 19:47:23
C202609000399,U10133,P10001,5,CHATSESS744422,售后问题,1,0,0,1608,0,,2026-09-11 14:49:43,2026-09-11 15:16:31
C202609000400,U10441,P10002,1,CHATSESS156285,投诉建议,4,3,74,1192,1,加购,2026-09-09 01:36:01,2026-09-09 01:55:53
C202609000401,U10353,P10017,3,CHATSESS727181,物流查询,5,3,110,401,1,加购,2026-09-10 17:55:01,2026-09-10 18:01:42
C202609000402,U10088,P10006,1,CHATSESS849335,售后问题,2,2,192,726,0,,2026-09-14 01:37:04,2026-09-14 01:49:10
C202609000403,U10275,P10008,7,CHATSESS280824,商品咨询,8,6,261,1339,0,,2026-09-05 18:31:16,2026-09-05 18:53:35
C202609000404,U10307,P10018,1,CHATSESS491298,投诉建议,3,0,0,627,1,下单,2026-09-09 19:00:02,2026-09-09 19:10:29
C202609000405,U10107,P10020,3,CHATSESS700843,物流查询,3,1,98,528,1,下单,2026-09-12 23:30:08,2026-09-12 23:38:56
C202609000406,U10462,P10005,10,CHATSESS951681,商品咨询,3,0,0,726,1,加购,2026-09-06 21:56:37,2026-09-06 22:08:43
C202609000407,U10036,P10009,1,CHATSESS721907,其他,2,0,0,642,1,加购,2026-09-03 23:23:30,2026-09-03 23:34:12
C202609000408,U10354,P10015,9,CHATSESS688398,物流查询,4,1,112,644,0,,2026-09-07 16:22:12,2026-09-07 16:32:56
C202609000409,U10400,P10010,9,CHATSESS728841,物流查询,8,4,114,1539,0,,2026-09-01 13:57:23,2026-09-01 14:23:02
C202609000410,U10343,P10004,9,CHATSESS908434,价格活动,6,4,206,1704,1,加购,2026-09-02 22:17:27,2026-09-02 22:45:51
C202609000411,U10408,P10019,6,CHATSESS395330,其他,8,5,97,639,1,加购,2026-09-13 19:16:05,2026-09-13 19:26:44
C202609000412,U10246,P10015,5,CHATSESS173504,价格活动,3,2,121,262,1,下单,2026-09-09 16:25:14,2026-09-09 16:29:36
C202609000413,U10206,P10005,4,CHATSESS838920,投诉建议,7,1,169,845,0,,2026-09-14 12:20:59,2026-09-14 12:35:04
C202609000414,U10188,P10017,8,CHATSESS103145,价格活动,5,2,12,161,1,加购,2026-09-04 22:44:59,2026-09-04 22:47:40
C202609000415,U10038,P10005,3,CHATSESS397868,商品咨询,5,3,160,1216,0,,2026-09-08 17:36:17,2026-09-08 17:56:33
C202609000416,U10437,P10006,7,CHATSESS184541,物流查询,2,1,59,455,0,,2026-09-13 03:58:40,2026-09-13 04:06:15
C202609000417,U10121,P10005,5,CHATSESS934047,售后问题,1,1,232,1371,1,加购,2026-09-13 08:05:31,2026-09-13 08:28:22
C202609000418,U10240,P10003,4,CHATSESS931026,商品咨询,2,2,184,1663,1,加购,2026-09-06 02:52:49,2026-09-06 03:20:32
C202609000419,U10465,P10008,10,CHATSESS380871,商品咨询,7,0,0,861,1,加购,2026-09-11 09:59:39,2026-09-11 10:14:00
C202609000420,U10192,P10008,8,CHATSESS919697,物流查询,2,2,171,1556,1,加购,2026-09-06 07:30:50,2026-09-06 07:56:46
C202609000421,U10390,P10006,6,CHATSESS646993,商品咨询,3,2,94,1087,0,,2026-09-08 17:18:51,2026-09-08 17:36:58
C202609000422,U10282,P10007,3,CHATSESS507604,商品咨询,6,3,212,1021,0,,2026-09-04 02:31:46,2026-09-04 02:48:47
C202609000423,U10048,P10017,4,CHATSESS842306,商品咨询,8,0,0,401,0,,2026-09-14 14:11:45,2026-09-14 14:18:26
C202609000424,U10080,P10007,3,CHATSESS236035,物流查询,7,5,187,1717,0,,2026-09-12 15:19:58,2026-09-12 15:48:35
C202609000425,U10392,P10007,5,CHATSESS163323,价格活动,4,2,149,892,0,,2026-09-14 10:17:27,2026-09-14 10:32:19
C202609000426,U10208,P10006,8,CHATSESS226968,售后问题,7,3,116,863,1,下单,2026-09-05 23:13:33,2026-09-05 23:27:56
C202609000427,U10449,P10020,3,CHATSESS949194,物流查询,4,1,140,953,0,,2026-09-01 06:51:44,2026-09-01 07:07:37
C202609000428,U10283,P10012,3,CHATSESS520125,商品咨询,3,3,283,1193,1,加购,2026-09-09 05:44:25,2026-09-09 06:04:18
C202609000429,U10076,P10010,3,CHATSESS123448,物流查询,7,2,277,124,1,加购,2026-09-02 08:00:02,2026-09-02 08:02:06
C202609000430,U10459,P10018,10,CHATSESS910215,投诉建议,4,3,204,1322,1,加购,2026-09-09 23:18:53,2026-09-09 23:40:55
C202609000431,U10403,P10004,10,CHATSESS560032,售后问题,4,4,198,1188,0,,2026-09-13 05:53:34,2026-09-13 06:13:22
C202609000432,U10275,P10010,2,CHATSESS780804,物流查询,3,0,0,396,0,,2026-09-01 15:27:19,2026-09-01 15:33:55
C202609000433,U10283,P10009,1,CHATSESS607122,价格活动,8,0,0,1127,0,,2026-09-05 21:52:33,2026-09-05 22:11:20
C202609000434,U10255,P10019,7,CHATSESS208339,物流查询,5,1,118,1540,1,加购,2026-09-08 01:28:11,2026-09-08 01:53:51
C202609000435,U10184,P10006,9,CHATSESS413801,商品咨询,8,5,231,1562,0,,2026-09-14 09:38:49,2026-09-14 10:04:51
C202609000436,U10013,P10002,3,CHATSESS728681,物流查询,3,0,0,381,0,,2026-09-04 17:31:19,2026-09-04 17:37:40
C202609000437,U10040,P10020,5,CHATSESS275374,售后问题,2,2,252,1642,0,,2026-09-01 11:02:44,2026-09-01 11:30:06
C202609000438,U10046,P10010,6,CHATSESS221309,物流查询,6,2,191,762,0,,2026-09-09 18:56:52,2026-09-09 19:09:34
C202609000439,U10042,P10016,7,CHATSESS555439,售后问题,1,1,23,1359,1,加购,2026-09-04 09:17:18,2026-09-04 09:39:57
C202609000440,U10396,P10018,6,CHATSESS576713,商品咨询,2,1,55,210,1,下单,2026-09-06 10:21:33,2026-09-06 10:25:03
C202609000441,U10331,P10011,5,CHATSESS527025,价格活动,5,2,186,1338,0,,2026-09-04 10:03:18,2026-09-04 10:25:36
C202609000442,U10268,P10006,5,CHATSESS553062,售后问题,7,3,298,339,0,,2026-09-11 15:53:37,2026-09-11 15:59:16
C202609000443,U10251,P10007,2,CHATSESS552225,商品咨询,1,1,108,991,1,加购,2026-09-06 15:08:20,2026-09-06 15:24:51
C202609000444,U10230,P10010,6,CHATSESS747446,价格活动,1,1,280,221,0,,2026-09-05 16:53:59,2026-09-05 16:57:40
C202609000445,U10443,P10006,5,CHATSESS771927,商品咨询,2,0,0,64,1,加购,2026-09-02 00:09:28,2026-09-02 00:10:32
C202609000446,U10144,P10005,5,CHATSESS727901,价格活动,8,0,0,1570,1,下单,2026-09-11 02:27:17,2026-09-11 02:53:27
C202609000447,U10409,P10011,9,CHATSESS707637,商品咨询,7,6,33,786,1,加购,2026-09-09 22:50:07,2026-09-09 23:03:13
C202609000448,U10089,P10003,1,CHATSESS663851,物流查询,1,1,93,296,0,,2026-09-06 03:38:25,2026-09-06 03:43:21
C202609000449,U10334,P10006,1,CHATSESS432531,售后问题,6,2,12,1394,1,下单,2026-09-12 05:56:27,2026-09-12 06:19:41
C202609000450,U10012,P10001,2,CHATSESS551409,商品咨询,6,0,0,593,0,,2026-09-13 15:23:49,2026-09-13 15:33:42
C202609000451,U10273,P10006,2,CHATSESS942540,物流查询,1,1,52,1360,1,下单,2026-09-13 00:35:28,2026-09-13 00:58:08
C202609000452,U10477,P10006,10,CHATSESS175829,商品咨询,7,2,273,749,0,,2026-09-01 12:35:22,2026-09-01 12:47:51
C202609000453,U10313,P10007,7,CHATSESS238192,商品咨询,2,1,121,1047,0,,2026-09-02 15:17:28,2026-09-02 15:34:55
C202609000454,U10129,P10013,2,CHATSESS194888,商品咨询,3,0,0,872,0,,2026-09-09 19:33:18,2026-09-09 19:47:50
C202609000455,U10218,P10017,10,CHATSESS435472,其他,1,1,162,467,0,,2026-09-12 07:44:38,2026-09-12 07:52:25
C202609000456,U10250,P10007,5,CHATSESS117908,售后问题,6,0,0,54,0,,2026-09-08 15:35:24,2026-09-08 15:36:18
C202609000457,U10095,P10003,2,CHATSESS388784,商品咨询,2,2,96,1162,0,,2026-09-04 11:23:21,2026-09-04 11:42:43
C202609000458,U10244,P10018,8,CHATSESS978082,物流查询,8,2,293,457,0,,2026-09-11 08:39:51,2026-09-11 08:47:28
C202609000459,U10428,P10015,1,CHATSESS290014,价格活动,4,1,117,1225,0,,2026-09-07 11:14:44,2026-09-07 11:35:09
C202609000460,U10193,P10010,9,CHATSESS904815,其他,3,0,0,796,1,下单,2026-09-04 04:07:41,2026-09-04 04:20:57
C202609000461,U10137,P10002,5,CHATSESS841453,其他,2,2,274,1075,0,,2026-09-12 22:35:21,2026-09-12 22:53:16
C202609000462,U10359,P10015,4,CHATSESS611061,物流查询,1,1,137,1294,1,下单,2026-09-08 10:05:15,2026-09-08 10:26:49
C202609000463,U10052,P10019,7,CHATSESS731369,商品咨询,2,0,0,1363,0,,2026-09-04 23:01:47,2026-09-04 23:24:30
C202609000464,U10288,P10003,1,CHATSESS603686,其他,4,2,130,1473,1,下单,2026-09-13 11:18:56,2026-09-13 11:43:29
C202609000465,U10363,P10001,10,CHATSESS552858,商品咨询,2,1,194,1311,0,,2026-09-02 11:51:17,2026-09-02 12:13:08
C202609000466,U10061,P10017,9,CHATSESS763952,商品咨询,1,0,0,111,1,加购,2026-09-11 18:49:07,2026-09-11 18:50:58
C202609000467,U10312,P10012,8,CHATSESS476233,商品咨询,8,6,32,1565,1,加购,2026-09-06 10:02:38,2026-09-06 10:28:43
C202609000468,U10463,P10002,2,CHATSESS802199,商品咨询,6,0,0,1646,1,加购,2026-09-09 14:59:51,2026-09-09 15:27:17
C202609000469,U10382,P10017,2,CHATSESS419768,物流查询,7,0,0,1405,1,加购,2026-09-03 00:48:37,2026-09-03 01:12:02
C202609000470,U10400,P10003,3,CHATSESS571635,商品咨询,8,2,224,603,0,,2026-09-13 22:09:13,2026-09-13 22:19:16
C202609000471,U10463,P10014,4,CHATSESS786693,价格活动,2,1,211,1175,1,加购,2026-09-01 05:32:27,2026-09-01 05:52:02
C202609000472,U10064,P10015,9,CHATSESS135796,物流查询,5,0,0,1378,1,加购,2026-09-04 06:06:11,2026-09-04 06:29:09
C202609000473,U10198,P10003,10,CHATSESS934985,商品咨询,4,3,243,1376,1,下单,2026-09-13 09:45:14,2026-09-13 10:08:10
C202609000474,U10075,P10003,6,CHATSESS379370,其他,7,0,0,1273,1,加购,2026-09-05 17:45:03,2026-09-05 18:06:16
C202609000475,U10053,P10018,6,CHATSESS366459,售后问题,8,6,183,1301,1,下单,2026-09-04 15:29:16,2026-09-04 15:50:57
C202609000476,U10044,P10003,5,CHATSESS608881,商品咨询,8,7,130,763,0,,2026-09-04 14:58:31,2026-09-04 15:11:14
C202609000477,U10252,P10007,2,CHATSESS130337,价格活动,5,1,91,885,0,,2026-09-09 00:32:28,2026-09-09 00:47:13
C202609000478,U10498,P10012,3,CHATSESS671086,价格活动,3,0,0,1743,1,加购,2026-09-10 08:11:39,2026-09-10 08:40:42
C202609000479,U10281,P10016,1,CHATSESS939359,价格活动,7,2,40,846,0,,2026-09-08 15:06:27,2026-09-08 15:20:33
C202609000480,U10365,P10020,5,CHATSESS769854,商品咨询,2,2,144,901,1,下单,2026-09-08 22:42:42,2026-09-08 22:57:43
C202609000481,U10288,P10009,5,CHATSESS682405,售后问题,2,2,120,922,1,加购,2026-09-10 10:23:48,2026-09-10 10:39:10
C202609000482,U10087,P10008,4,CHATSESS393862,投诉建议,4,3,235,105,0,,2026-09-13 09:08:39,2026-09-13 09:10:24
C202609000483,U10470,P10013,5,CHATSESS408890,商品咨询,6,6,231,1136,0,,2026-09-06 22:20:36,2026-09-06 22:39:32
C202609000484,U10348,P10008,1,CHATSESS160716,物流查询,7,3,32,1736,0,,2026-09-11 16:13:06,2026-09-11 16:42:02
C202609000485,U10144,P10017,3,CHATSESS580250,商品咨询,7,2,14,464,0,,2026-09-10 11:47:47,2026-09-10 11:55:31
C202609000486,U10477,P10010,5,CHATSESS331360,售后问题,1,1,169,1004,1,加购,2026-09-09 18:34:16,2026-09-09 18:51:00
C202609000487,U10395,P10017,10,CHATSESS986648,商品咨询,7,0,0,111,0,,2026-09-11 10:16:25,2026-09-11 10:18:16
C202609000488,U10196,P10014,2,CHATSESS906234,其他,2,0,0,1059,0,,2026-09-10 22:19:06,2026-09-10 22:36:45
C202609000489,U10465,P10013,8,CHATSESS530200,售后问题,1,0,0,1286,1,下单,2026-09-07 19:44:10,2026-09-07 20:05:36
C202609000490,U10176,P10005,3,CHATSESS915760,物流查询,3,1,167,509,0,,2026-09-06 11:15:35,2026-09-06 11:24:04
C202609000491,U10015,P10004,6,CHATSESS852802,商品咨询,6,0,0,1620,1,加购,2026-09-14 00:02:33,2026-09-14 00:29:33
C202609000492,U10492,P10019,1,CHATSESS574785,商品咨询,7,7,200,368,0,,2026-09-01 05:10:25,2026-09-01 05:16:33
C202609000493,U10298,P10006,8,CHATSESS670882,其他,2,1,168,267,0,,2026-09-04 15:17:40,2026-09-04 15:22:07
C202609000494,U10492,P10018,5,CHATSESS383718,商品咨询,4,0,0,392,0,,2026-09-02 18:41:39,2026-09-02 18:48:11
C202609000495,U10026,P10016,5,CHATSESS201082,商品咨询,4,1,201,1675,1,下单,2026-09-11 11:31:14,2026-09-11 11:59:09
C202609000496,U10148,P10002,1,CHATSESS445409,商品咨询,4,1,51,483,0,,2026-09-14 06:38:01,2026-09-14 06:46:04
C202609000497,U10206,P10017,9,CHATSESS830055,商品咨询,8,3,149,1591,0,,2026-09-03 19:23:54,2026-09-03 19:50:25
C202609000498,U10182,P10013,3,CHATSESS294063,商品咨询,7,4,204,676,1,下单,2026-09-11 15:05:52,2026-09-11 15:17:08
C202609000499,U10304,P10004,3,CHATSESS735767,商品咨询,3,3,55,1051,1,下单,2026-09-10 16:52:14,2026-09-10 17:09:45
C202609000500,U10114,P10006,3,CHATSESS413965,售后问题,7,5,90,1455,0,,2026-09-12 13:16:49,2026-09-12 13:41:04
C202609000501,U10411,P10005,6,CHATSESS368253,价格活动,8,4,29,1716,0,,2026-09-10 00:58:16,2026-09-10 01:26:52
C202609000502,U10180,P10016,9,CHATSESS875907,物流查询,2,0,0,1426,1,下单,2026-09-13 14:57:07,2026-09-13 15:20:53
C202609000503,U10240,P10004,1,CHATSESS882274,商品咨询,1,1,12,623,0,,2026-09-05 19:44:29,2026-09-05 19:54:52
C202609000504,U10455,P10016,7,CHATSESS279144,价格活动,8,2,46,552,0,,2026-09-14 14:08:27,2026-09-14 14:17:39
C202609000505,U10061,P10018,1,CHATSESS922895,物流查询,3,1,179,946,0,,2026-09-04 21:54:57,2026-09-04 22:10:43
C202609000506,U10320,P10011,10,CHATSESS603664,商品咨询,1,1,46,1749,1,下单,2026-09-02 17:38:36,2026-09-02 18:07:45
C202609000507,U10486,P10002,7,CHATSESS536595,物流查询,2,2,249,1051,0,,2026-09-08 17:43:41,2026-09-08 18:01:12
C202609000508,U10430,P10004,8,CHATSESS513889,售后问题,7,0,0,1650,0,,2026-09-01 11:02:29,2026-09-01 11:29:59
C202609000509,U10369,P10013,1,CHATSESS933324,商品咨询,5,5,47,563,1,下单,2026-09-14 03:56:00,2026-09-14 04:05:23
C202609000510,U10486,P10014,6,CHATSESS607833,其他,2,0,0,879,0,,2026-09-07 19:41:55,2026-09-07 19:56:34
C202609000511,U10128,P10001,9,CHATSESS809730,商品咨询,4,3,66,1277,0,,2026-09-01 11:32:17,2026-09-01 11:53:34
C202609000512,U10478,P10017,7,CHATSESS344031,商品咨询,7,6,12,735,0,,2026-09-11 15:15:32,2026-09-11 15:27:47
C202609000513,U10193,P10009,4,CHATSESS140269,售后问题,7,5,264,540,1,加购,2026-09-01 11:31:57,2026-09-01 11:40:57
C202609000514,U10291,P10009,5,CHATSESS196332,商品咨询,2,1,268,1501,0,,2026-09-02 19:05:00,2026-09-02 19:30:01
C202609000515,U10008,P10003,10,CHATSESS360962,物流查询,8,8,253,77,0,,2026-09-13 21:57:58,2026-09-13 21:59:15
C202609000516,U10309,P10018,10,CHATSESS964034,价格活动,3,3,227,771,0,,2026-09-12 15:42:26,2026-09-12 15:55:17
C202609000517,U10368,P10011,7,CHATSESS833476,物流查询,8,1,94,413,0,,2026-09-04 20:44:37,2026-09-04 20:51:30
C202609000518,U10230,P10011,4,CHATSESS278793,其他,3,3,214,1353,1,加购,2026-09-06 19:53:02,2026-09-06 20:15:35
C202609000519,U10054,P10017,5,CHATSESS859152,物流查询,4,4,80,837,0,,2026-09-12 21:20:44,2026-09-12 21:34:41
C202609000520,U10276,P10009,4,CHATSESS719300,物流查询,3,0,0,769,1,下单,2026-09-08 22:50:04,2026-09-08 23:02:53
C202609000521,U10204,P10010,2,CHATSESS545027,商品咨询,2,0,0,1513,0,,2026-09-14 10:58:50,2026-09-14 11:24:03
C202609000522,U10204,P10010,2,CHATSESS534821,售后问题,7,2,282,724,1,加购,2026-09-02 11:15:45,2026-09-02 11:27:49
C202609000523,U10332,P10018,7,CHATSESS813632,商品咨询,7,4,256,421,0,,2026-09-02 02:05:00,2026-09-02 02:12:01
C202609000524,U10439,P10011,9,CHATSESS796604,商品咨询,4,4,225,312,1,下单,2026-09-01 01:24:31,2026-09-01 01:29:43
C202609000525,U10066,P10007,5,CHATSESS940033,物流查询,5,4,75,1388,0,,2026-09-03 17:51:28,2026-09-03 18:14:36
C202609000526,U10371,P10006,7,CHATSESS855455,商品咨询,3,1,254,428,1,加购,2026-09-05 11:22:45,2026-09-05 11:29:53
C202609000527,U10367,P10011,2,CHATSESS276466,价格活动,2,1,246,739,1,加购,2026-09-06 00:18:47,2026-09-06 00:31:06
C202609000528,U10063,P10006,7,CHATSESS983388,价格活动,6,0,0,821,0,,2026-09-01 16:13:02,2026-09-01 16:26:43
C202609000529,U10421,P10019,9,CHATSESS217962,商品咨询,6,4,19,86,0,,2026-09-07 21:15:27,2026-09-07 21:16:53
C202609000530,U10185,P10014,6,CHATSESS754237,商品咨询,5,4,220,604,1,加购,2026-09-10 15:00:35,2026-09-10 15:10:39
C202609000531,U10343,P10011,3,CHATSESS946180,售后问题,4,2,122,992,0,,2026-09-03 07:17:23,2026-09-03 07:33:55
C202609000532,U10447,P10013,9,CHATSESS969652,售后问题,1,1,145,132,0,,2026-09-09 21:26:50,2026-09-09 21:29:02
C202609000533,U10463,P10010,8,CHATSESS132853,商品咨询,7,3,6,1737,0,,2026-09-03 13:29:56,2026-09-03 13:58:53
C202609000534,U10325,P10005,2,CHATSESS482616,物流查询,8,6,197,917,1,加购,2026-09-09 14:25:10,2026-09-09 14:40:27
C202609000535,U10463,P10009,8,CHATSESS688092,售后问题,3,1,78,246,1,下单,2026-09-02 06:35:44,2026-09-02 06:39:50
C202609000536,U10379,P10015,9,CHATSESS394273,物流查询,5,0,0,842,1,加购,2026-09-12 10:49:01,2026-09-12 11:03:03
C202609000537,U10088,P10015,4,CHATSESS635003,其他,4,3,269,347,0,,2026-09-05 21:04:54,2026-09-05 21:10:41
C202609000538,U10122,P10003,2,CHATSESS693647,物流查询,2,0,0,143,1,加购,2026-09-12 10:59:40,2026-09-12 11:02:03
C202609000539,U10007,P10020,3,CHATSESS111075,商品咨询,4,3,39,576,0,,2026-09-09 08:05:45,2026-09-09 08:15:21
C202609000540,U10233,P10012,6,CHATSESS668930,售后问题,8,3,268,1070,0,,2026-09-07 12:32:15,2026-09-07 12:50:05
C202609000541,U10047,P10011,1,CHATSESS419795,商品咨询,6,0,0,848,0,,2026-09-05 17:04:38,2026-09-05 17:18:46
C202609000542,U10492,P10002,10,CHATSESS362048,商品咨询,6,3,139,219,0,,2026-09-08 09:42:17,2026-09-08 09:45:56
C202609000543,U10054,P10009,7,CHATSESS719459,价格活动,7,4,5,304,0,,2026-09-12 00:00:49,2026-09-12 00:05:53
C202609000544,U10428,P10001,4,CHATSESS347667,商品咨询,5,0,0,1197,0,,2026-09-03 19:59:18,2026-09-03 20:19:15
C202609000545,U10232,P10015,6,CHATSESS598079,商品咨询,6,3,146,624,0,,2026-09-07 03:31:14,2026-09-07 03:41:38
C202609000546,U10422,P10016,10,CHATSESS480202,售后问题,8,0,0,1034,0,,2026-09-08 02:26:30,2026-09-08 02:43:44
C202609000547,U10318,P10006,2,CHATSESS116954,商品咨询,5,0,0,495,1,加购,2026-09-03 16:09:00,2026-09-03 16:17:15
C202609000548,U10234,P10018,9,CHATSESS505069,价格活动,5,1,36,1224,0,,2026-09-11 15:27:26,2026-09-11 15:47:50
C202609000549,U10204,P10003,8,CHATSESS462613,售后问题,7,1,262,1633,1,加购,2026-09-05 04:17:59,2026-09-05 04:45:12
C202609000550,U10323,P10006,3,CHATSESS843359,投诉建议,8,7,129,1385,0,,2026-09-09 14:16:50,2026-09-09 14:39:55
C202609000551,U10068,P10018,9,CHATSESS591390,商品咨询,6,1,33,430,0,,2026-09-08 01:40:41,2026-09-08 01:47:51
C202609000552,U10045,P10002,2,CHATSESS255177,物流查询,4,0,0,105,1,下单,2026-09-01 10:58:47,2026-09-01 11:00:32
C202609000553,U10292,P10007,4,CHATSESS597646,商品咨询,8,0,0,1222,0,,2026-09-11 05:33:33,2026-09-11 05:53:55
C202609000554,U10434,P10006,7,CHATSESS714157,其他,4,0,0,1323,0,,2026-09-02 06:29:04,2026-09-02 06:51:07
C202609000555,U10018,P10013,7,CHATSESS845907,商品咨询,4,4,229,1364,0,,2026-09-05 18:01:16,2026-09-05 18:24:00
C202609000556,U10221,P10001,7,CHATSESS833732,售后问题,4,1,150,178,0,,2026-09-09 13:17:52,2026-09-09 13:20:50
C202609000557,U10234,P10006,2,CHATSESS200226,商品咨询,6,6,37,654,1,加购,2026-09-03 10:04:36,2026-09-03 10:15:30
C202609000558,U10203,P10013,2,CHATSESS212878,其他,4,1,9,1424,0,,2026-09-08 11:49:56,2026-09-08 12:13:40
C202609000559,U10123,P10019,3,CHATSESS644361,其他,1,1,205,259,1,加购,2026-09-11 15:43:18,2026-09-11 15:47:37
C202609000560,U10426,P10013,7,CHATSESS349660,物流查询,5,3,222,153,0,,2026-09-07 13:24:27,2026-09-07 13:27:00
C202609000561,U10384,P10008,2,CHATSESS360207,售后问题,8,7,190,1056,1,加购,2026-09-12 09:52:15,2026-09-12 10:09:51
C202609000562,U10442,P10005,3,CHATSESS430590,物流查询,3,0,0,360,0,,2026-09-11 16:03:46,2026-09-11 16:09:46
C202609000563,U10135,P10011,3,CHATSESS335380,商品咨询,1,1,164,1350,0,,2026-09-01 20:50:45,2026-09-01 21:13:15
C202609000564,U10150,P10001,3,CHATSESS324303,售后问题,8,7,244,1076,1,加购,2026-09-05 20:30:58,2026-09-05 20:48:54
C202609000565,U10302,P10009,2,CHATSESS169839,商品咨询,6,0,0,382,0,,2026-09-12 05:57:44,2026-09-12 06:04:06
C202609000566,U10306,P10016,7,CHATSESS365508,物流查询,8,5,271,692,0,,2026-09-01 17:55:02,2026-09-01 18:06:34
C202609000567,U10208,P10004,7,CHATSESS999793,商品咨询,5,5,274,1278,0,,2026-09-13 17:14:07,2026-09-13 17:35:25
C202609000568,U10172,P10002,7,CHATSESS491069,物流查询,7,2,20,1666,0,,2026-09-09 11:15:38,2026-09-09 11:43:24
C202609000569,U10095,P10001,2,CHATSESS888619,物流查询,1,1,101,159,0,,2026-09-13 17:55:27,2026-09-13 17:58:06
C202609000570,U10137,P10016,5,CHATSESS686719,物流查询,3,2,191,1224,0,,2026-09-03 20:32:50,2026-09-03 20:53:14
C202609000571,U10380,P10011,1,CHATSESS254624,商品咨询,2,2,9,854,1,加购,2026-09-05 05:11:27,2026-09-05 05:25:41
C202609000572,U10172,P10018,4,CHATSESS885356,物流查询,7,4,72,939,1,加购,2026-09-04 09:57:09,2026-09-04 10:12:48
C202609000573,U10316,P10009,4,CHATSESS762772,物流查询,6,4,82,1542,1,下单,2026-09-07 23:26:14,2026-09-07 23:51:56
C202609000574,U10307,P10020,10,CHATSESS971797,其他,6,0,0,569,0,,2026-09-08 23:38:28,2026-09-08 23:47:57
C202609000575,U10206,P10015,4,CHATSESS805789,物流查询,5,4,103,1465,0,,2026-09-07 00:36:22,2026-09-07 01:00:47
C202609000576,U10476,P10011,8,CHATSESS919489,价格活动,5,5,258,1779,1,下单,2026-09-14 18:07:06,2026-09-14 18:36:45
C202609000577,U10361,P10012,7,CHATSESS861769,商品咨询,2,2,272,721,1,下单,2026-09-05 00:51:09,2026-09-05 01:03:10
C202609000578,U10346,P10017,3,CHATSESS502843,商品咨询,5,2,98,1693,0,,2026-09-08 10:46:13,2026-09-08 11:14:26
C202609000579,U10350,P10014,7,CHATSESS765578,商品咨询,1,1,64,141,1,加购,2026-09-04 17:55:35,2026-09-04 17:57:56
C202609000580,U10497,P10018,8,CHATSESS206590,其他,4,2,137,375,0,,2026-09-02 06:47:46,2026-09-02 06:54:01
C202609000581,U10393,P10012,8,CHATSESS742596,其他,4,3,215,909,0,,2026-09-01 13:40:09,2026-09-01 13:55:18
C202609000582,U10319,P10012,5,CHATSESS544139,售后问题,4,0,0,827,1,下单,2026-09-01 23:54:24,2026-09-02 00:08:11
C202609000583,U10256,P10001,3,CHATSESS663573,投诉建议,4,1,234,540,1,下单,2026-09-05 02:45:04,2026-09-05 02:54:04
C202609000584,U10123,P10003,7,CHATSESS515465,其他,1,0,0,1471,1,加购,2026-09-11 01:47:59,2026-09-11 02:12:30
C202609000585,U10222,P10015,5,CHATSESS476881,商品咨询,8,2,239,1323,1,加购,2026-09-10 20:32:43,2026-09-10 20:54:46
C202609000586,U10396,P10007,2,CHATSESS392440,价格活动,7,2,283,170,1,加购,2026-09-10 03:12:25,2026-09-10 03:15:15
C202609000587,U10070,P10019,10,CHATSESS592846,价格活动,2,2,226,572,0,,2026-09-10 17:27:40,2026-09-10 17:37:12
C202609000588,U10182,P10011,7,CHATSESS805090,物流查询,8,6,150,1083,0,,2026-09-08 12:33:31,2026-09-08 12:51:34
C202609000589,U10123,P10006,4,CHATSESS843060,商品咨询,3,3,47,586,0,,2026-09-04 09:24:07,2026-09-04 09:33:53
C202609000590,U10375,P10006,10,CHATSESS221755,价格活动,1,1,219,791,0,,2026-09-13 21:11:04,2026-09-13 21:24:15
C202609000591,U10095,P10007,4,CHATSESS616514,物流查询,5,4,251,137,0,,2026-09-02 11:17:00,2026-09-02 11:19:17
C202609000592,U10429,P10013,8,CHATSESS154484,物流查询,2,1,29,1233,0,,2026-09-09 11:55:25,2026-09-09 12:15:58
C202609000593,U10209,P10016,7,CHATSESS729257,价格活动,4,1,244,827,1,下单,2026-09-04 10:48:01,2026-09-04 11:01:48
C202609000594,U10462,P10008,3,CHATSESS297102,商品咨询,6,0,0,377,1,下单,2026-09-10 06:00:40,2026-09-10 06:06:57
C202609000595,U10324,P10020,5,CHATSESS508586,售后问题,7,7,274,1220,1,加购,2026-09-02 14:17:27,2026-09-02 14:37:47
C202609000596,U10472,P10004,3,CHATSESS457569,其他,1,1,138,1105,0,,2026-09-03 22:52:10,2026-09-03 23:10:35
C202609000597,U10324,P10003,7,CHATSESS353444,商品咨询,7,0,0,313,1,加购,2026-09-06 18:24:48,2026-09-06 18:30:01
C202609000598,U10499,P10018,5,CHATSESS498101,其他,2,2,65,910,0,,2026-09-14 16:38:30,2026-09-14 16:53:40
C202609000599,U10202,P10009,8,CHATSESS979133,物流查询,3,3,285,830,1,下单,2026-09-11 16:27:54,2026-09-11 16:41:44
C202609000600,U10037,P10020,9,CHATSESS867786,商品咨询,3,2,179,1505,1,加购,2026-09-12 10:39:46,2026-09-12 11:04:51
C202609000601,U10484,P10016,4,CHATSESS669450,物流查询,6,2,113,774,1,下单,2026-09-02 23:03:59,2026-09-02 23:16:53
C202609000602,U10134,P10018,8,CHATSESS480393,商品咨询,3,2,44,1002,1,下单,2026-09-01 10:12:00,2026-09-01 10:28:42
C202609000603,U10394,P10009,6,CHATSESS143702,售后问题,3,1,233,90,1,下单,2026-09-02 14:06:13,2026-09-02 14:07:43
C202609000604,U10203,P10003,2,CHATSESS252860,投诉建议,2,2,40,1088,0,,2026-09-10 16:41:30,2026-09-10 16:59:38
C202609000605,U10029,P10009,3,CHATSESS530632,价格活动,1,0,0,160,0,,2026-09-03 21:48:31,2026-09-03 21:51:11
C202609000606,U10120,P10016,9,CHATSESS527469,其他,8,0,0,821,0,,2026-09-08 17:45:46,2026-09-08 17:59:27
C202609000607,U10491,P10019,7,CHATSESS474056,价格活动,7,5,180,688,1,下单,2026-09-13 09:12:34,2026-09-13 09:24:02
C202609000608,U10149,P10008,4,CHATSESS798813,售后问题,6,4,76,113,1,加购,2026-09-01 08:59:20,2026-09-01 09:01:13
C202609000609,U10375,P10002,6,CHATSESS601724,商品咨询,5,5,243,1784,0,,2026-09-07 02:03:52,2026-09-07 02:33:36
C202609000610,U10225,P10005,6,CHATSESS216718,投诉建议,2,1,27,1032,0,,2026-09-04 02:43:41,2026-09-04 03:00:53
C202609000611,U10360,P10016,7,CHATSESS697970,价格活动,4,4,207,1718,0,,2026-09-05 14:20:09,2026-09-05 14:48:47
C202609000612,U10398,P10009,6,CHATSESS856759,投诉建议,4,1,54,1357,0,,2026-09-12 14:08:28,2026-09-12 14:31:05
C202609000613,U10306,P10003,4,CHATSESS619088,价格活动,7,2,191,968,0,,2026-09-06 20:28:07,2026-09-06 20:44:15
C202609000614,U10486,P10015,4,CHATSESS264210,价格活动,8,1,131,1567,1,加购,2026-09-11 16:49:17,2026-09-11 17:15:24
C202609000615,U10190,P10004,5,CHATSESS742474,商品咨询,1,1,275,1264,1,加购,2026-09-01 18:54:51,2026-09-01 19:15:55
C202609000616,U10248,P10009,3,CHATSESS501515,商品咨询,4,0,0,417,0,,2026-09-02 19:25:48,2026-09-02 19:32:45
C202609000617,U10167,P10017,6,CHATSESS103521,其他,8,0,0,1125,1,下单,2026-09-04 02:36:40,2026-09-04 02:55:25
C202609000618,U10083,P10006,9,CHATSESS520696,商品咨询,3,2,115,528,0,,2026-09-09 21:19:03,2026-09-09 21:27:51
C202609000619,U10290,P10001,4,CHATSESS348307,商品咨询,3,2,220,302,1,加购,2026-09-04 11:33:42,2026-09-04 11:38:44
C202609000620,U10300,P10007,9,CHATSESS211773,商品咨询,4,2,296,232,1,加购,2026-09-10 09:58:12,2026-09-10 10:02:04
C202609000621,U10271,P10009,8,CHATSESS470281,物流查询,8,5,96,483,1,加购,2026-09-08 02:04:05,2026-09-08 02:12:08
C202609000622,U10419,P10002,10,CHATSESS789004,商品咨询,6,5,61,1306,0,,2026-09-14 20:42:35,2026-09-14 21:04:21
C202609000623,U10255,P10020,7,CHATSESS422364,商品咨询,2,1,279,1070,1,下单,2026-09-14 09:46:58,2026-09-14 10:04:48
C202609000624,U10048,P10003,8,CHATSESS539208,物流查询,7,1,130,1047,1,下单,2026-09-14 16:01:58,2026-09-14 16:19:25
C202609000625,U10405,P10007,6,CHATSESS509253,投诉建议,5,4,24,1154,0,,2026-09-07 20:41:47,2026-09-07 21:01:01
C202609000626,U10248,P10010,3,CHATSESS187077,物流查询,1,1,258,861,0,,2026-09-03 14:02:38,2026-09-03 14:16:59
C202609000627,U10007,P10015,9,CHATSESS225933,售后问题,7,1,165,74,1,加购,2026-09-07 22:38:07,2026-09-07 22:39:21
C202609000628,U10405,P10015,10,CHATSESS554941,其他,1,1,173,40,1,加购,2026-09-10 09:11:46,2026-09-10 09:12:26
C202609000629,U10228,P10018,4,CHATSESS289581,物流查询,8,3,186,1623,1,加购,2026-09-04 03:30:09,2026-09-04 03:57:12
C202609000630,U10228,P10020,2,CHATSESS420326,商品咨询,6,5,278,1074,0,,2026-09-01 13:58:14,2026-09-01 14:16:08
C202609000631,U10013,P10017,1,CHATSESS164307,价格活动,2,0,0,171,1,加购,2026-09-13 18:50:25,2026-09-13 18:53:16
C202609000632,U10079,P10002,5,CHATSESS149361,其他,7,3,296,132,1,加购,2026-09-10 23:05:41,2026-09-10 23:07:53
C202609000633,U10407,P10001,1,CHATSESS382569,商品咨询,2,1,134,1171,1,加购,2026-09-14 09:43:21,2026-09-14 10:02:52
C202609000634,U10402,P10010,1,CHATSESS852859,其他,2,2,199,50,1,下单,2026-09-06 07:41:36,2026-09-06 07:42:26
C202609000635,U10413,P10017,8,CHATSESS823638,商品咨询,5,0,0,1356,0,,2026-09-12 04:58:01,2026-09-12 05:20:37
C202609000636,U10293,P10009,3,CHATSESS292237,物流查询,7,2,220,1742,0,,2026-09-13 16:28:53,2026-09-13 16:57:55
C202609000637,U10044,P10007,7,CHATSESS999327,价格活动,7,3,48,751,1,加购,2026-09-08 07:37:47,2026-09-08 07:50:18
C202609000638,U10341,P10013,3,CHATSESS359161,价格活动,8,3,285,1145,1,下单,2026-09-11 09:51:21,2026-09-11 10:10:26
C202609000639,U10263,P10014,9,CHATSESS229573,其他,3,2,88,829,1,加购,2026-09-05 03:08:56,2026-09-05 03:22:45
C202609000640,U10001,P10001,1,CHATSESS151533,售后问题,1,1,162,1717,0,,2026-09-04 21:11:44,2026-09-04 21:40:21
C202609000641,U10138,P10020,8,CHATSESS371551,商品咨询,4,3,271,709,0,,2026-09-03 10:37:55,2026-09-03 10:49:44
C202609000642,U10333,P10009,5,CHATSESS868647,其他,1,1,138,206,1,加购,2026-09-08 05:17:09,2026-09-08 05:20:35
C202609000643,U10222,P10007,2,CHATSESS277114,售后问题,4,1,230,417,1,加购,2026-09-07 19:27:09,2026-09-07 19:34:06
C202609000644,U10452,P10012,2,CHATSESS837038,其他,8,0,0,1230,1,下单,2026-09-04 11:47:54,2026-09-04 12:08:24
C202609000645,U10458,P10003,7,CHATSESS427384,商品咨询,2,2,43,1113,1,加购,2026-09-13 17:45:41,2026-09-13 18:04:14
C202609000646,U10475,P10013,4,CHATSESS491299,物流查询,7,3,140,1312,0,,2026-09-06 23:49:00,2026-09-07 00:10:52
C202609000647,U10417,P10019,10,CHATSESS287278,价格活动,1,1,7,995,1,加购,2026-09-14 10:12:34,2026-09-14 10:29:09
C202609000648,U10316,P10005,9,CHATSESS446577,其他,2,1,61,669,1,下单,2026-09-06 20:39:19,2026-09-06 20:50:28
C202609000649,U10409,P10013,6,CHATSESS383934,价格活动,6,0,0,1608,0,,2026-09-06 09:25:50,2026-09-06 09:52:38
C202609000650,U10374,P10006,5,CHATSESS640247,售后问题,1,1,245,318,1,加购,2026-09-04 09:19:29,2026-09-04 09:24:47
C202609000651,U10321,P10008,1,CHATSESS731582,商品咨询,7,6,140,1404,0,,2026-09-09 23:17:46,2026-09-09 23:41:10
C202609000652,U10148,P10003,8,CHATSESS288098,商品咨询,4,4,75,1692,0,,2026-09-13 14:13:28,2026-09-13 14:41:40
C202609000653,U10236,P10008,8,CHATSESS666298,物流查询,8,3,164,728,1,加购,2026-09-02 21:30:06,2026-09-02 21:42:14
C202609000654,U10009,P10006,8,CHATSESS973138,商品咨询,1,1,257,1728,1,加购,2026-09-03 07:51:04,2026-09-03 08:19:52
C202609000655,U10129,P10006,3,CHATSESS948491,商品咨询,8,7,47,913,1,加购,2026-09-09 17:36:31,2026-09-09 17:51:44
C202609000656,U10090,P10008,1,CHATSESS984672,商品咨询,6,0,0,1708,1,下单,2026-09-04 23:17:25,2026-09-04 23:45:53
C202609000657,U10273,P10009,2,CHATSESS851850,售后问题,8,7,166,1621,1,下单,2026-09-03 19:46:52,2026-09-03 20:13:53
C202609000658,U10389,P10012,8,CHATSESS388441,物流查询,2,1,70,1104,0,,2026-09-04 20:13:01,2026-09-04 20:31:25
C202609000659,U10029,P10005,9,CHATSESS293378,商品咨询,8,6,181,181,1,下单,2026-09-12 21:01:49,2026-09-12 21:04:50
C202609000660,U10068,P10008,3,CHATSESS630616,物流查询,6,2,102,1303,0,,2026-09-04 15:48:27,2026-09-04 16:10:10
C202609000661,U10009,P10010,10,CHATSESS709507,价格活动,4,4,14,1682,0,,2026-09-08 08:41:50,2026-09-08 09:09:52
C202609000662,U10325,P10002,3,CHATSESS645754,物流查询,8,5,80,913,1,加购,2026-09-07 23:26:10,2026-09-07 23:41:23
C202609000663,U10368,P10014,6,CHATSESS504051,商品咨询,2,1,293,1257,0,,2026-09-14 18:50:26,2026-09-14 19:11:23
C202609000664,U10246,P10016,6,CHATSESS857685,商品咨询,1,1,70,1354,0,,2026-09-10 18:18:26,2026-09-10 18:41:00
C202609000665,U10153,P10012,4,CHATSESS613956,商品咨询,1,1,144,38,1,下单,2026-09-14 03:35:55,2026-09-14 03:36:33
C202609000666,U10233,P10004,9,CHATSESS491057,物流查询,5,0,0,864,1,下单,2026-09-06 20:19:28,2026-09-06 20:33:52
C202609000667,U10241,P10004,4,CHATSESS835667,其他,6,1,120,1426,0,,2026-09-07 17:00:09,2026-09-07 17:23:55
C202609000668,U10408,P10016,2,CHATSESS812701,商品咨询,6,2,189,889,1,下单,2026-09-09 06:42:53,2026-09-09 06:57:42
C202609000669,U10040,P10007,2,CHATSESS401198,其他,4,2,296,271,0,,2026-09-08 06:35:09,2026-09-08 06:39:40
C202609000670,U10062,P10011,5,CHATSESS735683,商品咨询,6,2,187,1190,1,加购,2026-09-09 14:58:27,2026-09-09 15:18:17
C202609000671,U10471,P10010,8,CHATSESS191602,物流查询,7,4,135,454,0,,2026-09-13 20:17:50,2026-09-13 20:25:24
C202609000672,U10138,P10004,6,CHATSESS217404,物流查询,3,2,202,1064,0,,2026-09-12 01:10:38,2026-09-12 01:28:22
C202609000673,U10053,P10020,5,CHATSESS198039,其他,6,3,283,1565,1,下单,2026-09-02 12:46:02,2026-09-02 13:12:07
C202609000674,U10349,P10010,6,CHATSESS890600,商品咨询,2,1,86,306,0,,2026-09-13 18:58:04,2026-09-13 19:03:10
C202609000675,U10031,P10013,6,CHATSESS526875,商品咨询,5,1,49,162,1,加购,2026-09-09 09:17:13,2026-09-09 09:19:55
C202609000676,U10338,P10020,9,CHATSESS424539,商品咨询,2,1,12,1753,1,下单,2026-09-05 19:32:35,2026-09-05 20:01:48
C202609000677,U10278,P10009,8,CHATSESS238148,商品咨询,4,2,73,938,0,,2026-09-01 16:51:08,2026-09-01 17:06:46
C202609000678,U10017,P10011,4,CHATSESS420416,商品咨询,3,2,233,503,0,,2026-09-04 08:58:06,2026-09-04 09:06:29
C202609000679,U10425,P10009,1,CHATSESS704751,商品咨询,3,1,276,423,1,加购,2026-09-13 14:12:25,2026-09-13 14:19:28
C202609000680,U10443,P10015,5,CHATSESS614934,商品咨询,5,4,178,743,1,加购,2026-09-02 02:50:06,2026-09-02 03:02:29
C202609000681,U10157,P10015,4,CHATSESS864746,售后问题,5,4,164,984,1,加购,2026-09-11 13:32:18,2026-09-11 13:48:42
C202609000682,U10140,P10001,8,CHATSESS475697,商品咨询,7,0,0,556,0,,2026-09-07 21:43:14,2026-09-07 21:52:30
C202609000683,U10050,P10006,1,CHATSESS721948,物流查询,5,5,37,1516,0,,2026-09-03 17:11:39,2026-09-03 17:36:55
C202609000684,U10093,P10004,9,CHATSESS607558,价格活动,8,8,153,712,1,下单,2026-09-03 19:33:54,2026-09-03 19:45:46
C202609000685,U10105,P10006,2,CHATSESS538426,价格活动,3,3,271,887,1,加购,2026-09-05 01:55:02,2026-09-05 02:09:49
C202609000686,U10252,P10016,8,CHATSESS850096,物流查询,6,3,194,970,0,,2026-09-13 01:51:36,2026-09-13 02:07:46
C202609000687,U10418,P10019,6,CHATSESS632313,投诉建议,8,8,131,423,1,下单,2026-09-13 14:22:17,2026-09-13 14:29:20
C202609000688,U10475,P10010,10,CHATSESS571992,其他,3,3,122,514,1,下单,2026-09-01 00:52:53,2026-09-01 01:01:27
C202609000689,U10310,P10018,1,CHATSESS318375,价格活动,3,3,23,193,0,,2026-09-03 16:45:10,2026-09-03 16:48:23
C202609000690,U10468,P10002,8,CHATSESS439102,其他,7,5,48,391,1,加购,2026-09-11 16:39:14,2026-09-11 16:45:45
C202609000691,U10435,P10008,10,CHATSESS714076,商品咨询,6,4,199,940,0,,2026-09-14 10:42:11,2026-09-14 10:57:51
C202609000692,U10012,P10020,7,CHATSESS333831,商品咨询,5,0,0,467,1,加购,2026-09-06 23:48:56,2026-09-06 23:56:43
C202609000693,U10375,P10007,4,CHATSESS907933,物流查询,2,2,47,1011,0,,2026-09-12 01:38:30,2026-09-12 01:55:21
C202609000694,U10028,P10014,8,CHATSESS800731,售后问题,1,1,39,591,1,加购,2026-09-05 16:29:58,2026-09-05 16:39:49
C202609000695,U10095,P10005,4,CHATSESS165595,商品咨询,1,1,211,550,0,,2026-09-12 17:28:06,2026-09-12 17:37:16
C202609000696,U10333,P10007,3,CHATSESS284073,商品咨询,2,1,252,639,1,下单,2026-09-05 03:06:50,2026-09-05 03:17:29
C202609000697,U10449,P10008,6,CHATSESS786266,物流查询,5,0,0,975,0,,2026-09-04 11:32:33,2026-09-04 11:48:48
C202609000698,U10246,P10018,10,CHATSESS573106,商品咨询,2,1,10,988,0,,2026-09-07 20:04:22,2026-09-07 20:20:50
C202609000699,U10099,P10003,10,CHATSESS640489,价格活动,2,1,289,1718,0,,2026-09-14 10:28:51,2026-09-14 10:57:29
C202609000700,U10111,P10006,6,CHATSESS108024,物流查询,1,1,6,1104,1,加购,2026-09-03 20:19:17,2026-09-03 20:37:41
C202609000701,U10210,P10004,7,CHATSESS575500,售后问题,6,3,295,640,1,下单,2026-09-08 11:48:02,2026-09-08 11:58:42
C202609000702,U10491,P10001,2,CHATSESS550612,物流查询,8,0,0,762,1,加购,2026-09-13 17:58:53,2026-09-13 18:11:35
C202609000703,U10376,P10004,4,CHATSESS557116,其他,7,7,244,629,1,加购,2026-09-05 07:23:48,2026-09-05 07:34:17
C202609000704,U10270,P10017,6,CHATSESS354525,售后问题,4,0,0,80,1,下单,2026-09-02 07:15:56,2026-09-02 07:17:16
C202609000705,U10231,P10018,1,CHATSESS969340,物流查询,5,5,127,48,0,,2026-09-01 14:39:49,2026-09-01 14:40:37
C202609000706,U10193,P10014,1,CHATSESS227295,售后问题,1,1,91,799,1,加购,2026-09-05 07:38:15,2026-09-05 07:51:34
C202609000707,U10195,P10003,10,CHATSESS711865,价格活动,4,3,158,1476,0,,2026-09-09 18:15:32,2026-09-09 18:40:08
C202609000708,U10228,P10009,8,CHATSESS342381,投诉建议,7,4,196,786,1,加购,2026-09-13 05:46:57,2026-09-13 06:00:03
C202609000709,U10342,P10010,7,CHATSESS736923,售后问题,3,0,0,1558,0,,2026-09-13 20:02:18,2026-09-13 20:28:16
C202609000710,U10292,P10006,6,CHATSESS777734,商品咨询,1,1,223,432,0,,2026-09-02 01:16:53,2026-09-02 01:24:05
C202609000711,U10391,P10002,6,CHATSESS477211,商品咨询,2,2,88,758,0,,2026-09-05 00:13:56,2026-09-05 00:26:34
C202609000712,U10153,P10001,7,CHATSESS463654,商品咨询,2,2,260,862,0,,2026-09-14 14:48:13,2026-09-14 15:02:35
C202609000713,U10376,P10006,2,CHATSESS347831,价格活动,2,0,0,187,1,加购,2026-09-09 20:32:24,2026-09-09 20:35:31
C202609000714,U10191,P10010,4,CHATSESS151028,商品咨询,8,8,185,1791,0,,2026-09-07 19:35:04,2026-09-07 20:04:55
C202609000715,U10045,P10018,3,CHATSESS391103,商品咨询,3,2,60,717,0,,2026-09-06 13:35:29,2026-09-06 13:47:26
C202609000716,U10156,P10002,2,CHATSESS287938,物流查询,2,2,44,1711,0,,2026-09-03 22:32:13,2026-09-03 23:00:44
C202609000717,U10357,P10008,8,CHATSESS185739,商品咨询,2,0,0,320,1,下单,2026-09-13 11:08:20,2026-09-13 11:13:40
C202609000718,U10053,P10018,6,CHATSESS145168,投诉建议,5,3,255,1789,0,,2026-09-03 10:15:41,2026-09-03 10:45:30
C202609000719,U10340,P10009,6,CHATSESS858299,其他,7,1,298,1561,0,,2026-09-13 09:09:10,2026-09-13 09:35:11
C202609000720,U10366,P10007,8,CHATSESS792218,物流查询,6,4,150,1095,1,加购,2026-09-12 09:41:45,2026-09-12 10:00:00
C202609000721,U10250,P10017,7,CHATSESS559591,售后问题,7,7,197,102,0,,2026-09-01 08:29:47,2026-09-01 08:31:29
C202609000722,U10192,P10003,8,CHATSESS777281,物流查询,8,0,0,641,1,下单,2026-09-13 06:34:38,2026-09-13 06:45:19
C202609000723,U10414,P10008,6,CHATSESS149274,物流查询,6,5,280,792,1,加购,2026-09-07 14:55:01,2026-09-07 15:08:13
C202609000724,U10102,P10020,10,CHATSESS985247,售后问题,4,2,241,776,0,,2026-09-11 09:58:17,2026-09-11 10:11:13
C202609000725,U10182,P10011,1,CHATSESS512344,物流查询,1,0,0,461,0,,2026-09-04 22:22:34,2026-09-04 22:30:15
C202609000726,U10080,P10020,3,CHATSESS641686,投诉建议,8,7,216,1475,0,,2026-09-13 21:59:17,2026-09-13 22:23:52
C202609000727,U10480,P10005,5,CHATSESS300214,物流查询,7,4,237,889,0,,2026-09-13 21:27:56,2026-09-13 21:42:45
C202609000728,U10124,P10013,5,CHATSESS857402,售后问题,8,1,122,1046,0,,2026-09-10 09:42:58,2026-09-10 10:00:24
C202609000729,U10371,P10014,2,CHATSESS954149,物流查询,5,2,294,1341,1,加购,2026-09-07 01:34:10,2026-09-07 01:56:31
C202609000730,U10278,P10020,8,CHATSESS545026,物流查询,3,2,208,1337,1,加购,2026-09-11 22:24:36,2026-09-11 22:46:53
C202609000731,U10119,P10016,1,CHATSESS569222,价格活动,1,1,21,1327,0,,2026-09-05 22:06:26,2026-09-05 22:28:33
C202609000732,U10098,P10011,1,CHATSESS439288,物流查询,2,0,0,373,0,,2026-09-12 07:27:28,2026-09-12 07:33:41
C202609000733,U10003,P10009,3,CHATSESS820010,物流查询,7,1,204,120,0,,2026-09-09 09:45:35,2026-09-09 09:47:35
C202609000734,U10147,P10009,10,CHATSESS496332,售后问题,2,2,138,1079,1,加购,2026-09-06 04:01:34,2026-09-06 04:19:33
C202609000735,U10245,P10010,4,CHATSESS404048,商品咨询,3,3,182,720,0,,2026-09-01 14:11:18,2026-09-01 14:23:18
C202609000736,U10360,P10018,2,CHATSESS918970,售后问题,6,0,0,1507,1,加购,2026-09-12 18:02:59,2026-09-12 18:28:06
C202609000737,U10252,P10018,2,CHATSESS961753,价格活动,6,6,145,659,0,,2026-09-03 08:58:47,2026-09-03 09:09:46
C202609000738,U10464,P10015,9,CHATSESS937796,物流查询,1,1,215,1699,0,,2026-09-06 14:06:09,2026-09-06 14:34:28
C202609000739,U10279,P10005,6,CHATSESS366198,商品咨询,5,1,162,1277,1,加购,2026-09-07 16:01:40,2026-09-07 16:22:57
C202609000740,U10413,P10011,6,CHATSESS209390,商品咨询,3,1,298,1301,0,,2026-09-03 01:26:57,2026-09-03 01:48:38
C202609000741,U10350,P10015,8,CHATSESS165712,售后问题,5,2,140,782,0,,2026-09-14 01:16:45,2026-09-14 01:29:47
C202609000742,U10367,P10017,9,CHATSESS273399,价格活动,7,2,70,519,1,加购,2026-09-07 22:07:47,2026-09-07 22:16:26
C202609000743,U10132,P10006,5,CHATSESS733921,价格活动,4,0,0,905,0,,2026-09-12 13:11:54,2026-09-12 13:26:59
C202609000744,U10126,P10004,9,CHATSESS538190,商品咨询,6,0,0,1156,0,,2026-09-06 09:32:30,2026-09-06 09:51:46
C202609000745,U10194,P10009,6,CHATSESS281190,投诉建议,3,1,159,1674,0,,2026-09-13 15:14:30,2026-09-13 15:42:24
C202609000746,U10112,P10012,4,CHATSESS294507,售后问题,8,0,0,1171,1,加购,2026-09-09 03:10:36,2026-09-09 03:30:07
C202609000747,U10093,P10005,5,CHATSESS549128,物流查询,3,1,17,1598,1,下单,2026-09-14 06:06:48,2026-09-14 06:33:26
C202609000748,U10158,P10005,8,CHATSESS577530,商品咨询,6,2,152,378,0,,2026-09-14 15:19:10,2026-09-14 15:25:28
C202609000749,U10094,P10007,8,CHATSESS514509,其他,1,0,0,988,1,下单,2026-09-02 22:23:16,2026-09-02 22:39:44
C202609000750,U10412,P10004,5,CHATSESS583113,物流查询,1,1,27,683,0,,2026-09-08 09:40:14,2026-09-08 09:51:37
C202609000751,U10257,P10009,5,CHATSESS838969,商品咨询,4,3,123,428,0,,2026-09-07 14:46:01,2026-09-07 14:53:09
C202609000752,U10500,P10016,3,CHATSESS536932,商品咨询,2,2,291,1205,0,,2026-09-13 03:01:02,2026-09-13 03:21:07
C202609000753,U10401,P10002,7,CHATSESS845969,投诉建议,5,1,281,1377,0,,2026-09-11 09:12:06,2026-09-11 09:35:03
C202609000754,U10153,P10015,4,CHATSESS152170,商品咨询,8,6,156,1410,0,,2026-09-05 14:59:55,2026-09-05 15:23:25
C202609000755,U10369,P10004,6,CHATSESS295213,售后问题,6,5,150,1601,0,,2026-09-13 18:19:02,2026-09-13 18:45:43
C202609000756,U10177,P10016,9,CHATSESS283690,商品咨询,2,1,15,968,0,,2026-09-08 20:46:25,2026-09-08 21:02:33
C202609000757,U10009,P10013,3,CHATSESS760782,商品咨询,8,4,67,997,0,,2026-09-05 05:30:11,2026-09-05 05:46:48
C202609000758,U10489,P10011,10,CHATSESS898734,其他,4,4,179,1748,0,,2026-09-10 10:29:06,2026-09-10 10:58:14
C202609000759,U10108,P10015,1,CHATSESS703211,投诉建议,3,2,209,339,1,加购,2026-09-04 20:53:12,2026-09-04 20:58:51
C202609000760,U10409,P10018,6,CHATSESS435000,物流查询,6,1,258,693,0,,2026-09-11 09:42:10,2026-09-11 09:53:43
C202609000761,U10399,P10006,3,CHATSESS133870,物流查询,8,7,150,203,0,,2026-09-03 14:53:24,2026-09-03 14:56:47
C202609000762,U10141,P10019,10,CHATSESS655461,其他,3,1,144,70,0,,2026-09-03 10:35:51,2026-09-03 10:37:01
C202609000763,U10158,P10001,9,CHATSESS713114,售后问题,4,0,0,670,1,加购,2026-09-12 03:52:59,2026-09-12 04:04:09
C202609000764,U10097,P10018,7,CHATSESS917550,商品咨询,5,1,275,80,0,,2026-09-14 15:08:35,2026-09-14 15:09:55
C202609000765,U10499,P10014,10,CHATSESS999590,其他,7,4,73,1704,1,加购,2026-09-04 10:09:29,2026-09-04 10:37:53
C202609000766,U10259,P10016,9,CHATSESS667724,物流查询,3,2,266,119,1,加购,2026-09-12 16:04:27,2026-09-12 16:06:26
C202609000767,U10087,P10017,10,CHATSESS708154,售后问题,3,1,289,1398,1,下单,2026-09-01 09:09:37,2026-09-01 09:32:55
C202609000768,U10036,P10014,1,CHATSESS606605,商品咨询,8,2,140,1023,0,,2026-09-01 15:50:22,2026-09-01 16:07:25
C202609000769,U10327,P10003,4,CHATSESS725932,物流查询,3,3,171,1303,1,下单,2026-09-07 06:17:54,2026-09-07 06:39:37
C202609000770,U10289,P10005,7,CHATSESS416989,商品咨询,6,4,198,660,1,加购,2026-09-06 06:40:25,2026-09-06 06:51:25
C202609000771,U10406,P10008,10,CHATSESS999829,价格活动,6,6,164,1138,0,,2026-09-08 01:39:59,2026-09-08 01:58:57
C202609000772,U10030,P10014,7,CHATSESS641371,商品咨询,6,0,0,788,1,加购,2026-09-03 14:49:45,2026-09-03 15:02:53
C202609000773,U10016,P10010,9,CHATSESS735843,商品咨询,4,4,175,585,0,,2026-09-08 12:49:28,2026-09-08 12:59:13
C202609000774,U10290,P10009,4,CHATSESS443006,商品咨询,1,1,28,1533,0,,2026-09-10 20:34:41,2026-09-10 21:00:14
C202609000775,U10401,P10009,4,CHATSESS919053,物流查询,1,0,0,1720,0,,2026-09-01 16:38:36,2026-09-01 17:07:16
C202609000776,U10168,P10007,8,CHATSESS730390,商品咨询,8,3,91,336,0,,2026-09-13 05:38:02,2026-09-13 05:43:38
C202609000777,U10383,P10016,3,CHATSESS102644,价格活动,6,3,101,1378,0,,2026-09-11 06:26:55,2026-09-11 06:49:53
C202609000778,U10084,P10007,1,CHATSESS122863,商品咨询,7,2,269,1686,1,加购,2026-09-14 14:44:03,2026-09-14 15:12:09
C202609000779,U10399,P10012,2,CHATSESS375631,商品咨询,5,5,85,1593,0,,2026-09-08 00:19:20,2026-09-08 00:45:53
C202609000780,U10022,P10013,4,CHATSESS225085,售后问题,7,6,84,412,0,,2026-09-08 19:43:24,2026-09-08 19:50:16
C202609000781,U10441,P10011,7,CHATSESS274880,价格活动,4,3,99,922,1,加购,2026-09-08 11:57:12,2026-09-08 12:12:34
C202609000782,U10441,P10013,7,CHATSESS651129,商品咨询,1,1,256,1703,0,,2026-09-12 08:43:59,2026-09-12 09:12:22
C202609000783,U10432,P10002,9,CHATSESS235160,物流查询,1,0,0,1101,0,,2026-09-01 03:45:59,2026-09-01 04:04:20
C202609000784,U10069,P10019,6,CHATSESS850808,商品咨询,5,0,0,849,1,加购,2026-09-11 03:20:53,2026-09-11 03:35:02
C202609000785,U10087,P10014,7,CHATSESS642445,物流查询,8,5,79,544,0,,2026-09-08 15:04:25,2026-09-08 15:13:29
C202609000786,U10019,P10011,7,CHATSESS558851,价格活动,2,0,0,1100,1,下单,2026-09-06 03:49:39,2026-09-06 04:07:59
C202609000787,U10366,P10015,1,CHATSESS269549,售后问题,6,2,242,840,0,,2026-09-07 05:31:15,2026-09-07 05:45:15
C202609000788,U10481,P10007,10,CHATSESS999625,商品咨询,3,2,31,1281,0,,2026-09-12 01:47:01,2026-09-12 02:08:22
C202609000789,U10261,P10015,5,CHATSESS952305,商品咨询,7,7,220,1387,1,下单,2026-09-07 16:22:57,2026-09-07 16:46:04
C202609000790,U10342,P10017,10,CHATSESS129602,售后问题,2,1,58,1567,0,,2026-09-03 20:12:35,2026-09-03 20:38:42
C202609000791,U10040,P10016,8,CHATSESS221215,其他,2,0,0,747,1,下单,2026-09-06 20:51:34,2026-09-06 21:04:01
C202609000792,U10116,P10013,1,CHATSESS612353,价格活动,4,2,177,1522,0,,2026-09-14 22:41:23,2026-09-14 23:06:45
C202609000793,U10365,P10013,8,CHATSESS943721,商品咨询,2,0,0,1664,0,,2026-09-11 17:41:43,2026-09-11 18:09:27
C202609000794,U10498,P10014,10,CHATSESS638675,售后问题,5,0,0,609,0,,2026-09-14 10:29:49,2026-09-14 10:39:58
C202609000795,U10193,P10010,10,CHATSESS635548,物流查询,8,6,123,1220,1,加购,2026-09-14 09:09:33,2026-09-14 09:29:53
C202609000796,U10089,P10017,7,CHATSESS104968,其他,4,1,94,170,0,,2026-09-06 08:46:49,2026-09-06 08:49:39
C202609000797,U10126,P10005,6,CHATSESS378256,其他,5,2,31,943,0,,2026-09-01 20:27:54,2026-09-01 20:43:37
C202609000798,U10017,P10004,1,CHATSESS919672,其他,4,2,131,1522,1,下单,2026-09-09 09:20:18,2026-09-09 09:45:40
C202609000799,U10263,P10010,5,CHATSESS593379,物流查询,5,4,193,1617,1,下单,2026-09-10 12:58:52,2026-09-10 13:25:49
C202609000800,U10387,P10017,3,CHATSESS916299,售后问题,8,2,84,1239,0,,2026-09-13 14:46:59,2026-09-13 15:07:38
C202609000801,U10143,P10002,9,CHATSESS867250,物流查询,7,0,0,1767,1,加购,2026-09-13 11:47:55,2026-09-13 12:17:22
C202609000802,U10227,P10005,1,CHATSESS260749,价格活动,8,3,296,1775,0,,2026-09-13 09:23:30,2026-09-13 09:53:05
C202609000803,U10033,P10006,1,CHATSESS650810,其他,7,1,115,393,0,,2026-09-07 10:07:05,2026-09-07 10:13:38
C202609000804,U10168,P10014,3,CHATSESS304384,商品咨询,8,5,80,103,0,,2026-09-02 06:18:31,2026-09-02 06:20:14
C202609000805,U10309,P10009,8,CHATSESS788470,价格活动,3,3,92,1149,1,加购,2026-09-13 21:16:32,2026-09-13 21:35:41
C202609000806,U10125,P10019,1,CHATSESS641311,物流查询,8,7,146,680,0,,2026-09-04 03:26:58,2026-09-04 03:38:18
C202609000807,U10077,P10003,5,CHATSESS360506,投诉建议,2,1,8,715,1,加购,2026-09-01 22:23:30,2026-09-01 22:35:25
C202609000808,U10219,P10018,9,CHATSESS228895,商品咨询,1,1,188,1242,0,,2026-09-08 00:03:22,2026-09-08 00:24:04
C202609000809,U10149,P10002,4,CHATSESS389447,售后问题,4,3,152,136,1,下单,2026-09-04 21:07:10,2026-09-04 21:09:26
C202609000810,U10391,P10019,1,CHATSESS597127,物流查询,5,5,185,1613,0,,2026-09-04 17:16:49,2026-09-04 17:43:42
C202609000811,U10309,P10020,10,CHATSESS611843,商品咨询,5,0,0,1773,0,,2026-09-11 10:14:26,2026-09-11 10:43:59
C202609000812,U10323,P10016,6,CHATSESS426276,商品咨询,3,1,231,282,0,,2026-09-01 17:07:05,2026-09-01 17:11:47
C202609000813,U10296,P10016,1,CHATSESS852862,物流查询,7,0,0,492,0,,2026-09-07 22:40:20,2026-09-07 22:48:32
C202609000814,U10415,P10013,3,CHATSESS422935,商品咨询,7,3,166,870,0,,2026-09-07 05:20:50,2026-09-07 05:35:20
C202609000815,U10318,P10016,6,CHATSESS608924,其他,5,4,155,1452,0,,2026-09-11 14:24:32,2026-09-11 14:48:44
C202609000816,U10295,P10008,1,CHATSESS734082,售后问题,6,0,0,1710,0,,2026-09-14 22:41:44,2026-09-14 23:10:14
C202609000817,U10013,P10004,6,CHATSESS182768,价格活动,2,2,185,1580,0,,2026-09-10 20:56:07,2026-09-10 21:22:27
C202609000818,U10500,P10004,4,CHATSESS161019,物流查询,2,2,248,1371,0,,2026-09-05 02:53:30,2026-09-05 03:16:21
C202609000819,U10249,P10008,6,CHATSESS221099,物流查询,2,1,241,1352,1,下单,2026-09-12 21:37:30,2026-09-12 22:00:02
C202609000820,U10164,P10011,9,CHATSESS241162,物流查询,8,5,27,254,0,,2026-09-03 19:54:33,2026-09-03 19:58:47
C202609000821,U10428,P10005,3,CHATSESS420695,价格活动,1,0,0,1320,0,,2026-09-01 04:30:35,2026-09-01 04:52:35
C202609000822,U10328,P10017,2,CHATSESS525849,商品咨询,1,0,0,236,0,,2026-09-14 09:25:37,2026-09-14 09:29:33
C202609000823,U10340,P10013,9,CHATSESS905870,售后问题,5,0,0,840,0,,2026-09-11 03:59:35,2026-09-11 04:13:35
C202609000824,U10339,P10015,5,CHATSESS293241,价格活动,3,2,268,844,0,,2026-09-13 15:54:15,2026-09-13 16:08:19
C202609000825,U10337,P10004,8,CHATSESS486511,商品咨询,4,3,172,1249,1,下单,2026-09-11 13:57:27,2026-09-11 14:18:16
C202609000826,U10095,P10006,5,CHATSESS309097,物流查询,5,4,255,795,1,加购,2026-09-11 14:44:01,2026-09-11 14:57:16
C202609000827,U10292,P10017,10,CHATSESS266882,商品咨询,5,4,135,1676,0,,2026-09-01 14:11:04,2026-09-01 14:39:00
C202609000828,U10065,P10006,9,CHATSESS648161,价格活动,7,1,235,709,1,下单,2026-09-03 02:49:28,2026-09-03 03:01:17
C202609000829,U10063,P10014,2,CHATSESS971492,价格活动,2,2,8,946,0,,2026-09-05 20:46:01,2026-09-05 21:01:47
C202609000830,U10300,P10008,6,CHATSESS475012,商品咨询,3,2,108,1090,0,,2026-09-12 10:44:33,2026-09-12 11:02:43
C202609000831,U10054,P10018,6,CHATSESS931207,物流查询,3,0,0,524,1,加购,2026-09-10 20:50:53,2026-09-10 20:59:37
C202609000832,U10285,P10014,7,CHATSESS841873,物流查询,6,0,0,1174,0,,2026-09-04 05:56:48,2026-09-04 06:16:22
C202609000833,U10212,P10011,8,CHATSESS956425,价格活动,1,1,144,1069,0,,2026-09-06 10:13:49,2026-09-06 10:31:38
C202609000834,U10147,P10016,10,CHATSESS880663,商品咨询,4,0,0,652,1,加购,2026-09-14 20:04:09,2026-09-14 20:15:01
C202609000835,U10173,P10014,4,CHATSESS394498,售后问题,7,5,215,868,0,,2026-09-12 01:05:28,2026-09-12 01:19:56
C202609000836,U10024,P10012,8,CHATSESS159658,价格活动,1,1,152,334,0,,2026-09-06 15:56:59,2026-09-06 16:02:33
C202609000837,U10135,P10016,2,CHATSESS833989,其他,8,2,256,1336,0,,2026-09-04 13:56:36,2026-09-04 14:18:52
C202609000838,U10398,P10020,10,CHATSESS786938,商品咨询,1,1,76,824,0,,2026-09-04 22:23:09,2026-09-04 22:36:53
C202609000839,U10458,P10019,9,CHATSESS267353,物流查询,7,3,214,1490,0,,2026-09-10 20:05:24,2026-09-10 20:30:14
C202609000840,U10028,P10010,4,CHATSESS550830,其他,8,8,78,1566,0,,2026-09-13 20:57:06,2026-09-13 21:23:12
C202609000841,U10304,P10005,10,CHATSESS111048,售后问题,6,3,87,145,0,,2026-09-13 23:55:40,2026-09-13 23:58:05
C202609000842,U10146,P10008,1,CHATSESS119627,物流查询,6,3,93,418,0,,2026-09-04 16:48:47,2026-09-04 16:55:45
C202609000843,U10319,P10019,1,CHATSESS701330,商品咨询,8,2,163,717,0,,2026-09-13 11:32:57,2026-09-13 11:44:54
C202609000844,U10173,P10014,6,CHATSESS785194,商品咨询,3,0,0,181,1,加购,2026-09-02 17:14:11,2026-09-02 17:17:12
C202609000845,U10055,P10008,9,CHATSESS961200,商品咨询,2,2,257,57,1,加购,2026-09-08 10:28:56,2026-09-08 10:29:53
C202609000846,U10151,P10001,6,CHATSESS718856,其他,1,1,151,390,1,加购,2026-09-07 00:40:15,2026-09-07 00:46:45
C202609000847,U10018,P10002,6,CHATSESS299503,其他,2,1,228,887,0,,2026-09-01 06:02:30,2026-09-01 06:17:17
C202609000848,U10032,P10019,10,CHATSESS834847,商品咨询,3,2,201,1183,0,,2026-09-07 22:44:14,2026-09-07 23:03:57
C202609000849,U10380,P10002,1,CHATSESS636036,商品咨询,7,2,232,1190,0,,2026-09-02 22:43:11,2026-09-02 23:03:01
C202609000850,U10243,P10016,2,CHATSESS998549,物流查询,7,7,240,595,1,下单,2026-09-03 03:54:54,2026-09-03 04:04:49
C202609000851,U10124,P10016,7,CHATSESS777648,物流查询,2,1,197,1304,1,加购,2026-09-12 01:08:26,2026-09-12 01:30:10
C202609000852,U10427,P10001,6,CHATSESS588822,商品咨询,4,3,98,929,0,,2026-09-08 11:43:15,2026-09-08 11:58:44
C202609000853,U10152,P10016,5,CHATSESS380522,物流查询,4,4,140,1062,0,,2026-09-14 20:19:54,2026-09-14 20:37:36
C202609000854,U10277,P10014,6,CHATSESS778422,商品咨询,7,7,283,794,1,加购,2026-09-10 20:51:40,2026-09-10 21:04:54
C202609000855,U10296,P10019,9,CHATSESS703485,商品咨询,1,1,35,1347,0,,2026-09-11 13:43:40,2026-09-11 14:06:07
C202609000856,U10081,P10008,7,CHATSESS877804,商品咨询,4,2,287,55,0,,2026-09-12 00:13:28,2026-09-12 00:14:23
C202609000857,U10241,P10016,2,CHATSESS431001,商品咨询,4,2,287,280,0,,2026-09-10 21:11:07,2026-09-10 21:15:47
C202609000858,U10032,P10005,3,CHATSESS976466,物流查询,2,1,188,735,1,加购,2026-09-08 15:36:08,2026-09-08 15:48:23
C202609000859,U10492,P10002,5,CHATSESS455627,商品咨询,7,2,126,50,1,加购,2026-09-07 18:41:13,2026-09-07 18:42:03
C202609000860,U10100,P10011,10,CHATSESS461197,物流查询,4,1,54,1307,1,加购,2026-09-04 12:59:57,2026-09-04 13:21:44
C202609000861,U10266,P10019,9,CHATSESS901155,物流查询,3,0,0,326,0,,2026-09-04 07:35:07,2026-09-04 07:40:33
C202609000862,U10400,P10014,2,CHATSESS979746,投诉建议,4,1,269,585,0,,2026-09-07 14:51:32,2026-09-07 15:01:17
C202609000863,U10187,P10009,6,CHATSESS347767,物流查询,4,3,5,1173,0,,2026-09-03 17:43:22,2026-09-03 18:02:55
C202609000864,U10296,P10002,9,CHATSESS191713,商品咨询,7,0,0,632,0,,2026-09-01 10:13:40,2026-09-01 10:24:12
C202609000865,U10362,P10016,2,CHATSESS928076,价格活动,7,5,140,662,0,,2026-09-02 18:26:16,2026-09-02 18:37:18
C202609000866,U10365,P10005,5,CHATSESS959340,其他,1,1,213,319,1,下单,2026-09-12 08:54:09,2026-09-12 08:59:28
C202609000867,U10413,P10001,5,CHATSESS401092,其他,5,5,198,1691,1,下单,2026-09-02 18:11:59,2026-09-02 18:40:10
C202609000868,U10456,P10004,7,CHATSESS544006,物流查询,3,1,174,487,1,加购,2026-09-01 20:54:12,2026-09-01 21:02:19
C202609000869,U10402,P10020,8,CHATSESS111587,商品咨询,5,3,238,1584,1,加购,2026-09-11 12:23:15,2026-09-11 12:49:39
C202609000870,U10312,P10002,4,CHATSESS251432,物流查询,8,5,248,1167,0,,2026-09-11 21:53:34,2026-09-11 22:13:01
C202609000871,U10254,P10011,7,CHATSESS601706,其他,4,3,132,826,1,下单,2026-09-06 01:55:39,2026-09-06 02:09:25
C202609000872,U10439,P10009,8,CHATSESS544087,商品咨询,8,3,11,126,1,下单,2026-09-02 01:53:07,2026-09-02 01:55:13
C202609000873,U10126,P10007,3,CHATSESS285563,其他,2,2,213,167,0,,2026-09-04 17:32:59,2026-09-04 17:35:46
C202609000874,U10446,P10003,9,CHATSESS912630,价格活动,3,3,164,1769,0,,2026-09-08 02:35:27,2026-09-08 03:04:56
C202609000875,U10243,P10004,10,CHATSESS417684,商品咨询,4,3,237,933,0,,2026-09-02 09:49:36,2026-09-02 10:05:09
C202609000876,U10355,P10008,2,CHATSESS149148,售后问题,8,8,95,1466,1,加购,2026-09-10 19:12:41,2026-09-10 19:37:07
C202609000877,U10220,P10016,7,CHATSESS287228,商品咨询,8,2,51,1373,1,加购,2026-09-04 20:31:30,2026-09-04 20:54:23
C202609000878,U10131,P10002,4,CHATSESS546974,商品咨询,5,1,142,1666,1,加购,2026-09-14 04:47:44,2026-09-14 05:15:30
C202609000879,U10414,P10010,1,CHATSESS426192,商品咨询,1,0,0,1392,0,,2026-09-05 17:31:05,2026-09-05 17:54:17
C202609000880,U10064,P10020,7,CHATSESS898563,售后问题,7,3,193,698,0,,2026-09-05 09:53:23,2026-09-05 10:05:01
C202609000881,U10347,P10009,1,CHATSESS659927,商品咨询,7,6,209,595,0,,2026-09-10 06:00:46,2026-09-10 06:10:41
C202609000882,U10108,P10003,3,CHATSESS796870,商品咨询,3,2,32,990,1,加购,2026-09-06 09:53:20,2026-09-06 10:09:50
C202609000883,U10178,P10006,2,CHATSESS617758,其他,8,3,117,1431,0,,2026-09-01 14:03:44,2026-09-01 14:27:35
C202609000884,U10336,P10002,4,CHATSESS652990,售后问题,8,7,130,916,1,下单,2026-09-05 15:37:28,2026-09-05 15:52:44
C202609000885,U10111,P10011,4,CHATSESS625171,其他,6,3,175,1474,0,,2026-09-01 02:23:37,2026-09-01 02:48:11
C202609000886,U10274,P10018,1,CHATSESS929086,物流查询,4,4,77,816,1,下单,2026-09-03 18:27:13,2026-09-03 18:40:49
C202609000887,U10108,P10004,6,CHATSESS213313,其他,3,1,261,624,1,下单,2026-09-06 16:16:40,2026-09-06 16:27:04
C202609000888,U10054,P10013,9,CHATSESS479981,售后问题,5,0,0,1201,0,,2026-09-02 10:19:44,2026-09-02 10:39:45
C202609000889,U10101,P10013,4,CHATSESS638241,商品咨询,3,3,149,777,0,,2026-09-10 22:59:36,2026-09-10 23:12:33
C202609000890,U10377,P10017,6,CHATSESS396648,物流查询,1,0,0,1668,0,,2026-09-02 11:02:23,2026-09-02 11:30:11
C202609000891,U10437,P10002,10,CHATSESS495061,物流查询,6,2,157,577,0,,2026-09-09 17:07:47,2026-09-09 17:17:24
C202609000892,U10455,P10014,3,CHATSESS244410,商品咨询,2,0,0,704,0,,2026-09-11 01:05:19,2026-09-11 01:17:03
C202609000893,U10470,P10001,5,CHATSESS990658,商品咨询,1,1,31,1519,0,,2026-09-08 14:47:28,2026-09-08 15:12:47
C202609000894,U10325,P10002,9,CHATSESS701050,售后问题,6,0,0,196,1,下单,2026-09-04 02:32:34,2026-09-04 02:35:50
C202609000895,U10281,P10015,2,CHATSESS233225,价格活动,4,1,171,1284,0,,2026-09-06 12:55:07,2026-09-06 13:16:31
C202609000896,U10380,P10017,8,CHATSESS188387,价格活动,7,3,244,673,0,,2026-09-10 21:22:25,2026-09-10 21:33:38
C202609000897,U10076,P10020,7,CHATSESS798900,商品咨询,7,0,0,1047,0,,2026-09-01 17:27:10,2026-09-01 17:44:37
C202609000898,U10254,P10004,1,CHATSESS293389,价格活动,3,3,127,207,0,,2026-09-01 18:42:06,2026-09-01 18:45:33
C202609000899,U10480,P10013,6,CHATSESS514312,商品咨询,6,3,48,61,0,,2026-09-06 09:30:18,2026-09-06 09:31:19
C202609000900,U10229,P10020,10,CHATSESS105806,其他,8,2,29,1160,0,,2026-09-07 23:26:14,2026-09-07 23:45:34
C202609000901,U10097,P10012,7,CHATSESS557314,售后问题,7,7,142,777,1,加购,2026-09-12 14:05:37,2026-09-12 14:18:34
C202609000902,U10162,P10001,2,CHATSESS448911,价格活动,6,5,24,320,1,下单,2026-09-03 11:46:09,2026-09-03 11:51:29
C202609000903,U10139,P10013,9,CHATSESS495745,其他,5,1,163,806,1,下单,2026-09-08 04:35:25,2026-09-08 04:48:51
C202609000904,U10061,P10015,3,CHATSESS262966,商品咨询,8,8,299,1516,0,,2026-09-11 14:29:40,2026-09-11 14:54:56
C202609000905,U10285,P10019,3,CHATSESS449949,商品咨询,3,1,171,351,1,加购,2026-09-05 05:41:02,2026-09-05 05:46:53
C202609000906,U10037,P10013,2,CHATSESS790522,售后问题,6,4,28,263,0,,2026-09-12 07:56:07,2026-09-12 08:00:30
C202609000907,U10471,P10018,3,CHATSESS458114,物流查询,7,2,286,1667,0,,2026-09-06 21:10:25,2026-09-06 21:38:12
C202609000908,U10467,P10011,4,CHATSESS220936,物流查询,6,1,285,738,0,,2026-09-09 17:48:06,2026-09-09 18:00:24
C202609000909,U10307,P10006,6,CHATSESS257006,商品咨询,6,6,94,940,1,加购,2026-09-08 22:06:44,2026-09-08 22:22:24
C202609000910,U10101,P10003,10,CHATSESS646424,价格活动,2,0,0,1426,0,,2026-09-09 19:17:09,2026-09-09 19:40:55
C202609000911,U10293,P10006,3,CHATSESS418775,价格活动,1,1,5,1335,0,,2026-09-06 17:07:22,2026-09-06 17:29:37
C202609000912,U10093,P10007,5,CHATSESS224437,价格活动,5,5,235,1789,0,,2026-09-05 15:36:02,2026-09-05 16:05:51
C202609000913,U10191,P10002,7,CHATSESS339320,商品咨询,5,4,82,1207,0,,2026-09-13 03:44:48,2026-09-13 04:04:55
C202609000914,U10319,P10005,1,CHATSESS466025,物流查询,7,0,0,1043,0,,2026-09-09 21:25:54,2026-09-09 21:43:17
C202609000915,U10007,P10007,6,CHATSESS932419,其他,2,2,118,1148,1,下单,2026-09-04 04:32:48,2026-09-04 04:51:56
C202609000916,U10248,P10017,10,CHATSESS333868,价格活动,6,5,34,410,0,,2026-09-07 13:42:03,2026-09-07 13:48:53
C202609000917,U10178,P10007,7,CHATSESS872386,其他,8,2,25,481,0,,2026-09-04 14:35:09,2026-09-04 14:43:10
C202609000918,U10472,P10020,3,CHATSESS878944,商品咨询,2,1,285,1011,1,加购,2026-09-04 15:05:38,2026-09-04 15:22:29
C202609000919,U10306,P10014,3,CHATSESS186074,物流查询,8,0,0,1350,1,加购,2026-09-04 21:50:03,2026-09-04 22:12:33
C202609000920,U10385,P10011,5,CHATSESS757888,物流查询,7,7,181,1259,1,下单,2026-09-06 22:52:34,2026-09-06 23:13:33
C202609000921,U10247,P10009,3,CHATSESS300003,其他,2,2,69,233,1,下单,2026-09-11 00:24:37,2026-09-11 00:28:30
C202609000922,U10483,P10012,7,CHATSESS555938,商品咨询,5,3,203,751,0,,2026-09-09 06:58:39,2026-09-09 07:11:10
C202609000923,U10394,P10008,6,CHATSESS875062,价格活动,2,1,158,276,0,,2026-09-01 08:01:10,2026-09-01 08:05:46
C202609000924,U10259,P10004,9,CHATSESS420560,商品咨询,5,3,213,375,1,下单,2026-09-01 06:37:22,2026-09-01 06:43:37
C202609000925,U10284,P10005,1,CHATSESS186881,商品咨询,8,7,116,373,1,下单,2026-09-02 18:18:45,2026-09-02 18:24:58
C202609000926,U10050,P10009,2,CHATSESS124542,其他,1,1,46,1642,0,,2026-09-03 10:36:44,2026-09-03 11:04:06
C202609000927,U10465,P10003,9,CHATSESS611684,价格活动,8,0,0,1315,0,,2026-09-05 02:47:29,2026-09-05 03:09:24
C202609000928,U10338,P10018,1,CHATSESS909194,售后问题,3,0,0,1475,1,下单,2026-09-07 15:40:12,2026-09-07 16:04:47
C202609000929,U10141,P10003,7,CHATSESS752603,商品咨询,2,2,280,336,0,,2026-09-12 01:32:36,2026-09-12 01:38:12
C202609000930,U10178,P10002,6,CHATSESS153461,商品咨询,6,3,59,814,0,,2026-09-04 07:38:30,2026-09-04 07:52:04
C202609000931,U10306,P10002,7,CHATSESS444460,商品咨询,5,4,10,888,0,,2026-09-14 20:58:43,2026-09-14 21:13:31
C202609000932,U10254,P10017,4,CHATSESS865159,商品咨询,5,2,30,1497,0,,2026-09-07 14:33:36,2026-09-07 14:58:33
C202609000933,U10158,P10014,3,CHATSESS732568,其他,3,1,247,278,1,下单,2026-09-07 23:58:12,2026-09-08 00:02:50
C202609000934,U10412,P10016,9,CHATSESS653481,商品咨询,3,1,131,1795,1,加购,2026-09-07 22:15:18,2026-09-07 22:45:13
C202609000935,U10242,P10007,3,CHATSESS636626,物流查询,5,2,213,532,0,,2026-09-06 08:58:01,2026-09-06 09:06:53
C202609000936,U10290,P10005,3,CHATSESS151763,物流查询,8,6,93,518,0,,2026-09-09 08:40:24,2026-09-09 08:49:02
C202609000937,U10109,P10005,4,CHATSESS592487,商品咨询,4,4,36,727,0,,2026-09-09 23:25:31,2026-09-09 23:37:38
C202609000938,U10239,P10013,10,CHATSESS424903,物流查询,4,4,229,1007,1,加购,2026-09-02 00:59:47,2026-09-02 01:16:34
C202609000939,U10109,P10005,5,CHATSESS613649,物流查询,4,2,241,441,0,,2026-09-05 18:32:45,2026-09-05 18:40:06
C202609000940,U10154,P10003,10,CHATSESS554633,商品咨询,7,3,85,1546,0,,2026-09-05 08:27:29,2026-09-05 08:53:15
C202609000941,U10284,P10018,4,CHATSESS220858,商品咨询,1,1,178,355,1,加购,2026-09-02 23:09:18,2026-09-02 23:15:13
C202609000942,U10359,P10012,4,CHATSESS191116,物流查询,6,0,0,1002,0,,2026-09-11 16:17:35,2026-09-11 16:34:17
C202609000943,U10030,P10011,3,CHATSESS511120,价格活动,1,0,0,1234,1,加购,2026-09-14 07:46:44,2026-09-14 08:07:18
C202609000944,U10425,P10018,4,CHATSESS685602,物流查询,7,7,153,1353,1,下单,2026-09-02 21:01:29,2026-09-02 21:24:02
C202609000945,U10208,P10008,7,CHATSESS657081,物流查询,6,6,274,1689,1,下单,2026-09-04 00:37:50,2026-09-04 01:05:59
C202609000946,U10195,P10008,10,CHATSESS644027,商品咨询,2,1,28,350,0,,2026-09-08 11:50:28,2026-09-08 11:56:18
C202609000947,U10178,P10015,6,CHATSESS152735,物流查询,2,1,120,128,0,,2026-09-11 04:14:12,2026-09-11 04:16:20
C202609000948,U10035,P10016,10,CHATSESS519893,商品咨询,6,6,199,1643,1,加购,2026-09-04 22:28:20,2026-09-04 22:55:43
C202609000949,U10158,P10018,6,CHATSESS722490,商品咨询,7,2,205,118,0,,2026-09-01 09:31:50,2026-09-01 09:33:48
C202609000950,U10424,P10015,5,CHATSESS578765,物流查询,3,0,0,1163,1,加购,2026-09-05 11:48:43,2026-09-05 12:08:06
C202609000951,U10014,P10001,8,CHATSESS400287,商品咨询,1,1,144,863,0,,2026-09-09 19:22:41,2026-09-09 19:37:04
C202609000952,U10089,P10013,8,CHATSESS445099,价格活动,1,1,235,1027,0,,2026-09-14 09:19:50,2026-09-14 09:36:57
C202609000953,U10383,P10020,3,CHATSESS451570,售后问题,8,6,282,1672,1,加购,2026-09-08 19:08:11,2026-09-08 19:36:03
C202609000954,U10340,P10012,5,CHATSESS916505,价格活动,7,0,0,1582,1,加购,2026-09-10 11:05:51,2026-09-10 11:32:13
C202609000955,U10176,P10009,5,CHATSESS751720,商品咨询,6,4,103,1352,1,加购,2026-09-05 16:38:40,2026-09-05 17:01:12
C202609000956,U10340,P10007,7,CHATSESS671011,商品咨询,8,7,285,1538,0,,2026-09-02 21:06:33,2026-09-02 21:32:11
C202609000957,U10181,P10009,6,CHATSESS596722,价格活动,5,1,45,566,1,加购,2026-09-07 19:34:17,2026-09-07 19:43:43
C202609000958,U10366,P10004,5,CHATSESS930576,价格活动,7,3,187,1275,0,,2026-09-10 09:14:10,2026-09-10 09:35:25
C202609000959,U10452,P10008,3,CHATSESS168351,物流查询,8,6,16,621,0,,2026-09-12 08:04:24,2026-09-12 08:14:45
C202609000960,U10123,P10005,9,CHATSESS183229,商品咨询,7,3,155,1293,1,加购,2026-09-13 05:03:36,2026-09-13 05:25:09
C202609000961,U10132,P10003,10,CHATSESS533233,价格活动,2,1,115,1580,0,,2026-09-02 16:38:01,2026-09-02 17:04:21
C202609000962,U10110,P10008,1,CHATSESS729438,商品咨询,6,0,0,198,1,下单,2026-09-14 06:39:46,2026-09-14 06:43:04
C202609000963,U10411,P10003,10,CHATSESS560292,物流查询,7,6,91,948,1,加购,2026-09-02 10:34:02,2026-09-02 10:49:50
C202609000964,U10064,P10016,8,CHATSESS428000,售后问题,2,2,214,578,1,加购,2026-09-06 15:11:18,2026-09-06 15:20:56
C202609000965,U10141,P10014,6,CHATSESS930359,物流查询,2,0,0,1234,0,,2026-09-02 01:58:02,2026-09-02 02:18:36
C202609000966,U10090,P10007,1,CHATSESS489433,物流查询,2,2,68,1244,0,,2026-09-12 23:16:54,2026-09-12 23:37:38
C202609000967,U10435,P10014,6,CHATSESS428120,价格活动,4,1,277,264,0,,2026-09-01 13:36:40,2026-09-01 13:41:04
C202609000968,U10009,P10006,1,CHATSESS252041,价格活动,7,5,44,1052,0,,2026-09-12 14:01:07,2026-09-12 14:18:39
C202609000969,U10098,P10010,7,CHATSESS356897,价格活动,4,2,130,643,0,,2026-09-14 03:30:59,2026-09-14 03:41:42
C202609000970,U10337,P10014,6,CHATSESS156248,商品咨询,1,1,122,1617,1,加购,2026-09-07 02:14:47,2026-09-07 02:41:44
C202609000971,U10244,P10012,6,CHATSESS928071,商品咨询,4,0,0,1640,0,,2026-09-04 22:19:12,2026-09-04 22:46:32
C202609000972,U10341,P10018,9,CHATSESS197456,价格活动,8,7,297,977,1,加购,2026-09-14 07:19:46,2026-09-14 07:36:03
C202609000973,U10011,P10001,10,CHATSESS649637,商品咨询,2,2,170,578,1,加购,2026-09-08 21:53:08,2026-09-08 22:02:46
C202609000974,U10412,P10006,9,CHATSESS531856,商品咨询,2,0,0,1366,0,,2026-09-14 22:08:16,2026-09-14 22:31:02
C202609000975,U10452,P10001,5,CHATSESS186253,投诉建议,6,2,253,1709,1,加购,2026-09-08 07:51:01,2026-09-08 08:19:30
C202609000976,U10372,P10014,8,CHATSESS466154,投诉建议,7,0,0,916,0,,2026-09-06 05:51:29,2026-09-06 06:06:45
C202609000977,U10301,P10013,7,CHATSESS642440,物流查询,3,1,28,340,0,,2026-09-08 10:42:23,2026-09-08 10:48:03
C202609000978,U10070,P10017,10,CHATSESS525200,商品咨询,1,1,144,540,0,,2026-09-03 22:31:56,2026-09-03 22:40:56
C202609000979,U10317,P10015,2,CHATSESS361508,其他,4,4,45,51,0,,2026-09-10 07:30:16,2026-09-10 07:31:07
C202609000980,U10477,P10011,1,CHATSESS699681,其他,5,5,215,752,0,,2026-09-09 11:16:31,2026-09-09 11:29:03
C202609000981,U10293,P10008,9,CHATSESS625118,商品咨询,5,4,295,1281,0,,2026-09-10 11:30:10,2026-09-10 11:51:31
C202609000982,U10159,P10019,2,CHATSESS332803,商品咨询,6,4,13,864,1,加购,2026-09-14 09:11:06,2026-09-14 09:25:30
C202609000983,U10213,P10016,10,CHATSESS322038,商品咨询,5,1,200,1370,0,,2026-09-01 04:09:45,2026-09-01 04:32:35
C202609000984,U10014,P10008,9,CHATSESS726046,商品咨询,4,0,0,1353,0,,2026-09-02 16:12:06,2026-09-02 16:34:39
C202609000985,U10156,P10002,1,CHATSESS730398,售后问题,6,1,243,1558,0,,2026-09-10 23:06:28,2026-09-10 23:32:26
C202609000986,U10341,P10014,8,CHATSESS513509,价格活动,6,4,166,82,0,,2026-09-05 16:19:34,2026-09-05 16:20:56
C202609000987,U10410,P10002,9,CHATSESS718559,价格活动,1,1,248,676,1,下单,2026-09-10 15:51:54,2026-09-10 16:03:10
C202609000988,U10183,P10007,9,CHATSESS872586,物流查询,3,1,294,487,0,,2026-09-08 22:16:28,2026-09-08 22:24:35
C202609000989,U10327,P10009,9,CHATSESS986089,价格活动,1,0,0,1362,1,下单,2026-09-10 07:48:07,2026-09-10 08:10:49
C202609000990,U10217,P10017,4,CHATSESS819644,售后问题,8,6,73,1641,1,加购,2026-09-08 21:19:44,2026-09-08 21:47:05
C202609000991,U10458,P10002,1,CHATSESS765507,售后问题,4,4,103,836,1,加购,2026-09-14 04:42:51,2026-09-14 04:56:47
C202609000992,U10370,P10015,3,CHATSESS438033,其他,3,2,24,1017,0,,2026-09-05 07:32:51,2026-09-05 07:49:48
C202609000993,U10075,P10005,9,CHATSESS601139,售后问题,6,5,40,202,1,下单,2026-09-08 16:24:06,2026-09-08 16:27:28
C202609000994,U10046,P10003,10,CHATSESS179787,价格活动,2,1,259,1025,0,,2026-09-02 17:34:25,2026-09-02 17:51:30
C202609000995,U10217,P10010,2,CHATSESS136249,售后问题,8,6,251,1609,1,加购,2026-09-04 09:46:34,2026-09-04 10:13:23
C202609000996,U10440,P10017,4,CHATSESS871390,商品咨询,6,0,0,739,1,下单,2026-09-10 20:52:05,2026-09-10 21:04:24
C202609000997,U10085,P10009,6,CHATSESS788563,价格活动,8,1,150,556,1,加购,2026-09-04 08:23:23,2026-09-04 08:32:39
C202609000998,U10424,P10013,4,CHATSESS754613,物流查询,6,0,0,574,0,,2026-09-14 12:17:23,2026-09-14 12:26:57
C202609000999,U10279,P10017,5,CHATSESS391721,价格活动,1,1,109,1122,1,加购,2026-09-05 20:00:14,2026-09-05 20:18:56
C202609001000,U10242,P10014,5,CHATSESS357951,商品咨询,4,1,264,1247,1,下单,2026-09-07 17:58:50,2026-09-07 18:19:37
C202609001001,U10288,P10004,10,CHATSESS379409,商品咨询,1,1,249,1616,1,加购,2026-09-08 12:41:17,2026-09-08 13:08:13
C202609001002,U10078,P10004,9,CHATSESS576003,其他,6,2,240,1075,1,下单,2026-09-09 03:38:07,2026-09-09 03:56:02
C202609001003,U10121,P10016,10,CHATSESS300341,物流查询,2,2,94,1165,1,加购,2026-09-03 22:00:37,2026-09-03 22:20:02
C202609001004,U10147,P10012,10,CHATSESS322470,商品咨询,8,2,297,1553,0,,2026-09-11 22:54:41,2026-09-11 23:20:34
C202609001005,U10258,P10010,5,CHATSESS140708,物流查询,3,0,0,621,0,,2026-09-01 18:56:55,2026-09-01 19:07:16
C202609001006,U10498,P10012,10,CHATSESS445982,其他,4,0,0,1120,0,,2026-09-01 22:11:51,2026-09-01 22:30:31
C202609001007,U10269,P10004,9,CHATSESS581001,物流查询,2,1,152,249,0,,2026-09-08 18:45:19,2026-09-08 18:49:28
C202609001008,U10415,P10015,6,CHATSESS200716,商品咨询,3,0,0,1321,1,下单,2026-09-10 16:18:36,2026-09-10 16:40:37
C202609001009,U10184,P10010,2,CHATSESS811307,投诉建议,1,1,243,1062,0,,2026-09-13 10:49:15,2026-09-13 11:06:57
C202609001010,U10353,P10017,10,CHATSESS960032,物流查询,2,1,130,1610,0,,2026-09-05 21:56:00,2026-09-05 22:22:50
C202609001011,U10460,P10010,6,CHATSESS320346,商品咨询,4,1,246,1246,0,,2026-09-06 10:22:09,2026-09-06 10:42:55
C202609001012,U10347,P10011,2,CHATSESS696065,商品咨询,5,4,83,998,1,下单,2026-09-11 14:13:12,2026-09-11 14:29:50
C202609001013,U10191,P10017,7,CHATSESS886025,价格活动,4,1,215,1378,0,,2026-09-09 02:38:04,2026-09-09 03:01:02
C202609001014,U10461,P10001,3,CHATSESS411690,物流查询,2,1,46,1688,1,加购,2026-09-05 20:08:22,2026-09-05 20:36:30
C202609001015,U10078,P10007,8,CHATSESS699354,价格活动,5,3,135,1534,0,,2026-09-07 16:07:49,2026-09-07 16:33:23
C202609001016,U10078,P10005,9,CHATSESS154818,商品咨询,5,0,0,441,0,,2026-09-11 10:53:28,2026-09-11 11:00:49
C202609001017,U10121,P10011,1,CHATSESS555120,价格活动,6,3,247,624,1,加购,2026-09-03 02:26:35,2026-09-03 02:36:59
C202609001018,U10287,P10001,5,CHATSESS321676,物流查询,2,2,137,1786,0,,2026-09-11 13:33:19,2026-09-11 14:03:05
C202609001019,U10034,P10002,7,CHATSESS820461,商品咨询,8,8,121,344,0,,2026-09-12 10:35:01,2026-09-12 10:40:45
C202609001020,U10414,P10007,5,CHATSESS573933,其他,5,3,54,67,0,,2026-09-03 11:24:10,2026-09-03 11:25:17
C202609001021,U10061,P10012,3,CHATSESS920464,价格活动,4,4,244,738,0,,2026-09-04 18:36:47,2026-09-04 18:49:05
C202609001022,U10306,P10017,2,CHATSESS827398,价格活动,1,1,218,255,0,,2026-09-12 15:47:54,2026-09-12 15:52:09
C202609001023,U10289,P10018,2,CHATSESS181022,售后问题,1,1,72,1082,1,下单,2026-09-14 05:21:06,2026-09-14 05:39:08
C202609001024,U10315,P10004,1,CHATSESS436168,商品咨询,7,4,249,795,0,,2026-09-08 21:18:30,2026-09-08 21:31:45
C202609001025,U10050,P10012,10,CHATSESS134259,价格活动,1,1,42,938,0,,2026-09-11 20:57:14,2026-09-11 21:12:52
C202609001026,U10176,P10014,5,CHATSESS840834,商品咨询,2,0,0,587,0,,2026-09-13 12:53:26,2026-09-13 13:03:13
C202609001027,U10077,P10003,2,CHATSESS759820,价格活动,7,5,155,1471,0,,2026-09-01 15:18:58,2026-09-01 15:43:29
C202609001028,U10148,P10017,6,CHATSESS840973,物流查询,7,6,91,1708,1,加购,2026-09-04 16:02:23,2026-09-04 16:30:51
C202609001029,U10086,P10014,2,CHATSESS576353,价格活动,8,6,178,1151,1,下单,2026-09-10 05:05:10,2026-09-10 05:24:21
C202609001030,U10286,P10012,10,CHATSESS409234,商品咨询,2,2,202,1375,0,,2026-09-04 15:48:15,2026-09-04 16:11:10
C202609001031,U10436,P10019,6,CHATSESS288804,售后问题,6,6,111,370,0,,2026-09-11 20:48:44,2026-09-11 20:54:54
C202609001032,U10034,P10001,3,CHATSESS131406,商品咨询,1,0,0,274,0,,2026-09-03 23:56:52,2026-09-04 00:01:26
C202609001033,U10121,P10009,9,CHATSESS683496,物流查询,1,1,157,1332,0,,2026-09-06 11:17:58,2026-09-06 11:40:10
C202609001034,U10153,P10017,9,CHATSESS734203,其他,5,4,43,312,1,下单,2026-09-09 08:14:58,2026-09-09 08:20:10
C202609001035,U10451,P10003,5,CHATSESS438251,物流查询,3,2,177,1327,0,,2026-09-13 10:13:06,2026-09-13 10:35:13
C202609001036,U10067,P10001,4,CHATSESS851636,商品咨询,1,1,255,1461,0,,2026-09-06 10:40:10,2026-09-06 11:04:31
C202609001037,U10438,P10017,8,CHATSESS729723,售后问题,8,8,53,1374,1,加购,2026-09-02 21:52:46,2026-09-02 22:15:40
C202609001038,U10393,P10008,5,CHATSESS408459,商品咨询,5,2,169,1113,0,,2026-09-06 06:34:01,2026-09-06 06:52:34
C202609001039,U10214,P10015,3,CHATSESS909633,商品咨询,2,0,0,951,0,,2026-09-09 10:37:15,2026-09-09 10:53:06
C202609001040,U10312,P10015,1,CHATSESS990093,商品咨询,5,1,101,1152,1,加购,2026-09-12 08:32:33,2026-09-12 08:51:45
C202609001041,U10442,P10019,10,CHATSESS261724,价格活动,4,0,0,392,0,,2026-09-01 05:45:19,2026-09-01 05:51:51
C202609001042,U10181,P10019,9,CHATSESS667841,商品咨询,2,0,0,1623,1,下单,2026-09-03 08:03:38,2026-09-03 08:30:41
C202609001043,U10191,P10006,1,CHATSESS409361,其他,2,0,0,561,1,加购,2026-09-05 03:57:57,2026-09-05 04:07:18
C202609001044,U10015,P10001,10,CHATSESS324883,其他,1,0,0,1031,0,,2026-09-10 04:32:51,2026-09-10 04:50:02
C202609001045,U10244,P10003,8,CHATSESS789116,售后问题,3,0,0,1781,0,,2026-09-12 08:51:43,2026-09-12 09:21:24
C202609001046,U10070,P10017,1,CHATSESS860194,售后问题,1,1,73,356,0,,2026-09-07 23:01:41,2026-09-07 23:07:37
C202609001047,U10110,P10016,5,CHATSESS387393,物流查询,3,3,152,1215,0,,2026-09-12 20:58:35,2026-09-12 21:18:50
C202609001048,U10126,P10009,7,CHATSESS246873,其他,1,1,104,821,0,,2026-09-10 09:37:54,2026-09-10 09:51:35
C202609001049,U10072,P10019,8,CHATSESS917424,价格活动,6,5,43,1491,1,加购,2026-09-08 10:30:14,2026-09-08 10:55:05
C202609001050,U10247,P10020,5,CHATSESS742683,价格活动,4,4,50,691,0,,2026-09-13 09:37:34,2026-09-13 09:49:05
C202609001051,U10355,P10011,8,CHATSESS724052,物流查询,3,3,54,338,1,加购,2026-09-01 11:15:20,2026-09-01 11:20:58
C202609001052,U10462,P10012,3,CHATSESS608142,商品咨询,1,1,238,708,0,,2026-09-12 01:33:26,2026-09-12 01:45:14
C202609001053,U10341,P10008,4,CHATSESS956089,物流查询,3,1,225,610,0,,2026-09-14 14:19:52,2026-09-14 14:30:02
C202609001054,U10401,P10010,10,CHATSESS826709,售后问题,5,4,40,758,1,加购,2026-09-06 17:44:38,2026-09-06 17:57:16
C202609001055,U10312,P10015,1,CHATSESS297782,物流查询,2,2,23,1166,1,加购,2026-09-12 21:41:35,2026-09-12 22:01:01
C202609001056,U10452,P10006,10,CHATSESS285177,商品咨询,6,2,207,1473,0,,2026-09-13 17:17:45,2026-09-13 17:42:18
C202609001057,U10072,P10019,3,CHATSESS256793,价格活动,7,7,167,1221,1,加购,2026-09-03 13:08:46,2026-09-03 13:29:07
C202609001058,U10322,P10002,8,CHATSESS574069,商品咨询,1,1,183,1601,1,加购,2026-09-13 05:10:28,2026-09-13 05:37:09
C202609001059,U10201,P10018,7,CHATSESS237420,商品咨询,6,5,36,664,0,,2026-09-01 04:30:53,2026-09-01 04:41:57
C202609001060,U10287,P10001,4,CHATSESS473396,商品咨询,7,3,170,134,0,,2026-09-05 09:57:16,2026-09-05 09:59:30
C202609001061,U10209,P10008,9,CHATSESS122051,物流查询,2,1,220,175,1,加购,2026-09-12 16:05:18,2026-09-12 16:08:13
C202609001062,U10480,P10018,1,CHATSESS795740,价格活动,5,4,151,1684,0,,2026-09-03 14:43:56,2026-09-03 15:12:00
C202609001063,U10439,P10013,6,CHATSESS103611,其他,6,0,0,548,0,,2026-09-09 07:17:40,2026-09-09 07:26:48
C202609001064,U10042,P10012,9,CHATSESS768301,其他,4,4,272,82,0,,2026-09-11 15:41:28,2026-09-11 15:42:50
C202609001065,U10366,P10003,5,CHATSESS858930,其他,3,3,119,1625,1,加购,2026-09-05 16:26:54,2026-09-05 16:53:59
C202609001066,U10485,P10020,2,CHATSESS350939,价格活动,6,4,161,118,0,,2026-09-03 11:51:37,2026-09-03 11:53:35
C202609001067,U10368,P10002,4,CHATSESS129465,投诉建议,8,0,0,1174,0,,2026-09-03 19:31:35,2026-09-03 19:51:09
C202609001068,U10481,P10017,1,CHATSESS501700,售后问题,6,1,18,1124,1,下单,2026-09-11 16:22:32,2026-09-11 16:41:16
C202609001069,U10181,P10019,10,CHATSESS231996,售后问题,4,1,84,1500,1,加购,2026-09-04 18:45:08,2026-09-04 19:10:08
C202609001070,U10240,P10009,2,CHATSESS265580,物流查询,1,1,249,1664,1,下单,2026-09-05 03:28:00,2026-09-05 03:55:44
C202609001071,U10440,P10018,7,CHATSESS640950,投诉建议,5,4,80,671,1,加购,2026-09-07 05:47:05,2026-09-07 05:58:16
C202609001072,U10035,P10019,4,CHATSESS928688,商品咨询,7,2,241,658,1,加购,2026-09-03 06:32:13,2026-09-03 06:43:11
C202609001073,U10128,P10014,6,CHATSESS379307,商品咨询,7,2,5,1569,0,,2026-09-07 19:34:39,2026-09-07 20:00:48
C202609001074,U10109,P10002,8,CHATSESS259048,售后问题,2,0,0,865,1,下单,2026-09-10 16:46:59,2026-09-10 17:01:24
C202609001075,U10111,P10015,1,CHATSESS506265,其他,5,3,178,118,0,,2026-09-02 16:15:36,2026-09-02 16:17:34
C202609001076,U10252,P10011,5,CHATSESS268751,物流查询,6,1,121,778,0,,2026-09-09 14:08:48,2026-09-09 14:21:46
C202609001077,U10170,P10019,5,CHATSESS535360,其他,1,1,74,1560,0,,2026-09-13 18:43:56,2026-09-13 19:09:56
C202609001078,U10287,P10017,1,CHATSESS480729,其他,6,2,182,1056,1,下单,2026-09-13 17:30:04,2026-09-13 17:47:40
C202609001079,U10412,P10001,8,CHATSESS270176,商品咨询,8,5,218,94,0,,2026-09-06 16:34:48,2026-09-06 16:36:22
C202609001080,U10108,P10002,3,CHATSESS179207,商品咨询,3,3,99,994,1,下单,2026-09-08 10:18:37,2026-09-08 10:35:11
C202609001081,U10236,P10002,7,CHATSESS876653,商品咨询,5,1,170,1735,0,,2026-09-02 06:28:01,2026-09-02 06:56:56
C202609001082,U10100,P10016,8,CHATSESS175006,商品咨询,6,6,120,437,1,加购,2026-09-02 08:57:47,2026-09-02 09:05:04
C202609001083,U10466,P10006,8,CHATSESS334007,其他,8,6,286,772,0,,2026-09-06 07:03:22,2026-09-06 07:16:14
C202609001084,U10010,P10019,3,CHATSESS650654,其他,4,4,209,1090,0,,2026-09-03 00:20:19,2026-09-03 00:38:29
C202609001085,U10162,P10016,6,CHATSESS182181,商品咨询,7,6,59,300,1,加购,2026-09-04 15:41:12,2026-09-04 15:46:12
C202609001086,U10073,P10011,9,CHATSESS795259,商品咨询,7,3,60,1779,1,下单,2026-09-12 06:49:16,2026-09-12 07:18:55
C202609001087,U10015,P10005,6,CHATSESS426669,商品咨询,1,0,0,307,0,,2026-09-14 03:27:41,2026-09-14 03:32:48
C202609001088,U10398,P10007,7,CHATSESS214910,物流查询,7,0,0,310,1,加购,2026-09-03 09:34:57,2026-09-03 09:40:07
C202609001089,U10475,P10015,8,CHATSESS943759,其他,7,5,207,430,0,,2026-09-14 07:19:01,2026-09-14 07:26:11
C202609001090,U10101,P10002,7,CHATSESS106472,售后问题,8,0,0,366,0,,2026-09-08 23:54:52,2026-09-09 00:00:58
C202609001091,U10256,P10004,4,CHATSESS219116,物流查询,5,5,274,1428,0,,2026-09-03 21:29:38,2026-09-03 21:53:26
C202609001092,U10071,P10008,2,CHATSESS591141,价格活动,4,0,0,552,0,,2026-09-11 12:55:34,2026-09-11 13:04:46
C202609001093,U10274,P10019,4,CHATSESS195817,售后问题,5,2,77,448,0,,2026-09-03 22:10:52,2026-09-03 22:18:20
C202609001094,U10073,P10019,4,CHATSESS727979,售后问题,5,3,69,342,0,,2026-09-13 17:35:56,2026-09-13 17:41:38
C202609001095,U10457,P10008,9,CHATSESS366926,售后问题,4,2,7,1165,0,,2026-09-07 04:02:27,2026-09-07 04:21:52
C202609001096,U10124,P10007,3,CHATSESS194951,售后问题,3,2,178,251,1,下单,2026-09-04 04:22:42,2026-09-04 04:26:53
C202609001097,U10037,P10004,2,CHATSESS161112,商品咨询,3,0,0,208,0,,2026-09-06 10:15:26,2026-09-06 10:18:54
C202609001098,U10104,P10010,2,CHATSESS865288,售后问题,6,4,13,489,0,,2026-09-04 09:28:21,2026-09-04 09:36:30
C202609001099,U10049,P10010,9,CHATSESS538590,物流查询,8,4,240,826,0,,2026-09-04 22:34:00,2026-09-04 22:47:46
C202609001100,U10386,P10016,2,CHATSESS861106,商品咨询,7,5,53,1180,0,,2026-09-10 05:42:47,2026-09-10 06:02:27
C202609001101,U10035,P10003,3,CHATSESS400629,其他,4,0,0,932,0,,2026-09-13 09:34:13,2026-09-13 09:49:45
C202609001102,U10108,P10012,8,CHATSESS180826,商品咨询,1,0,0,369,0,,2026-09-01 23:05:46,2026-09-01 23:11:55
C202609001103,U10219,P10008,2,CHATSESS216351,其他,1,1,295,1482,1,加购,2026-09-04 05:24:37,2026-09-04 05:49:19
C202609001104,U10107,P10004,3,CHATSESS305740,物流查询,3,2,103,112,0,,2026-09-14 17:05:17,2026-09-14 17:07:09
C202609001105,U10164,P10012,8,CHATSESS696094,商品咨询,5,0,0,1520,0,,2026-09-06 15:27:10,2026-09-06 15:52:30
C202609001106,U10472,P10007,10,CHATSESS328708,其他,1,1,143,1211,0,,2026-09-11 02:32:45,2026-09-11 02:52:56
C202609001107,U10038,P10009,10,CHATSESS870053,商品咨询,7,0,0,1219,0,,2026-09-12 10:56:28,2026-09-12 11:16:47
C202609001108,U10230,P10008,1,CHATSESS945565,物流查询,2,0,0,698,0,,2026-09-14 21:39:26,2026-09-14 21:51:04
C202609001109,U10207,P10009,4,CHATSESS495447,价格活动,8,0,0,1633,0,,2026-09-07 04:21:36,2026-09-07 04:48:49
C202609001110,U10449,P10014,7,CHATSESS281885,商品咨询,3,1,152,474,0,,2026-09-11 17:47:49,2026-09-11 17:55:43
C202609001111,U10001,P10019,10,CHATSESS316669,商品咨询,7,0,0,1396,1,加购,2026-09-02 20:25:53,2026-09-02 20:49:09
C202609001112,U10241,P10017,4,CHATSESS944993,价格活动,2,2,74,713,0,,2026-09-03 12:28:25,2026-09-03 12:40:18
C202609001113,U10440,P10013,10,CHATSESS871579,其他,3,3,21,738,1,加购,2026-09-01 21:56:52,2026-09-01 22:09:10
C202609001114,U10068,P10015,1,CHATSESS244580,物流查询,4,3,227,1725,0,,2026-09-06 07:01:53,2026-09-06 07:30:38
C202609001115,U10018,P10010,3,CHATSESS683392,商品咨询,4,4,56,1604,0,,2026-09-03 14:33:02,2026-09-03 14:59:46
C202609001116,U10037,P10010,10,CHATSESS150029,物流查询,5,4,169,817,0,,2026-09-07 04:37:40,2026-09-07 04:51:17
C202609001117,U10365,P10019,8,CHATSESS448003,售后问题,1,1,265,495,1,加购,2026-09-09 01:48:28,2026-09-09 01:56:43
C202609001118,U10239,P10011,8,CHATSESS430741,售后问题,4,4,102,1397,0,,2026-09-07 01:34:39,2026-09-07 01:57:56
C202609001119,U10436,P10016,9,CHATSESS510532,商品咨询,4,2,108,752,0,,2026-09-09 11:43:41,2026-09-09 11:56:13
C202609001120,U10222,P10005,6,CHATSESS972890,价格活动,7,6,53,86,0,,2026-09-05 03:58:46,2026-09-05 04:00:12
C202609001121,U10108,P10012,3,CHATSESS984434,售后问题,1,1,137,676,1,下单,2026-09-14 19:54:29,2026-09-14 20:05:45
C202609001122,U10038,P10005,4,CHATSESS829496,商品咨询,2,1,157,1298,0,,2026-09-09 17:10:11,2026-09-09 17:31:49
C202609001123,U10394,P10008,4,CHATSESS333508,物流查询,2,2,172,1366,1,加购,2026-09-07 13:09:18,2026-09-07 13:32:04
C202609001124,U10017,P10017,1,CHATSESS218786,商品咨询,5,1,130,259,1,下单,2026-09-09 04:31:25,2026-09-09 04:35:44
C202609001125,U10298,P10007,6,CHATSESS880746,物流查询,6,2,231,585,0,,2026-09-10 13:23:51,2026-09-10 13:33:36
C202609001126,U10275,P10008,7,CHATSESS345347,商品咨询,3,2,83,649,0,,2026-09-09 02:52:28,2026-09-09 03:03:17
C202609001127,U10015,P10003,2,CHATSESS517739,物流查询,5,1,152,1284,0,,2026-09-04 09:07:37,2026-09-04 09:29:01
C202609001128,U10106,P10013,8,CHATSESS453041,价格活动,3,1,102,781,0,,2026-09-11 01:54:37,2026-09-11 02:07:38
C202609001129,U10461,P10015,1,CHATSESS489572,商品咨询,4,3,221,1006,0,,2026-09-04 15:40:14,2026-09-04 15:57:00
C202609001130,U10020,P10003,4,CHATSESS489631,商品咨询,4,1,255,961,1,加购,2026-09-04 09:12:38,2026-09-04 09:28:39
C202609001131,U10148,P10020,6,CHATSESS816637,其他,7,2,45,1043,1,下单,2026-09-08 01:12:03,2026-09-08 01:29:26
C202609001132,U10350,P10011,5,CHATSESS683014,商品咨询,3,3,76,1038,0,,2026-09-09 07:20:10,2026-09-09 07:37:28
C202609001133,U10285,P10008,6,CHATSESS170492,售后问题,7,3,174,704,0,,2026-09-06 10:04:19,2026-09-06 10:16:03
C202609001134,U10433,P10020,9,CHATSESS131652,商品咨询,8,2,128,685,1,加购,2026-09-14 06:19:22,2026-09-14 06:30:47
C202609001135,U10354,P10020,2,CHATSESS188829,售后问题,2,1,69,1571,0,,2026-09-04 19:35:40,2026-09-04 20:01:51
C202609001136,U10038,P10017,1,CHATSESS919810,商品咨询,5,3,36,926,0,,2026-09-02 17:48:24,2026-09-02 18:03:50
C202609001137,U10179,P10013,8,CHATSESS193393,商品咨询,8,3,119,1046,0,,2026-09-11 11:06:01,2026-09-11 11:23:27
C202609001138,U10311,P10013,9,CHATSESS781377,商品咨询,2,2,68,1671,0,,2026-09-14 05:56:51,2026-09-14 06:24:42
C202609001139,U10028,P10009,1,CHATSESS362956,商品咨询,7,4,261,1472,0,,2026-09-06 11:02:50,2026-09-06 11:27:22
C202609001140,U10292,P10008,4,CHATSESS230617,物流查询,1,1,118,1071,1,加购,2026-09-04 11:33:26,2026-09-04 11:51:17
C202609001141,U10484,P10005,2,CHATSESS790567,物流查询,1,1,142,545,0,,2026-09-10 21:48:37,2026-09-10 21:57:42
C202609001142,U10311,P10019,7,CHATSESS518568,商品咨询,4,1,141,321,0,,2026-09-12 09:06:36,2026-09-12 09:11:57
C202609001143,U10257,P10017,6,CHATSESS642866,售后问题,5,0,0,75,0,,2026-09-04 09:29:44,2026-09-04 09:30:59
C202609001144,U10056,P10009,5,CHATSESS441131,商品咨询,1,0,0,1710,0,,2026-09-09 16:03:35,2026-09-09 16:32:05
C202609001145,U10411,P10019,7,CHATSESS268082,商品咨询,5,0,0,1782,0,,2026-09-05 22:13:26,2026-09-05 22:43:08
C202609001146,U10451,P10019,8,CHATSESS721273,售后问题,5,4,185,1397,0,,2026-09-07 20:00:29,2026-09-07 20:23:46
C202609001147,U10226,P10004,5,CHATSESS429506,商品咨询,6,1,105,1640,0,,2026-09-14 06:49:41,2026-09-14 07:17:01
C202609001148,U10388,P10013,7,CHATSESS701845,价格活动,7,6,264,740,1,加购,2026-09-07 20:14:42,2026-09-07 20:27:02
C202609001149,U10387,P10020,1,CHATSESS773188,其他,3,3,9,1420,1,加购,2026-09-09 01:33:44,2026-09-09 01:57:24
C202609001150,U10186,P10009,2,CHATSESS477195,商品咨询,1,1,128,1073,0,,2026-09-10 06:24:20,2026-09-10 06:42:13
C202609001151,U10333,P10004,4,CHATSESS401268,商品咨询,3,3,14,481,0,,2026-09-07 04:30:03,2026-09-07 04:38:04
C202609001152,U10340,P10016,3,CHATSESS218076,售后问题,7,0,0,1642,1,加购,2026-09-09 02:56:03,2026-09-09 03:23:25
C202609001153,U10471,P10013,1,CHATSESS991842,商品咨询,4,3,55,1641,0,,2026-09-09 07:32:10,2026-09-09 07:59:31
C202609001154,U10172,P10003,2,CHATSESS569832,价格活动,2,2,276,100,1,下单,2026-09-07 19:08:24,2026-09-07 19:10:04
C202609001155,U10083,P10014,7,CHATSESS410095,价格活动,8,6,222,1213,0,,2026-09-05 16:05:31,2026-09-05 16:25:44
C202609001156,U10314,P10011,8,CHATSESS378222,售后问题,3,0,0,1012,1,加购,2026-09-05 01:28:40,2026-09-05 01:45:32
C202609001157,U10378,P10020,3,CHATSESS724195,价格活动,1,0,0,1042,0,,2026-09-09 11:19:36,2026-09-09 11:36:58
C202609001158,U10380,P10018,10,CHATSESS351186,投诉建议,6,1,34,572,0,,2026-09-05 16:33:17,2026-09-05 16:42:49
C202609001159,U10418,P10014,4,CHATSESS756509,投诉建议,4,0,0,258,0,,2026-09-09 15:07:27,2026-09-09 15:11:45
C202609001160,U10420,P10017,3,CHATSESS333954,商品咨询,2,1,89,1591,1,加购,2026-09-07 16:25:58,2026-09-07 16:52:29
C202609001161,U10012,P10009,6,CHATSESS333924,物流查询,3,1,28,39,0,,2026-09-03 19:43:10,2026-09-03 19:43:49
C202609001162,U10129,P10003,1,CHATSESS443497,物流查询,5,4,187,1626,1,下单,2026-09-07 16:37:03,2026-09-07 17:04:09
C202609001163,U10203,P10019,3,CHATSESS159260,其他,8,1,107,1522,1,加购,2026-09-08 03:59:52,2026-09-08 04:25:14
C202609001164,U10253,P10015,1,CHATSESS497686,商品咨询,5,1,134,1102,0,,2026-09-14 09:33:54,2026-09-14 09:52:16
C202609001165,U10485,P10011,8,CHATSESS403085,商品咨询,1,1,78,1237,1,加购,2026-09-13 11:42:35,2026-09-13 12:03:12
C202609001166,U10389,P10003,8,CHATSESS903867,商品咨询,3,2,266,1104,0,,2026-09-07 18:12:07,2026-09-07 18:30:31
C202609001167,U10315,P10005,3,CHATSESS298002,商品咨询,1,1,167,656,0,,2026-09-13 15:33:24,2026-09-13 15:44:20
C202609001168,U10101,P10004,6,CHATSESS804053,商品咨询,1,0,0,503,0,,2026-09-01 14:42:11,2026-09-01 14:50:34
C202609001169,U10422,P10016,8,CHATSESS458712,价格活动,7,0,0,569,1,加购,2026-09-14 14:14:42,2026-09-14 14:24:11
C202609001170,U10449,P10006,5,CHATSESS120803,其他,1,1,206,136,0,,2026-09-02 23:27:30,2026-09-02 23:29:46
C202609001171,U10175,P10012,6,CHATSESS790060,商品咨询,1,0,0,1656,0,,2026-09-02 05:29:28,2026-09-02 05:57:04
C202609001172,U10186,P10008,2,CHATSESS644887,投诉建议,6,4,263,617,0,,2026-09-11 13:11:59,2026-09-11 13:22:16
C202609001173,U10208,P10017,6,CHATSESS728583,物流查询,8,5,155,1646,0,,2026-09-03 04:42:16,2026-09-03 05:09:42
C202609001174,U10468,P10014,7,CHATSESS669918,其他,4,3,252,1367,0,,2026-09-07 02:02:35,2026-09-07 02:25:22
C202609001175,U10435,P10001,4,CHATSESS361698,其他,4,1,28,749,1,加购,2026-09-06 19:24:12,2026-09-06 19:36:41
C202609001176,U10013,P10020,1,CHATSESS140655,售后问题,7,7,23,367,0,,2026-09-08 09:37:35,2026-09-08 09:43:42
C202609001177,U10037,P10004,9,CHATSESS764485,商品咨询,7,7,190,1672,1,下单,2026-09-07 18:28:12,2026-09-07 18:56:04
C202609001178,U10286,P10015,7,CHATSESS974272,价格活动,7,6,162,865,1,下单,2026-09-04 20:32:55,2026-09-04 20:47:20
C202609001179,U10066,P10007,7,CHATSESS162351,商品咨询,2,2,156,164,0,,2026-09-10 16:54:19,2026-09-10 16:57:03
C202609001180,U10223,P10019,2,CHATSESS603382,价格活动,6,0,0,752,0,,2026-09-02 01:25:52,2026-09-02 01:38:24
C202609001181,U10108,P10002,8,CHATSESS406405,商品咨询,2,1,14,835,1,下单,2026-09-10 22:18:11,2026-09-10 22:32:06
C202609001182,U10475,P10003,5,CHATSESS235018,商品咨询,6,0,0,222,1,加购,2026-09-05 15:12:22,2026-09-05 15:16:04
C202609001183,U10075,P10014,9,CHATSESS358619,价格活动,5,4,201,1358,0,,2026-09-03 03:47:13,2026-09-03 04:09:51
C202609001184,U10422,P10016,8,CHATSESS468877,价格活动,5,3,128,354,0,,2026-09-13 07:30:27,2026-09-13 07:36:21
C202609001185,U10145,P10003,5,CHATSESS968363,商品咨询,7,4,68,211,1,加购,2026-09-02 04:34:04,2026-09-02 04:37:35
C202609001186,U10137,P10008,3,CHATSESS346195,商品咨询,3,2,205,192,0,,2026-09-09 14:48:56,2026-09-09 14:52:08
C202609001187,U10262,P10013,3,CHATSESS808810,物流查询,5,3,100,336,0,,2026-09-05 01:44:17,2026-09-05 01:49:53
C202609001188,U10111,P10004,7,CHATSESS617205,商品咨询,6,3,230,160,0,,2026-09-10 19:49:45,2026-09-10 19:52:25
C202609001189,U10350,P10010,7,CHATSESS843565,其他,6,1,174,521,0,,2026-09-01 09:39:38,2026-09-01 09:48:19
C202609001190,U10225,P10002,10,CHATSESS275660,商品咨询,6,2,200,1195,1,加购,2026-09-07 04:24:49,2026-09-07 04:44:44
C202609001191,U10472,P10012,1,CHATSESS743607,投诉建议,3,2,22,1197,0,,2026-09-02 14:09:05,2026-09-02 14:29:02
C202609001192,U10457,P10012,10,CHATSESS960263,商品咨询,8,6,172,1386,0,,2026-09-03 09:47:11,2026-09-03 10:10:17
C202609001193,U10384,P10009,7,CHATSESS990449,商品咨询,3,1,7,1747,0,,2026-09-13 21:10:11,2026-09-13 21:39:18
C202609001194,U10204,P10005,9,CHATSESS317156,商品咨询,4,1,300,1450,1,下单,2026-09-14 13:08:52,2026-09-14 13:33:02
C202609001195,U10147,P10013,4,CHATSESS232438,物流查询,4,2,53,133,1,加购,2026-09-08 02:39:29,2026-09-08 02:41:42
C202609001196,U10156,P10018,9,CHATSESS585618,商品咨询,4,1,38,799,0,,2026-09-12 10:54:34,2026-09-12 11:07:53
C202609001197,U10338,P10016,8,CHATSESS197187,其他,2,2,199,941,0,,2026-09-11 21:48:55,2026-09-11 22:04:36
C202609001198,U10460,P10013,4,CHATSESS115444,物流查询,8,4,35,1679,1,加购,2026-09-07 00:38:11,2026-09-07 01:06:10
C202609001199,U10325,P10004,9,CHATSESS699119,售后问题,6,0,0,195,1,加购,2026-09-03 14:37:04,2026-09-03 14:40:19
C202609001200,U10473,P10009,1,CHATSESS723832,物流查询,7,3,126,527,0,,2026-09-10 23:48:20,2026-09-10 23:57:07
C202609001201,U10230,P10020,3,CHATSESS885489,商品咨询,2,2,247,1508,1,加购,2026-09-04 15:07:57,2026-09-04 15:33:05
C202609001202,U10116,P10020,3,CHATSESS108215,价格活动,7,3,72,1630,0,,2026-09-09 22:52:36,2026-09-09 23:19:46
C202609001203,U10410,P10011,9,CHATSESS838851,其他,3,3,13,1179,0,,2026-09-12 05:42:35,2026-09-12 06:02:14
C202609001204,U10153,P10018,10,CHATSESS728782,售后问题,5,2,168,1523,0,,2026-09-06 05:56:26,2026-09-06 06:21:49
C202609001205,U10003,P10014,8,CHATSESS151700,售后问题,7,4,200,612,0,,2026-09-09 07:34:23,2026-09-09 07:44:35
C202609001206,U10381,P10010,8,CHATSESS318620,商品咨询,2,2,181,820,1,加购,2026-09-10 10:34:20,2026-09-10 10:48:00
C202609001207,U10435,P10008,5,CHATSESS474554,其他,5,3,107,886,1,加购,2026-09-12 18:50:24,2026-09-12 19:05:10
C202609001208,U10448,P10019,3,CHATSESS249586,商品咨询,7,6,235,628,0,,2026-09-07 02:50:08,2026-09-07 03:00:36
C202609001209,U10331,P10011,4,CHATSESS885803,价格活动,8,5,100,589,0,,2026-09-10 12:56:40,2026-09-10 13:06:29
C202609001210,U10172,P10011,7,CHATSESS578280,其他,8,8,155,164,0,,2026-09-12 05:49:18,2026-09-12 05:52:02
C202609001211,U10095,P10016,3,CHATSESS883740,物流查询,3,3,173,950,0,,2026-09-12 13:50:04,2026-09-12 14:05:54
C202609001212,U10116,P10002,6,CHATSESS271929,商品咨询,4,2,144,1586,1,加购,2026-09-08 22:59:46,2026-09-08 23:26:12
C202609001213,U10152,P10016,5,CHATSESS392268,商品咨询,7,0,0,378,0,,2026-09-14 11:37:10,2026-09-14 11:43:28
C202609001214,U10030,P10004,2,CHATSESS689658,商品咨询,8,7,39,1356,0,,2026-09-04 21:48:52,2026-09-04 22:11:28
C202609001215,U10265,P10015,10,CHATSESS968876,商品咨询,1,1,147,873,0,,2026-09-14 22:38:48,2026-09-14 22:53:21
C202609001216,U10328,P10012,3,CHATSESS996309,物流查询,2,0,0,869,0,,2026-09-14 09:22:56,2026-09-14 09:37:25
C202609001217,U10491,P10001,1,CHATSESS519191,商品咨询,5,0,0,993,0,,2026-09-09 22:58:50,2026-09-09 23:15:23
C202609001218,U10017,P10013,7,CHATSESS641211,商品咨询,8,3,101,1251,0,,2026-09-13 16:05:15,2026-09-13 16:26:06
C202609001219,U10245,P10009,10,CHATSESS651596,物流查询,3,2,264,30,0,,2026-09-08 17:16:26,2026-09-08 17:16:56
C202609001220,U10382,P10007,1,CHATSESS895410,物流查询,3,0,0,1793,0,,2026-09-06 12:52:59,2026-09-06 13:22:52
C202609001221,U10122,P10016,5,CHATSESS124760,商品咨询,4,3,88,133,1,下单,2026-09-03 06:34:01,2026-09-03 06:36:14
C202609001222,U10419,P10019,2,CHATSESS159304,售后问题,7,0,0,1581,0,,2026-09-14 20:18:28,2026-09-14 20:44:49
C202609001223,U10078,P10008,8,CHATSESS177995,售后问题,2,1,215,714,0,,2026-09-10 19:20:04,2026-09-10 19:31:58
C202609001224,U10270,P10012,6,CHATSESS327330,售后问题,1,1,286,73,0,,2026-09-12 10:35:40,2026-09-12 10:36:53
C202609001225,U10010,P10007,9,CHATSESS310354,价格活动,6,1,55,1540,0,,2026-09-03 00:13:01,2026-09-03 00:38:41
C202609001226,U10035,P10001,1,CHATSESS894000,价格活动,2,1,172,730,0,,2026-09-03 02:30:25,2026-09-03 02:42:35
C202609001227,U10062,P10016,8,CHATSESS740125,投诉建议,6,6,255,1078,1,加购,2026-09-09 12:49:43,2026-09-09 13:07:41
C202609001228,U10205,P10015,2,CHATSESS613683,其他,3,2,300,1664,0,,2026-09-10 21:47:02,2026-09-10 22:14:46
C202609001229,U10042,P10015,7,CHATSESS570378,投诉建议,8,7,112,1151,0,,2026-09-07 14:52:49,2026-09-07 15:12:00
C202609001230,U10293,P10020,9,CHATSESS327174,物流查询,8,0,0,1283,1,加购,2026-09-14 06:31:30,2026-09-14 06:52:53
C202609001231,U10040,P10016,7,CHATSESS566015,商品咨询,6,3,97,149,1,下单,2026-09-06 18:05:38,2026-09-06 18:08:07
C202609001232,U10007,P10010,5,CHATSESS731766,商品咨询,8,8,5,915,1,加购,2026-09-02 17:19:11,2026-09-02 17:34:26
C202609001233,U10444,P10009,9,CHATSESS417022,价格活动,8,5,20,706,1,下单,2026-09-09 07:03:54,2026-09-09 07:15:40
C202609001234,U10384,P10014,2,CHATSESS438291,其他,6,2,157,728,0,,2026-09-09 01:26:07,2026-09-09 01:38:15
C202609001235,U10336,P10004,2,CHATSESS120171,其他,8,6,85,674,1,下单,2026-09-02 07:11:48,2026-09-02 07:23:02
C202609001236,U10062,P10014,5,CHATSESS811903,商品咨询,3,1,238,1054,0,,2026-09-01 16:23:24,2026-09-01 16:40:58
C202609001237,U10105,P10014,10,CHATSESS543024,投诉建议,7,0,0,1777,1,加购,2026-09-10 18:44:26,2026-09-10 19:14:03
C202609001238,U10220,P10007,3,CHATSESS394177,其他,7,5,152,61,0,,2026-09-13 16:42:57,2026-09-13 16:43:58
C202609001239,U10072,P10008,9,CHATSESS785780,商品咨询,4,3,225,215,0,,2026-09-12 15:33:19,2026-09-12 15:36:54
C202609001240,U10454,P10002,8,CHATSESS738965,商品咨询,6,4,150,1796,1,下单,2026-09-09 22:02:00,2026-09-09 22:31:56
C202609001241,U10300,P10003,10,CHATSESS659369,物流查询,5,1,126,1192,1,加购,2026-09-05 14:26:05,2026-09-05 14:45:57
C202609001242,U10234,P10001,5,CHATSESS528000,价格活动,3,2,71,1454,1,加购,2026-09-03 06:57:26,2026-09-03 07:21:40
C202609001243,U10391,P10013,7,CHATSESS640646,售后问题,8,3,147,1554,0,,2026-09-04 10:27:35,2026-09-04 10:53:29
C202609001244,U10244,P10003,8,CHATSESS654683,物流查询,7,1,65,583,0,,2026-09-14 23:49:38,2026-09-14 23:59:21
C202609001245,U10335,P10020,7,CHATSESS517750,商品咨询,6,0,0,1386,1,下单,2026-09-10 11:06:44,2026-09-10 11:29:50
C202609001246,U10321,P10012,4,CHATSESS840272,商品咨询,1,1,41,172,0,,2026-09-06 17:49:11,2026-09-06 17:52:03
C202609001247,U10299,P10003,3,CHATSESS439187,商品咨询,2,2,221,573,0,,2026-09-02 17:18:59,2026-09-02 17:28:32
C202609001248,U10343,P10010,1,CHATSESS332130,售后问题,5,2,163,201,1,加购,2026-09-12 10:15:30,2026-09-12 10:18:51
C202609001249,U10491,P10015,5,CHATSESS677627,物流查询,5,1,147,331,0,,2026-09-08 09:28:40,2026-09-08 09:34:11
C202609001250,U10134,P10001,7,CHATSESS802613,物流查询,2,1,74,1260,0,,2026-09-03 08:42:58,2026-09-03 09:03:58
C202609001251,U10214,P10012,3,CHATSESS694091,物流查询,7,5,158,890,0,,2026-09-10 19:50:33,2026-09-10 20:05:23
C202609001252,U10385,P10016,2,CHATSESS541313,物流查询,4,4,89,71,0,,2026-09-07 06:41:54,2026-09-07 06:43:05
C202609001253,U10168,P10002,9,CHATSESS294017,售后问题,7,2,106,1139,0,,2026-09-05 23:20:02,2026-09-05 23:39:01
C202609001254,U10431,P10020,5,CHATSESS874304,其他,1,1,29,1064,1,加购,2026-09-06 16:59:01,2026-09-06 17:16:45
C202609001255,U10294,P10004,9,CHATSESS610620,价格活动,3,1,223,526,0,,2026-09-13 11:06:06,2026-09-13 11:14:52
C202609001256,U10298,P10015,8,CHATSESS149699,物流查询,5,1,127,381,0,,2026-09-10 17:25:07,2026-09-10 17:31:28
C202609001257,U10058,P10003,3,CHATSESS794338,商品咨询,2,1,219,1544,0,,2026-09-01 02:11:43,2026-09-01 02:37:27
C202609001258,U10361,P10011,6,CHATSESS454107,物流查询,6,4,163,1795,1,加购,2026-09-04 13:31:42,2026-09-04 14:01:37
C202609001259,U10291,P10001,6,CHATSESS680122,物流查询,5,0,0,1130,1,下单,2026-09-05 16:16:39,2026-09-05 16:35:29
C202609001260,U10400,P10006,3,CHATSESS854350,价格活动,8,0,0,1040,1,下单,2026-09-08 20:44:35,2026-09-08 21:01:55
C202609001261,U10356,P10016,8,CHATSESS950465,价格活动,4,4,62,1533,0,,2026-09-02 23:58:17,2026-09-03 00:23:50
C202609001262,U10117,P10012,5,CHATSESS208055,投诉建议,1,0,0,190,1,下单,2026-09-11 19:04:11,2026-09-11 19:07:21
C202609001263,U10364,P10007,8,CHATSESS760555,商品咨询,6,5,219,944,1,下单,2026-09-06 18:18:08,2026-09-06 18:33:52
C202609001264,U10433,P10014,5,CHATSESS661863,价格活动,3,3,11,900,1,下单,2026-09-05 09:10:34,2026-09-05 09:25:34
C202609001265,U10028,P10007,7,CHATSESS109657,物流查询,3,3,24,702,1,下单,2026-09-10 04:32:04,2026-09-10 04:43:46
C202609001266,U10061,P10019,9,CHATSESS749653,商品咨询,7,7,235,278,1,加购,2026-09-13 19:11:03,2026-09-13 19:15:41
C202609001267,U10017,P10016,4,CHATSESS550666,价格活动,3,2,80,908,0,,2026-09-11 15:16:30,2026-09-11 15:31:38
C202609001268,U10116,P10016,5,CHATSESS987894,价格活动,4,2,297,1409,1,下单,2026-09-14 08:40:07,2026-09-14 09:03:36
C202609001269,U10019,P10006,5,CHATSESS412122,物流查询,7,7,24,1177,1,加购,2026-09-13 18:30:11,2026-09-13 18:49:48
C202609001270,U10104,P10006,1,CHATSESS190909,商品咨询,3,1,134,938,1,加购,2026-09-14 11:35:29,2026-09-14 11:51:07
C202609001271,U10482,P10016,4,CHATSESS298569,售后问题,4,4,222,587,0,,2026-09-08 13:40:34,2026-09-08 13:50:21
C202609001272,U10370,P10013,3,CHATSESS242353,物流查询,7,6,290,611,0,,2026-09-10 00:55:23,2026-09-10 01:05:34
C202609001273,U10469,P10018,4,CHATSESS714968,售后问题,1,1,55,1243,0,,2026-09-12 03:57:21,2026-09-12 04:18:04
C202609001274,U10130,P10017,3,CHATSESS374202,价格活动,8,0,0,1460,1,加购,2026-09-10 18:30:47,2026-09-10 18:55:07
C202609001275,U10341,P10004,7,CHATSESS349630,售后问题,2,2,23,1126,1,加购,2026-09-05 17:27:18,2026-09-05 17:46:04
C202609001276,U10188,P10019,4,CHATSESS200354,投诉建议,2,1,117,415,1,加购,2026-09-01 13:05:36,2026-09-01 13:12:31
C202609001277,U10155,P10010,6,CHATSESS534734,商品咨询,1,1,298,1113,0,,2026-09-12 16:49:05,2026-09-12 17:07:38
C202609001278,U10092,P10006,1,CHATSESS229086,商品咨询,5,2,129,118,0,,2026-09-11 08:43:45,2026-09-11 08:45:43
C202609001279,U10354,P10013,5,CHATSESS123012,售后问题,3,1,140,1228,0,,2026-09-10 07:08:24,2026-09-10 07:28:52
C202609001280,U10176,P10006,5,CHATSESS612718,物流查询,8,8,193,921,1,加购,2026-09-07 15:43:13,2026-09-07 15:58:34
C202609001281,U10140,P10005,2,CHATSESS213881,商品咨询,8,4,66,934,0,,2026-09-13 07:42:15,2026-09-13 07:57:49
C202609001282,U10392,P10013,8,CHATSESS525775,商品咨询,5,4,28,824,1,加购,2026-09-05 01:57:35,2026-09-05 02:11:19
C202609001283,U10134,P10010,4,CHATSESS923256,价格活动,7,0,0,1062,0,,2026-09-11 11:57:35,2026-09-11 12:15:17
C202609001284,U10398,P10006,1,CHATSESS250615,商品咨询,4,0,0,1318,1,加购,2026-09-11 22:52:54,2026-09-11 23:14:52
C202609001285,U10368,P10008,6,CHATSESS896042,价格活动,8,4,86,1198,1,加购,2026-09-12 10:28:05,2026-09-12 10:48:03
C202609001286,U10092,P10005,9,CHATSESS534585,物流查询,5,4,233,609,0,,2026-09-08 18:07:01,2026-09-08 18:17:10
C202609001287,U10065,P10005,3,CHATSESS790860,价格活动,2,2,5,1287,1,下单,2026-09-10 01:35:21,2026-09-10 01:56:48
C202609001288,U10488,P10014,6,CHATSESS635448,其他,7,5,239,1591,1,下单,2026-09-13 10:54:50,2026-09-13 11:21:21
C202609001289,U10483,P10001,4,CHATSESS457114,商品咨询,4,1,173,1677,1,加购,2026-09-11 12:49:11,2026-09-11 13:17:08
C202609001290,U10280,P10014,6,CHATSESS858433,其他,3,3,41,798,1,下单,2026-09-07 15:11:05,2026-09-07 15:24:23
C202609001291,U10403,P10016,7,CHATSESS902948,物流查询,5,3,247,1170,0,,2026-09-12 09:40:22,2026-09-12 09:59:52
C202609001292,U10331,P10014,5,CHATSESS790346,价格活动,7,3,176,232,0,,2026-09-04 20:06:38,2026-09-04 20:10:30
C202609001293,U10029,P10001,4,CHATSESS750495,商品咨询,2,2,33,382,0,,2026-09-14 03:42:32,2026-09-14 03:48:54
C202609001294,U10028,P10008,7,CHATSESS179238,商品咨询,6,3,41,1096,1,加购,2026-09-07 17:58:29,2026-09-07 18:16:45
C202609001295,U10330,P10009,9,CHATSESS751570,价格活动,6,0,0,289,1,加购,2026-09-09 19:47:44,2026-09-09 19:52:33
C202609001296,U10001,P10005,8,CHATSESS881089,价格活动,2,2,251,827,0,,2026-09-04 13:57:01,2026-09-04 14:10:48
C202609001297,U10175,P10019,4,CHATSESS749471,商品咨询,3,2,250,1378,1,加购,2026-09-12 09:27:55,2026-09-12 09:50:53
C202609001298,U10288,P10009,5,CHATSESS546840,其他,5,2,137,521,0,,2026-09-01 21:18:06,2026-09-01 21:26:47
C202609001299,U10247,P10016,1,CHATSESS143842,价格活动,8,6,164,1509,1,加购,2026-09-05 23:38:28,2026-09-06 00:03:37
C202609001300,U10481,P10005,2,CHATSESS314483,售后问题,7,1,120,696,0,,2026-09-05 03:55:17,2026-09-05 04:06:53
C202609001301,U10214,P10005,6,CHATSESS148855,商品咨询,7,4,230,1626,1,下单,2026-09-07 01:23:04,2026-09-07 01:50:10
C202609001302,U10157,P10003,4,CHATSESS174501,售后问题,8,8,90,180,0,,2026-09-12 23:59:01,2026-09-13 00:02:01
C202609001303,U10297,P10004,4,CHATSESS208518,投诉建议,6,1,30,1057,0,,2026-09-07 05:50:11,2026-09-07 06:07:48
C202609001304,U10076,P10017,9,CHATSESS243690,物流查询,8,1,219,1706,0,,2026-09-01 02:56:32,2026-09-01 03:24:58
C202609001305,U10198,P10007,8,CHATSESS200801,其他,7,4,291,1467,0,,2026-09-02 18:03:39,2026-09-02 18:28:06
C202609001306,U10330,P10020,7,CHATSESS327382,商品咨询,6,1,179,168,0,,2026-09-02 20:06:13,2026-09-02 20:09:01
C202609001307,U10306,P10017,5,CHATSESS526898,售后问题,5,2,234,1258,1,下单,2026-09-01 09:07:04,2026-09-01 09:28:02
C202609001308,U10343,P10016,1,CHATSESS111563,价格活动,4,0,0,237,0,,2026-09-02 06:36:56,2026-09-02 06:40:53
C202609001309,U10462,P10018,8,CHATSESS197570,售后问题,8,6,139,936,0,,2026-09-05 14:45:48,2026-09-05 15:01:24
C202609001310,U10477,P10008,6,CHATSESS720581,商品咨询,4,4,123,646,1,加购,2026-09-02 11:08:29,2026-09-02 11:19:15
C202609001311,U10305,P10007,10,CHATSESS206609,其他,8,7,172,106,1,下单,2026-09-01 08:36:48,2026-09-01 08:38:34
C202609001312,U10355,P10017,4,CHATSESS306860,商品咨询,5,5,153,619,1,下单,2026-09-04 03:14:44,2026-09-04 03:25:03
C202609001313,U10128,P10010,10,CHATSESS145777,商品咨询,7,1,247,1136,1,下单,2026-09-01 10:00:22,2026-09-01 10:19:18
C202609001314,U10414,P10018,2,CHATSESS950845,价格活动,4,3,145,1660,0,,2026-09-05 22:55:03,2026-09-05 23:22:43
C202609001315,U10131,P10020,10,CHATSESS865014,其他,7,3,146,392,1,加购,2026-09-03 16:22:43,2026-09-03 16:29:15
C202609001316,U10201,P10002,2,CHATSESS740835,商品咨询,3,1,282,1410,1,加购,2026-09-10 17:37:52,2026-09-10 18:01:22
C202609001317,U10133,P10001,8,CHATSESS959892,售后问题,3,2,11,1460,0,,2026-09-09 03:04:27,2026-09-09 03:28:47
C202609001318,U10450,P10017,2,CHATSESS818838,商品咨询,4,0,0,1111,1,下单,2026-09-06 07:40:07,2026-09-06 07:58:38
C202609001319,U10405,P10012,1,CHATSESS391302,商品咨询,2,0,0,634,1,加购,2026-09-13 21:17:05,2026-09-13 21:27:39
C202609001320,U10329,P10004,3,CHATSESS679410,商品咨询,6,2,45,239,1,加购,2026-09-06 05:29:17,2026-09-06 05:33:16
C202609001321,U10145,P10020,10,CHATSESS397582,商品咨询,8,0,0,62,0,,2026-09-05 22:15:25,2026-09-05 22:16:27
C202609001322,U10052,P10016,3,CHATSESS327575,售后问题,4,1,175,343,0,,2026-09-09 23:35:46,2026-09-09 23:41:29
C202609001323,U10358,P10016,8,CHATSESS213751,物流查询,2,1,273,978,1,加购,2026-09-13 07:53:33,2026-09-13 08:09:51
C202609001324,U10354,P10010,5,CHATSESS170094,物流查询,8,2,299,652,0,,2026-09-02 16:06:56,2026-09-02 16:17:48
C202609001325,U10082,P10006,1,CHATSESS355965,价格活动,8,0,0,1527,0,,2026-09-12 03:59:49,2026-09-12 04:25:16
C202609001326,U10212,P10008,1,CHATSESS803643,物流查询,2,2,228,828,1,加购,2026-09-01 19:36:06,2026-09-01 19:49:54
C202609001327,U10136,P10015,10,CHATSESS883154,商品咨询,1,1,141,617,1,下单,2026-09-08 09:47:04,2026-09-08 09:57:21
C202609001328,U10340,P10015,3,CHATSESS684079,商品咨询,7,3,49,1143,0,,2026-09-11 10:12:55,2026-09-11 10:31:58
C202609001329,U10251,P10017,7,CHATSESS548353,售后问题,5,5,14,1512,0,,2026-09-12 19:06:57,2026-09-12 19:32:09
C202609001330,U10459,P10009,6,CHATSESS832692,商品咨询,5,3,36,1666,0,,2026-09-14 08:55:22,2026-09-14 09:23:08
C202609001331,U10287,P10007,1,CHATSESS735927,价格活动,2,2,198,1202,1,加购,2026-09-08 00:17:40,2026-09-08 00:37:42
C202609001332,U10299,P10014,10,CHATSESS823298,投诉建议,7,0,0,416,0,,2026-09-09 08:18:32,2026-09-09 08:25:28
C202609001333,U10321,P10007,5,CHATSESS983371,价格活动,6,3,67,1540,1,加购,2026-09-01 16:32:52,2026-09-01 16:58:32
C202609001334,U10413,P10004,4,CHATSESS921555,投诉建议,1,1,222,687,0,,2026-09-04 14:21:13,2026-09-04 14:32:40
C202609001335,U10319,P10003,5,CHATSESS430300,物流查询,3,2,97,1633,1,加购,2026-09-03 21:12:02,2026-09-03 21:39:15
C202609001336,U10399,P10011,6,CHATSESS774602,售后问题,4,1,31,1415,1,加购,2026-09-02 07:20:45,2026-09-02 07:44:20
C202609001337,U10388,P10017,7,CHATSESS219922,商品咨询,6,0,0,1644,1,加购,2026-09-14 09:09:54,2026-09-14 09:37:18
C202609001338,U10030,P10005,6,CHATSESS940600,商品咨询,3,2,187,1675,1,下单,2026-09-11 16:29:10,2026-09-11 16:57:05
C202609001339,U10436,P10018,1,CHATSESS582787,物流查询,2,1,257,53,1,下单,2026-09-01 05:26:07,2026-09-01 05:27:00
C202609001340,U10294,P10003,10,CHATSESS882545,商品咨询,4,1,112,759,0,,2026-09-07 22:59:52,2026-09-07 23:12:31
C202609001341,U10304,P10013,3,CHATSESS277565,价格活动,8,0,0,771,0,,2026-09-13 07:29:53,2026-09-13 07:42:44
C202609001342,U10090,P10013,8,CHATSESS518295,售后问题,3,0,0,1478,0,,2026-09-14 02:12:16,2026-09-14 02:36:54
C202609001343,U10043,P10012,7,CHATSESS280058,物流查询,3,0,0,1440,0,,2026-09-14 22:27:42,2026-09-14 22:51:42
C202609001344,U10399,P10017,1,CHATSESS447634,其他,4,0,0,1622,1,加购,2026-09-01 00:53:57,2026-09-01 01:20:59
C202609001345,U10122,P10019,1,CHATSESS432683,商品咨询,4,0,0,1087,1,加购,2026-09-13 21:43:55,2026-09-13 22:02:02
C202609001346,U10369,P10011,6,CHATSESS675064,物流查询,7,1,233,1453,1,下单,2026-09-03 15:03:07,2026-09-03 15:27:20
C202609001347,U10315,P10020,1,CHATSESS575579,售后问题,1,1,102,1343,0,,2026-09-02 14:51:32,2026-09-02 15:13:55
C202609001348,U10221,P10016,9,CHATSESS746935,售后问题,4,4,224,682,0,,2026-09-04 22:54:55,2026-09-04 23:06:17
C202609001349,U10460,P10019,5,CHATSESS367801,商品咨询,2,1,240,594,0,,2026-09-13 23:33:59,2026-09-13 23:43:53
C202609001350,U10367,P10004,5,CHATSESS361359,价格活动,5,4,62,720,1,加购,2026-09-06 18:44:29,2026-09-06 18:56:29
C202609001351,U10499,P10011,7,CHATSESS243647,其他,5,1,167,863,0,,2026-09-10 11:37:27,2026-09-10 11:51:50
C202609001352,U10006,P10016,6,CHATSESS517997,价格活动,4,2,246,494,0,,2026-09-14 11:07:19,2026-09-14 11:15:33
C202609001353,U10497,P10016,1,CHATSESS890065,商品咨询,4,4,22,1436,1,加购,2026-09-06 09:38:25,2026-09-06 10:02:21
C202609001354,U10400,P10009,8,CHATSESS494623,价格活动,7,0,0,107,0,,2026-09-13 04:18:12,2026-09-13 04:19:59
C202609001355,U10100,P10012,10,CHATSESS289138,价格活动,1,1,263,1449,0,,2026-09-02 06:34:28,2026-09-02 06:58:37
C202609001356,U10092,P10006,8,CHATSESS163859,价格活动,7,2,189,634,1,加购,2026-09-10 13:45:27,2026-09-10 13:56:01
C202609001357,U10372,P10016,6,CHATSESS301350,商品咨询,3,3,214,1098,0,,2026-09-01 15:25:13,2026-09-01 15:43:31
C202609001358,U10360,P10004,3,CHATSESS526621,价格活动,6,0,0,198,0,,2026-09-08 03:53:54,2026-09-08 03:57:12
C202609001359,U10229,P10018,8,CHATSESS470253,售后问题,7,6,178,1175,0,,2026-09-13 05:12:02,2026-09-13 05:31:37
C202609001360,U10288,P10009,1,CHATSESS141817,商品咨询,3,2,71,408,1,加购,2026-09-02 15:32:38,2026-09-02 15:39:26
C202609001361,U10460,P10010,3,CHATSESS846185,商品咨询,4,1,70,765,0,,2026-09-01 11:28:19,2026-09-01 11:41:04
C202609001362,U10488,P10001,4,CHATSESS122779,商品咨询,6,2,109,133,1,加购,2026-09-06 11:34:24,2026-09-06 11:36:37
C202609001363,U10354,P10009,6,CHATSESS713247,商品咨询,6,5,280,1469,0,,2026-09-09 14:15:25,2026-09-09 14:39:54
C202609001364,U10484,P10017,3,CHATSESS224281,物流查询,8,0,0,158,1,加购,2026-09-05 14:20:08,2026-09-05 14:22:46
C202609001365,U10395,P10020,6,CHATSESS682420,物流查询,7,7,111,1000,1,加购,2026-09-14 22:32:08,2026-09-14 22:48:48
C202609001366,U10165,P10012,3,CHATSESS959568,物流查询,6,2,276,1588,0,,2026-09-13 18:38:24,2026-09-13 19:04:52
C202609001367,U10487,P10005,7,CHATSESS310059,售后问题,4,0,0,490,1,下单,2026-09-12 10:23:00,2026-09-12 10:31:10
C202609001368,U10101,P10018,4,CHATSESS387903,投诉建议,7,0,0,1089,1,加购,2026-09-02 05:59:16,2026-09-02 06:17:25
C202609001369,U10383,P10003,10,CHATSESS332530,价格活动,1,1,25,61,1,下单,2026-09-10 11:51:52,2026-09-10 11:52:53
C202609001370,U10021,P10018,5,CHATSESS702922,商品咨询,4,2,198,1742,0,,2026-09-11 06:17:07,2026-09-11 06:46:09
C202609001371,U10491,P10009,6,CHATSESS617161,商品咨询,5,5,290,1281,1,加购,2026-09-04 11:21:49,2026-09-04 11:43:10
C202609001372,U10413,P10019,6,CHATSESS189849,商品咨询,2,0,0,1446,1,加购,2026-09-02 21:34:38,2026-09-02 21:58:44
C202609001373,U10192,P10001,2,CHATSESS625039,物流查询,3,2,162,681,0,,2026-09-08 09:27:26,2026-09-08 09:38:47
C202609001374,U10379,P10014,7,CHATSESS387270,商品咨询,5,1,163,595,0,,2026-09-14 21:54:38,2026-09-14 22:04:33
C202609001375,U10484,P10011,5,CHATSESS271369,商品咨询,8,5,285,108,1,加购,2026-09-04 21:10:08,2026-09-04 21:11:56
C202609001376,U10333,P10013,8,CHATSESS223180,投诉建议,2,1,49,307,0,,2026-09-02 15:01:15,2026-09-02 15:06:22
C202609001377,U10054,P10007,10,CHATSESS731129,价格活动,7,4,23,1546,0,,2026-09-06 15:31:08,2026-09-06 15:56:54
C202609001378,U10294,P10019,9,CHATSESS671529,价格活动,2,1,97,1695,0,,2026-09-02 11:14:25,2026-09-02 11:42:40
C202609001379,U10329,P10010,6,CHATSESS112116,售后问题,3,2,183,299,0,,2026-09-08 23:30:03,2026-09-08 23:35:02
C202609001380,U10279,P10012,7,CHATSESS390979,物流查询,6,1,98,1749,0,,2026-09-11 11:09:25,2026-09-11 11:38:34
C202609001381,U10357,P10016,5,CHATSESS582318,其他,3,1,45,853,1,下单,2026-09-14 19:59:19,2026-09-14 20:13:32
C202609001382,U10398,P10003,1,CHATSESS685818,物流查询,2,1,260,1417,0,,2026-09-02 21:13:13,2026-09-02 21:36:50
C202609001383,U10264,P10016,10,CHATSESS915416,物流查询,1,1,57,740,0,,2026-09-02 10:57:00,2026-09-02 11:09:20
C202609001384,U10056,P10018,6,CHATSESS108608,商品咨询,6,6,144,1251,1,加购,2026-09-08 20:00:00,2026-09-08 20:20:51
C202609001385,U10071,P10005,7,CHATSESS105675,其他,8,5,281,1012,1,下单,2026-09-03 10:07:17,2026-09-03 10:24:09
C202609001386,U10064,P10011,6,CHATSESS657311,物流查询,8,0,0,1055,0,,2026-09-03 15:54:04,2026-09-03 16:11:39
C202609001387,U10389,P10015,3,CHATSESS528928,商品咨询,4,0,0,366,0,,2026-09-07 23:25:55,2026-09-07 23:32:01
C202609001388,U10231,P10010,7,CHATSESS594952,商品咨询,7,6,213,305,0,,2026-09-01 08:00:54,2026-09-01 08:05:59
C202609001389,U10145,P10001,6,CHATSESS558848,商品咨询,7,3,158,39,0,,2026-09-03 20:43:56,2026-09-03 20:44:35
C202609001390,U10027,P10010,1,CHATSESS299650,商品咨询,7,0,0,106,0,,2026-09-03 00:48:45,2026-09-03 00:50:31
C202609001391,U10030,P10015,1,CHATSESS853725,物流查询,5,3,289,1364,0,,2026-09-09 03:17:33,2026-09-09 03:40:17
C202609001392,U10108,P10003,2,CHATSESS933999,物流查询,6,2,157,856,0,,2026-09-05 14:10:29,2026-09-05 14:24:45
C202609001393,U10304,P10006,2,CHATSESS110514,商品咨询,8,5,43,1252,1,加购,2026-09-08 01:07:44,2026-09-08 01:28:36
C202609001394,U10021,P10009,4,CHATSESS313732,价格活动,5,3,205,916,1,加购,2026-09-13 20:49:45,2026-09-13 21:05:01
C202609001395,U10436,P10009,5,CHATSESS292053,投诉建议,1,1,198,1012,0,,2026-09-08 11:31:29,2026-09-08 11:48:21
C202609001396,U10017,P10007,7,CHATSESS604916,商品咨询,6,6,80,480,0,,2026-09-10 20:34:24,2026-09-10 20:42:24
C202609001397,U10483,P10012,6,CHATSESS174580,价格活动,5,2,300,913,1,加购,2026-09-10 16:59:27,2026-09-10 17:14:40
C202609001398,U10083,P10011,5,CHATSESS768346,其他,4,2,218,1421,0,,2026-09-05 14:01:18,2026-09-05 14:24:59
C202609001399,U10206,P10002,10,CHATSESS824775,其他,5,1,24,697,1,加购,2026-09-03 13:37:38,2026-09-03 13:49:15
C202609001400,U10427,P10005,9,CHATSESS957812,物流查询,7,0,0,1198,0,,2026-09-10 05:48:22,2026-09-10 06:08:20
C202609001401,U10034,P10003,6,CHATSESS842395,商品咨询,5,2,283,551,1,加购,2026-09-10 23:29:05,2026-09-10 23:38:16
C202609001402,U10387,P10009,3,CHATSESS167039,投诉建议,3,1,9,724,0,,2026-09-10 14:57:47,2026-09-10 15:09:51
C202609001403,U10421,P10009,8,CHATSESS394024,价格活动,4,1,274,317,0,,2026-09-04 06:07:16,2026-09-04 06:12:33
C202609001404,U10062,P10014,6,CHATSESS494975,物流查询,8,8,74,1702,1,加购,2026-09-06 04:47:49,2026-09-06 05:16:11
C202609001405,U10292,P10017,2,CHATSESS154775,售后问题,6,3,74,1794,0,,2026-09-08 04:42:28,2026-09-08 05:12:22
C202609001406,U10470,P10003,3,CHATSESS925333,商品咨询,8,4,127,159,0,,2026-09-13 18:36:48,2026-09-13 18:39:27
C202609001407,U10415,P10009,3,CHATSESS975244,价格活动,4,0,0,726,1,加购,2026-09-11 09:41:20,2026-09-11 09:53:26
C202609001408,U10485,P10001,5,CHATSESS409721,价格活动,8,1,257,1391,0,,2026-09-01 19:00:04,2026-09-01 19:23:15
C202609001409,U10259,P10001,8,CHATSESS720885,价格活动,8,2,66,67,1,加购,2026-09-05 11:42:48,2026-09-05 11:43:55
C202609001410,U10058,P10015,1,CHATSESS537908,物流查询,6,5,178,424,0,,2026-09-12 09:30:57,2026-09-12 09:38:01
C202609001411,U10221,P10003,7,CHATSESS692794,物流查询,3,1,18,986,0,,2026-09-02 03:39:27,2026-09-02 03:55:53
C202609001412,U10150,P10009,9,CHATSESS311902,价格活动,3,2,284,1772,0,,2026-09-05 23:38:28,2026-09-06 00:08:00
C202609001413,U10423,P10005,5,CHATSESS997761,商品咨询,7,3,54,228,1,加购,2026-09-11 10:00:41,2026-09-11 10:04:29
C202609001414,U10458,P10020,6,CHATSESS127534,物流查询,8,0,0,974,0,,2026-09-09 19:57:51,2026-09-09 20:14:05
C202609001415,U10440,P10001,5,CHATSESS593191,售后问题,7,2,267,840,0,,2026-09-05 01:11:45,2026-09-05 01:25:45
C202609001416,U10053,P10006,10,CHATSESS652268,其他,3,2,299,909,1,加购,2026-09-06 11:35:47,2026-09-06 11:50:56
C202609001417,U10489,P10007,6,CHATSESS524855,其他,1,1,195,851,0,,2026-09-13 18:28:47,2026-09-13 18:42:58
C202609001418,U10158,P10005,9,CHATSESS600701,商品咨询,8,1,293,1616,1,下单,2026-09-06 03:16:45,2026-09-06 03:43:41
C202609001419,U10313,P10011,3,CHATSESS655775,商品咨询,2,2,108,634,0,,2026-09-07 15:46:44,2026-09-07 15:57:18
C202609001420,U10164,P10016,1,CHATSESS934601,商品咨询,3,2,12,1522,0,,2026-09-05 22:19:36,2026-09-05 22:44:58
C202609001421,U10228,P10009,10,CHATSESS209446,物流查询,7,4,118,1588,1,下单,2026-09-12 09:27:41,2026-09-12 09:54:09
C202609001422,U10086,P10011,9,CHATSESS494123,物流查询,8,0,0,616,1,加购,2026-09-13 12:12:49,2026-09-13 12:23:05
C202609001423,U10273,P10008,6,CHATSESS596826,价格活动,1,1,211,724,0,,2026-09-13 09:43:38,2026-09-13 09:55:42
C202609001424,U10069,P10018,5,CHATSESS285260,商品咨询,1,1,61,304,0,,2026-09-05 10:44:38,2026-09-05 10:49:42
C202609001425,U10364,P10014,8,CHATSESS256802,售后问题,8,4,30,1183,0,,2026-09-13 08:54:57,2026-09-13 09:14:40
C202609001426,U10062,P10018,6,CHATSESS404785,价格活动,8,0,0,999,0,,2026-09-01 00:16:32,2026-09-01 00:33:11
C202609001427,U10423,P10001,2,CHATSESS754079,价格活动,8,2,219,373,0,,2026-09-07 18:10:53,2026-09-07 18:17:06
C202609001428,U10426,P10014,10,CHATSESS224931,商品咨询,7,7,66,732,0,,2026-09-01 16:20:17,2026-09-01 16:32:29
C202609001429,U10291,P10005,7,CHATSESS662451,商品咨询,4,1,126,995,1,加购,2026-09-12 05:57:12,2026-09-12 06:13:47
C202609001430,U10464,P10007,7,CHATSESS445792,投诉建议,4,2,72,1405,0,,2026-09-02 14:17:03,2026-09-02 14:40:28
C202609001431,U10124,P10001,4,CHATSESS197108,价格活动,4,0,0,88,1,下单,2026-09-03 15:03:26,2026-09-03 15:04:54
C202609001432,U10014,P10005,5,CHATSESS591620,其他,5,0,0,1538,0,,2026-09-03 07:32:40,2026-09-03 07:58:18
C202609001433,U10409,P10004,10,CHATSESS854488,物流查询,4,0,0,397,0,,2026-09-09 00:39:40,2026-09-09 00:46:17
C202609001434,U10460,P10010,6,CHATSESS611315,价格活动,1,0,0,374,1,下单,2026-09-14 10:52:38,2026-09-14 10:58:52
C202609001435,U10263,P10004,7,CHATSESS947969,商品咨询,7,5,299,1123,0,,2026-09-02 13:16:12,2026-09-02 13:34:55
C202609001436,U10124,P10006,6,CHATSESS259005,物流查询,4,3,107,306,1,下单,2026-09-12 01:34:02,2026-09-12 01:39:08
C202609001437,U10006,P10004,9,CHATSESS947294,物流查询,8,6,142,1728,0,,2026-09-14 07:50:08,2026-09-14 08:18:56
C202609001438,U10355,P10007,8,CHATSESS928109,商品咨询,1,1,273,1221,0,,2026-09-08 14:33:43,2026-09-08 14:54:04
C202609001439,U10242,P10001,4,CHATSESS600881,价格活动,2,1,253,321,0,,2026-09-09 00:14:15,2026-09-09 00:19:36
C202609001440,U10179,P10011,7,CHATSESS258366,商品咨询,6,6,196,1150,0,,2026-09-03 01:01:33,2026-09-03 01:20:43
C202609001441,U10350,P10016,4,CHATSESS767882,价格活动,3,3,103,472,1,加购,2026-09-10 14:45:58,2026-09-10 14:53:50
C202609001442,U10165,P10011,3,CHATSESS328298,商品咨询,6,6,89,1690,0,,2026-09-08 05:47:46,2026-09-08 06:15:56
C202609001443,U10422,P10007,7,CHATSESS845104,价格活动,4,4,215,114,0,,2026-09-04 02:47:24,2026-09-04 02:49:18
C202609001444,U10155,P10012,3,CHATSESS749677,价格活动,4,1,15,1550,0,,2026-09-13 11:57:44,2026-09-13 12:23:34
C202609001445,U10157,P10017,4,CHATSESS402197,物流查询,6,1,262,1443,1,下单,2026-09-10 16:13:12,2026-09-10 16:37:15
C202609001446,U10113,P10011,7,CHATSESS762149,商品咨询,7,3,190,583,1,加购,2026-09-01 23:50:54,2026-09-02 00:00:37
C202609001447,U10288,P10013,7,CHATSESS697581,物流查询,5,3,35,933,1,下单,2026-09-04 22:32:05,2026-09-04 22:47:38
C202609001448,U10109,P10014,2,CHATSESS210485,商品咨询,6,0,0,377,0,,2026-09-04 00:19:08,2026-09-04 00:25:25
C202609001449,U10266,P10003,1,CHATSESS259776,售后问题,8,1,138,80,0,,2026-09-10 03:46:25,2026-09-10 03:47:45
C202609001450,U10459,P10013,1,CHATSESS982192,商品咨询,5,4,113,1768,0,,2026-09-11 07:42:20,2026-09-11 08:11:48
C202609001451,U10375,P10015,4,CHATSESS145032,商品咨询,8,8,195,88,0,,2026-09-07 01:00:16,2026-09-07 01:01:44
C202609001452,U10038,P10009,9,CHATSESS322814,商品咨询,5,0,0,1449,1,加购,2026-09-01 10:57:53,2026-09-01 11:22:02
C202609001453,U10399,P10018,9,CHATSESS314394,商品咨询,5,3,233,696,1,加购,2026-09-01 11:02:49,2026-09-01 11:14:25
C202609001454,U10327,P10004,8,CHATSESS572199,价格活动,1,0,0,447,1,下单,2026-09-04 18:08:33,2026-09-04 18:16:00
C202609001455,U10226,P10007,1,CHATSESS752608,商品咨询,5,5,37,1601,0,,2026-09-11 11:44:00,2026-09-11 12:10:41
C202609001456,U10292,P10010,1,CHATSESS492640,商品咨询,4,4,196,1614,1,下单,2026-09-05 18:14:42,2026-09-05 18:41:36
C202609001457,U10309,P10012,4,CHATSESS307268,商品咨询,6,4,117,748,0,,2026-09-05 18:59:33,2026-09-05 19:12:01
C202609001458,U10347,P10016,2,CHATSESS165568,商品咨询,4,1,159,1633,1,加购,2026-09-11 20:52:42,2026-09-11 21:19:55
C202609001459,U10164,P10015,6,CHATSESS623564,价格活动,6,2,45,1579,0,,2026-09-04 14:45:38,2026-09-04 15:11:57
C202609001460,U10435,P10008,8,CHATSESS117299,商品咨询,1,1,154,1348,1,下单,2026-09-02 19:11:52,2026-09-02 19:34:20
C202609001461,U10399,P10018,7,CHATSESS629374,商品咨询,1,1,174,1673,0,,2026-09-07 15:15:06,2026-09-07 15:42:59
C202609001462,U10307,P10004,2,CHATSESS397792,投诉建议,2,1,36,231,1,加购,2026-09-07 04:32:21,2026-09-07 04:36:12
C202609001463,U10306,P10003,1,CHATSESS615003,商品咨询,5,3,67,1310,0,,2026-09-14 13:32:17,2026-09-14 13:54:07
C202609001464,U10030,P10015,7,CHATSESS330877,商品咨询,5,2,192,169,0,,2026-09-10 13:06:44,2026-09-10 13:09:33
C202609001465,U10402,P10006,10,CHATSESS587797,其他,2,0,0,1368,1,下单,2026-09-10 19:28:11,2026-09-10 19:50:59
C202609001466,U10187,P10001,9,CHATSESS845595,售后问题,1,1,168,608,0,,2026-09-13 22:53:01,2026-09-13 23:03:09
C202609001467,U10026,P10008,9,CHATSESS926816,售后问题,4,2,144,1713,0,,2026-09-09 15:08:54,2026-09-09 15:37:27
C202609001468,U10047,P10007,4,CHATSESS713840,商品咨询,8,3,69,1768,0,,2026-09-11 12:41:50,2026-09-11 13:11:18
C202609001469,U10299,P10015,9,CHATSESS579393,物流查询,1,1,162,548,0,,2026-09-06 22:06:05,2026-09-06 22:15:13
C202609001470,U10052,P10009,1,CHATSESS218018,售后问题,2,1,140,500,0,,2026-09-01 18:12:21,2026-09-01 18:20:41
C202609001471,U10103,P10001,1,CHATSESS873711,售后问题,7,1,237,913,0,,2026-09-07 02:27:25,2026-09-07 02:42:38
C202609001472,U10081,P10019,4,CHATSESS908601,物流查询,7,4,79,1726,0,,2026-09-13 07:17:41,2026-09-13 07:46:27
C202609001473,U10183,P10001,1,CHATSESS393025,商品咨询,8,5,151,1278,0,,2026-09-10 09:30:19,2026-09-10 09:51:37
C202609001474,U10203,P10006,1,CHATSESS136086,物流查询,5,2,190,1787,0,,2026-09-10 10:10:42,2026-09-10 10:40:29
C202609001475,U10324,P10008,10,CHATSESS961870,售后问题,1,0,0,1528,0,,2026-09-12 22:49:20,2026-09-12 23:14:48
C202609001476,U10086,P10002,2,CHATSESS775551,物流查询,6,4,140,1582,0,,2026-09-05 11:55:34,2026-09-05 12:21:56
C202609001477,U10267,P10002,1,CHATSESS714040,其他,2,1,11,1789,0,,2026-09-14 21:21:27,2026-09-14 21:51:16
C202609001478,U10305,P10005,1,CHATSESS722727,售后问题,8,4,105,320,0,,2026-09-05 08:00:00,2026-09-05 08:05:20
C202609001479,U10093,P10017,7,CHATSESS831914,售后问题,3,3,262,1571,0,,2026-09-09 22:38:53,2026-09-09 23:05:04
C202609001480,U10104,P10016,1,CHATSESS539057,物流查询,6,2,231,640,1,下单,2026-09-14 11:29:32,2026-09-14 11:40:12
C202609001481,U10496,P10010,3,CHATSESS796280,商品咨询,5,3,102,553,0,,2026-09-09 10:34:08,2026-09-09 10:43:21
C202609001482,U10454,P10020,5,CHATSESS608239,投诉建议,6,2,261,1720,0,,2026-09-01 07:53:58,2026-09-01 08:22:38
C202609001483,U10392,P10007,8,CHATSESS440335,商品咨询,2,2,252,766,0,,2026-09-05 21:50:38,2026-09-05 22:03:24
C202609001484,U10263,P10001,7,CHATSESS640416,售后问题,4,2,96,675,1,下单,2026-09-10 15:23:33,2026-09-10 15:34:48
C202609001485,U10364,P10002,10,CHATSESS564591,投诉建议,3,2,58,118,0,,2026-09-14 17:52:09,2026-09-14 17:54:07
C202609001486,U10249,P10015,4,CHATSESS251232,商品咨询,8,2,192,1375,0,,2026-09-07 09:15:21,2026-09-07 09:38:16
C202609001487,U10310,P10005,3,CHATSESS147430,其他,1,1,221,1520,1,下单,2026-09-14 16:44:41,2026-09-14 17:10:01
C202609001488,U10485,P10014,3,CHATSESS102068,价格活动,2,2,115,1236,1,下单,2026-09-04 04:36:45,2026-09-04 04:57:21
C202609001489,U10168,P10003,1,CHATSESS365190,价格活动,1,1,272,1370,0,,2026-09-05 07:34:47,2026-09-05 07:57:37
C202609001490,U10177,P10014,10,CHATSESS995975,价格活动,2,2,16,773,1,加购,2026-09-07 03:48:19,2026-09-07 04:01:12
C202609001491,U10469,P10019,6,CHATSESS382118,价格活动,7,5,33,1793,0,,2026-09-12 13:08:13,2026-09-12 13:38:06
C202609001492,U10010,P10008,6,CHATSESS163780,商品咨询,7,5,144,731,0,,2026-09-12 16:16:47,2026-09-12 16:28:58
C202609001493,U10333,P10010,7,CHATSESS422580,价格活动,5,1,49,543,0,,2026-09-13 09:58:03,2026-09-13 10:07:06
C202609001494,U10279,P10005,1,CHATSESS445978,物流查询,6,0,0,1300,0,,2026-09-13 21:59:39,2026-09-13 22:21:19
C202609001495,U10323,P10011,4,CHATSESS468000,售后问题,7,0,0,1116,0,,2026-09-02 00:10:32,2026-09-02 00:29:08
C202609001496,U10446,P10009,1,CHATSESS949956,物流查询,2,1,161,599,0,,2026-09-13 18:30:49,2026-09-13 18:40:48
C202609001497,U10191,P10007,1,CHATSESS751516,物流查询,7,5,109,1715,0,,2026-09-06 23:31:09,2026-09-06 23:59:44
C202609001498,U10150,P10002,8,CHATSESS798570,商品咨询,7,1,112,1282,1,加购,2026-09-04 15:09:15,2026-09-04 15:30:37
C202609001499,U10241,P10013,10,CHATSESS617798,售后问题,6,0,0,650,1,加购,2026-09-09 01:58:06,2026-09-09 02:08:56
C202609001500,U10042,P10017,7,CHATSESS982579,价格活动,4,2,177,135,1,加购,2026-09-02 02:04:34,2026-09-02 02:06:49
C202609001501,U10497,P10012,10,CHATSESS960102,物流查询,1,1,118,802,1,加购,2026-09-14 02:07:08,2026-09-14 02:20:30
C202609001502,U10470,P10007,7,CHATSESS321983,商品咨询,8,4,75,1685,1,加购,2026-09-05 23:24:50,2026-09-05 23:52:55
C202609001503,U10066,P10017,1,CHATSESS660717,物流查询,7,7,74,1753,1,加购,2026-09-08 02:28:56,2026-09-08 02:58:09
C202609001504,U10148,P10013,10,CHATSESS568329,投诉建议,3,2,21,1046,1,下单,2026-09-10 23:35:05,2026-09-10 23:52:31
C202609001505,U10418,P10014,1,CHATSESS539258,商品咨询,3,3,297,938,1,加购,2026-09-10 16:08:57,2026-09-10 16:24:35
C202609001506,U10428,P10003,9,CHATSESS381148,投诉建议,1,1,218,1421,0,,2026-09-12 14:24:28,2026-09-12 14:48:09
C202609001507,U10161,P10012,6,CHATSESS827051,其他,8,8,33,897,0,,2026-09-09 01:48:54,2026-09-09 02:03:51
C202609001508,U10214,P10012,1,CHATSESS316996,价格活动,5,0,0,1305,1,下单,2026-09-08 15:05:43,2026-09-08 15:27:28
C202609001509,U10330,P10020,6,CHATSESS932039,商品咨询,4,1,140,1495,0,,2026-09-14 16:02:20,2026-09-14 16:27:15
C202609001510,U10006,P10006,10,CHATSESS155180,物流查询,4,3,56,1796,1,加购,2026-09-02 01:58:13,2026-09-02 02:28:09
C202609001511,U10089,P10019,10,CHATSESS638790,商品咨询,6,1,240,1229,0,,2026-09-14 19:37:03,2026-09-14 19:57:32
C202609001512,U10104,P10014,8,CHATSESS549331,价格活动,2,2,141,513,0,,2026-09-14 20:53:00,2026-09-14 21:01:33
C202609001513,U10434,P10018,4,CHATSESS664902,售后问题,7,0,0,765,1,加购,2026-09-04 17:51:55,2026-09-04 18:04:40
C202609001514,U10043,P10004,8,CHATSESS855622,投诉建议,7,0,0,694,1,下单,2026-09-14 21:15:06,2026-09-14 21:26:40
C202609001515,U10010,P10017,7,CHATSESS619985,商品咨询,7,0,0,1542,0,,2026-09-09 10:00:51,2026-09-09 10:26:33
C202609001516,U10016,P10008,5,CHATSESS283778,商品咨询,1,0,0,273,0,,2026-09-08 13:37:25,2026-09-08 13:41:58
C202609001517,U10474,P10006,4,CHATSESS705854,商品咨询,7,2,25,114,1,下单,2026-09-02 08:53:52,2026-09-02 08:55:46
C202609001518,U10231,P10007,3,CHATSESS694601,商品咨询,1,1,121,341,0,,2026-09-09 21:02:30,2026-09-09 21:08:11
C202609001519,U10215,P10002,5,CHATSESS180225,物流查询,5,4,151,342,1,加购,2026-09-11 19:26:37,2026-09-11 19:32:19
C202609001520,U10256,P10012,7,CHATSESS600964,商品咨询,4,3,112,1586,1,加购,2026-09-02 15:34:42,2026-09-02 16:01:08
C202609001521,U10335,P10018,10,CHATSESS618976,售后问题,1,1,173,207,0,,2026-09-04 04:50:38,2026-09-04 04:54:05
C202609001522,U10314,P10019,6,CHATSESS156611,物流查询,6,6,42,381,1,下单,2026-09-07 20:55:39,2026-09-07 21:02:00
C202609001523,U10052,P10015,7,CHATSESS800454,售后问题,6,0,0,1653,0,,2026-09-07 20:48:12,2026-09-07 21:15:45
C202609001524,U10241,P10006,10,CHATSESS929839,投诉建议,6,6,130,709,1,下单,2026-09-09 04:07:58,2026-09-09 04:19:47
C202609001525,U10176,P10005,6,CHATSESS615981,物流查询,7,5,31,1038,0,,2026-09-05 16:38:53,2026-09-05 16:56:11
C202609001526,U10470,P10018,10,CHATSESS116806,售后问题,4,2,109,335,0,,2026-09-02 21:23:55,2026-09-02 21:29:30
C202609001527,U10460,P10014,8,CHATSESS851893,价格活动,3,3,138,183,1,加购,2026-09-05 10:07:24,2026-09-05 10:10:27
C202609001528,U10381,P10006,8,CHATSESS574572,物流查询,5,0,0,1549,1,加购,2026-09-05 15:03:23,2026-09-05 15:29:12
C202609001529,U10369,P10018,2,CHATSESS208910,投诉建议,4,0,0,135,0,,2026-09-03 08:23:51,2026-09-03 08:26:06
C202609001530,U10121,P10002,1,CHATSESS793345,物流查询,1,1,241,1508,1,加购,2026-09-03 10:05:59,2026-09-03 10:31:07
C202609001531,U10276,P10004,2,CHATSESS944846,其他,4,4,58,538,1,加购,2026-09-12 10:54:54,2026-09-12 11:03:52
C202609001532,U10381,P10015,7,CHATSESS229789,物流查询,6,3,233,1452,1,下单,2026-09-12 07:02:37,2026-09-12 07:26:49
C202609001533,U10002,P10020,6,CHATSESS999801,商品咨询,3,3,142,942,1,加购,2026-09-04 05:39:55,2026-09-04 05:55:37
C202609001534,U10163,P10020,4,CHATSESS458224,售后问题,3,2,227,220,1,加购,2026-09-03 00:33:45,2026-09-03 00:37:25
C202609001535,U10311,P10011,2,CHATSESS552248,其他,4,4,68,386,0,,2026-09-07 09:12:03,2026-09-07 09:18:29
C202609001536,U10441,P10011,6,CHATSESS788348,投诉建议,7,0,0,1248,1,下单,2026-09-01 03:51:08,2026-09-01 04:11:56
C202609001537,U10353,P10008,7,CHATSESS879322,物流查询,2,1,197,554,1,下单,2026-09-08 22:42:25,2026-09-08 22:51:39
C202609001538,U10126,P10011,5,CHATSESS116167,物流查询,7,6,212,1572,0,,2026-09-11 06:08:05,2026-09-11 06:34:17
C202609001539,U10390,P10016,4,CHATSESS510983,售后问题,4,4,144,710,1,加购,2026-09-10 09:47:19,2026-09-10 09:59:09
C202609001540,U10449,P10018,9,CHATSESS945536,价格活动,7,7,98,879,1,加购,2026-09-13 04:27:15,2026-09-13 04:41:54
C202609001541,U10190,P10002,6,CHATSESS481096,商品咨询,8,0,0,431,1,加购,2026-09-05 04:19:15,2026-09-05 04:26:26
C202609001542,U10073,P10001,8,CHATSESS151019,投诉建议,3,3,235,1169,0,,2026-09-02 11:26:46,2026-09-02 11:46:15
C202609001543,U10348,P10005,4,CHATSESS804872,商品咨询,5,2,54,1087,1,加购,2026-09-14 17:23:14,2026-09-14 17:41:21
C202609001544,U10285,P10007,5,CHATSESS727274,物流查询,3,1,146,1510,1,加购,2026-09-14 18:48:12,2026-09-14 19:13:22
C202609001545,U10138,P10018,4,CHATSESS756479,商品咨询,3,0,0,147,0,,2026-09-03 05:43:56,2026-09-03 05:46:23
C202609001546,U10435,P10016,5,CHATSESS376734,商品咨询,6,3,200,386,1,下单,2026-09-11 17:49:44,2026-09-11 17:56:10
C202609001547,U10089,P10008,8,CHATSESS256267,商品咨询,1,0,0,1761,0,,2026-09-09 00:13:30,2026-09-09 00:42:51
C202609001548,U10423,P10001,5,CHATSESS350580,物流查询,7,0,0,556,0,,2026-09-09 16:56:44,2026-09-09 17:06:00
C202609001549,U10035,P10014,2,CHATSESS896602,商品咨询,5,5,32,1376,1,下单,2026-09-09 22:00:50,2026-09-09 22:23:46
C202609001550,U10225,P10003,10,CHATSESS160331,售后问题,2,1,70,1369,0,,2026-09-10 13:40:36,2026-09-10 14:03:25
C202609001551,U10498,P10013,10,CHATSESS157557,售后问题,4,3,63,1701,0,,2026-09-11 03:43:57,2026-09-11 04:12:18
C202609001552,U10255,P10003,7,CHATSESS826590,其他,6,6,229,1208,0,,2026-09-04 18:53:25,2026-09-04 19:13:33
C202609001553,U10406,P10017,5,CHATSESS797136,价格活动,1,1,163,701,1,加购,2026-09-08 14:28:04,2026-09-08 14:39:45
C202609001554,U10090,P10016,1,CHATSESS346609,商品咨询,7,3,297,1017,0,,2026-09-12 07:09:47,2026-09-12 07:26:44
C202609001555,U10336,P10004,2,CHATSESS126230,物流查询,1,1,123,583,1,加购,2026-09-02 15:36:17,2026-09-02 15:46:00
C202609001556,U10132,P10001,6,CHATSESS445309,商品咨询,8,0,0,552,1,加购,2026-09-10 04:57:47,2026-09-10 05:06:59
C202609001557,U10117,P10004,4,CHATSESS518653,其他,5,5,42,1273,1,下单,2026-09-14 17:29:48,2026-09-14 17:51:01
C202609001558,U10144,P10002,8,CHATSESS255991,商品咨询,4,2,213,749,0,,2026-09-01 19:04:47,2026-09-01 19:17:16
C202609001559,U10241,P10001,1,CHATSESS287044,售后问题,4,3,52,958,1,加购,2026-09-05 12:41:08,2026-09-05 12:57:06
C202609001560,U10346,P10016,9,CHATSESS830810,商品咨询,2,1,274,985,1,加购,2026-09-05 08:26:05,2026-09-05 08:42:30
C202609001561,U10277,P10007,7,CHATSESS669087,物流查询,7,7,27,1060,1,加购,2026-09-14 16:37:21,2026-09-14 16:55:01
C202609001562,U10403,P10015,6,CHATSESS475550,物流查询,4,0,0,1352,0,,2026-09-07 13:32:45,2026-09-07 13:55:17
C202609001563,U10093,P10005,6,CHATSESS976108,价格活动,4,1,177,590,1,加购,2026-09-10 17:22:28,2026-09-10 17:32:18
C202609001564,U10168,P10016,8,CHATSESS571528,商品咨询,1,1,183,897,0,,2026-09-01 12:30:00,2026-09-01 12:44:57
C202609001565,U10113,P10014,5,CHATSESS515112,物流查询,3,1,49,148,0,,2026-09-12 22:00:49,2026-09-12 22:03:17
C202609001566,U10090,P10020,4,CHATSESS545088,售后问题,5,1,174,1345,1,下单,2026-09-12 18:18:11,2026-09-12 18:40:36
C202609001567,U10261,P10008,2,CHATSESS932141,物流查询,2,1,51,1766,0,,2026-09-11 21:34:05,2026-09-11 22:03:31
C202609001568,U10095,P10014,5,CHATSESS603465,商品咨询,3,1,159,1782,0,,2026-09-04 23:01:45,2026-09-04 23:31:27
C202609001569,U10355,P10017,4,CHATSESS823865,商品咨询,6,2,151,538,0,,2026-09-01 13:09:17,2026-09-01 13:18:15
C202609001570,U10260,P10001,10,CHATSESS166318,价格活动,7,0,0,326,0,,2026-09-06 04:34:52,2026-09-06 04:40:18
C202609001571,U10221,P10013,5,CHATSESS805176,商品咨询,2,2,104,255,0,,2026-09-02 17:56:37,2026-09-02 18:00:52
C202609001572,U10170,P10006,5,CHATSESS342550,售后问题,1,0,0,1252,1,下单,2026-09-10 20:18:35,2026-09-10 20:39:27
C202609001573,U10289,P10001,7,CHATSESS718077,其他,3,1,243,286,0,,2026-09-05 17:20:20,2026-09-05 17:25:06
C202609001574,U10399,P10006,9,CHATSESS712303,其他,3,0,0,658,0,,2026-09-10 14:18:11,2026-09-10 14:29:09
C202609001575,U10413,P10012,10,CHATSESS480621,商品咨询,5,2,295,1123,1,加购,2026-09-07 13:09:02,2026-09-07 13:27:45
C202609001576,U10103,P10003,5,CHATSESS918338,其他,1,1,75,1375,0,,2026-09-05 09:10:00,2026-09-05 09:32:55
C202609001577,U10152,P10016,7,CHATSESS377637,售后问题,7,7,34,997,0,,2026-09-06 19:25:23,2026-09-06 19:42:00
C202609001578,U10124,P10014,9,CHATSESS886798,商品咨询,7,0,0,784,0,,2026-09-10 15:45:03,2026-09-10 15:58:07
C202609001579,U10132,P10004,8,CHATSESS494755,商品咨询,5,1,23,1106,1,加购,2026-09-07 02:29:43,2026-09-07 02:48:09
C202609001580,U10487,P10004,10,CHATSESS310679,价格活动,1,1,44,1176,1,加购,2026-09-12 20:24:54,2026-09-12 20:44:30
C202609001581,U10247,P10002,3,CHATSESS789208,物流查询,4,3,192,1607,1,加购,2026-09-13 16:33:54,2026-09-13 17:00:41
C202609001582,U10361,P10005,3,CHATSESS378851,其他,8,0,0,89,1,加购,2026-09-14 22:07:02,2026-09-14 22:08:31
C202609001583,U10244,P10009,2,CHATSESS734387,投诉建议,6,1,281,317,0,,2026-09-06 21:24:39,2026-09-06 21:29:56
C202609001584,U10343,P10020,10,CHATSESS102682,商品咨询,3,2,77,217,0,,2026-09-11 04:57:50,2026-09-11 05:01:27
C202609001585,U10438,P10016,3,CHATSESS435716,商品咨询,4,4,62,485,0,,2026-09-08 16:11:24,2026-09-08 16:19:29
C202609001586,U10453,P10001,1,CHATSESS657699,价格活动,6,4,296,1340,0,,2026-09-07 13:13:26,2026-09-07 13:35:46
C202609001587,U10141,P10011,9,CHATSESS853497,物流查询,8,0,0,719,0,,2026-09-09 21:06:13,2026-09-09 21:18:12
C202609001588,U10212,P10019,10,CHATSESS437803,售后问题,1,1,202,1059,1,下单,2026-09-04 23:14:30,2026-09-04 23:32:09
C202609001589,U10214,P10019,1,CHATSESS996198,商品咨询,6,5,274,1226,1,下单,2026-09-09 07:48:38,2026-09-09 08:09:04
C202609001590,U10149,P10017,2,CHATSESS758637,价格活动,4,0,0,1275,1,下单,2026-09-01 12:45:34,2026-09-01 13:06:49
C202609001591,U10320,P10006,10,CHATSESS889135,投诉建议,6,0,0,508,0,,2026-09-08 13:15:00,2026-09-08 13:23:28
C202609001592,U10094,P10011,5,CHATSESS134734,物流查询,2,0,0,1052,0,,2026-09-06 21:39:04,2026-09-06 21:56:36
C202609001593,U10470,P10020,3,CHATSESS328513,商品咨询,2,2,193,1133,0,,2026-09-10 05:51:11,2026-09-10 06:10:04
C202609001594,U10084,P10001,2,CHATSESS698781,价格活动,1,1,172,850,1,加购,2026-09-06 15:49:05,2026-09-06 16:03:15
C202609001595,U10228,P10011,1,CHATSESS337385,商品咨询,6,3,228,1249,0,,2026-09-10 14:00:25,2026-09-10 14:21:14
C202609001596,U10065,P10012,3,CHATSESS276463,物流查询,1,1,221,269,0,,2026-09-11 12:20:53,2026-09-11 12:25:22
C202609001597,U10244,P10013,5,CHATSESS997596,商品咨询,7,5,210,196,0,,2026-09-13 06:28:24,2026-09-13 06:31:40
C202609001598,U10307,P10013,2,CHATSESS804738,价格活动,3,1,275,462,0,,2026-09-02 20:06:24,2026-09-02 20:14:06
C202609001599,U10305,P10002,4,CHATSESS821666,商品咨询,3,3,237,258,0,,2026-09-11 10:32:44,2026-09-11 10:37:02
C202609001600,U10487,P10003,2,CHATSESS437881,商品咨询,1,1,294,1316,1,加购,2026-09-07 13:32:39,2026-09-07 13:54:35
C202609001601,U10167,P10004,7,CHATSESS819206,物流查询,2,2,55,1170,1,加购,2026-09-03 14:24:38,2026-09-03 14:44:08
C202609001602,U10107,P10012,4,CHATSESS655830,其他,4,0,0,1377,0,,2026-09-07 23:19:12,2026-09-07 23:42:09
C202609001603,U10027,P10012,8,CHATSESS560734,商品咨询,2,1,7,1391,0,,2026-09-02 21:17:26,2026-09-02 21:40:37
C202609001604,U10488,P10019,2,CHATSESS363183,商品咨询,1,1,217,1136,0,,2026-09-14 09:58:27,2026-09-14 10:17:23
C202609001605,U10469,P10005,10,CHATSESS338173,商品咨询,7,3,212,265,0,,2026-09-01 14:03:57,2026-09-01 14:08:22
C202609001606,U10500,P10008,6,CHATSESS734911,商品咨询,2,0,0,359,1,下单,2026-09-04 09:06:54,2026-09-04 09:12:53
C202609001607,U10320,P10009,7,CHATSESS968890,价格活动,1,0,0,1287,0,,2026-09-06 17:23:36,2026-09-06 17:45:03
C202609001608,U10472,P10001,4,CHATSESS889694,其他,6,2,242,1408,0,,2026-09-08 02:27:03,2026-09-08 02:50:31
C202609001609,U10091,P10017,10,CHATSESS558551,商品咨询,5,3,75,302,1,下单,2026-09-02 05:11:05,2026-09-02 05:16:07
C202609001610,U10008,P10010,7,CHATSESS334517,售后问题,2,2,23,416,0,,2026-09-04 22:49:42,2026-09-04 22:56:38
C202609001611,U10040,P10012,1,CHATSESS576495,商品咨询,6,1,79,1658,1,加购,2026-09-09 22:13:15,2026-09-09 22:40:53
C202609001612,U10427,P10013,2,CHATSESS579716,商品咨询,1,0,0,968,0,,2026-09-10 02:41:59,2026-09-10 02:58:07
C202609001613,U10223,P10014,5,CHATSESS796152,价格活动,7,5,33,1704,0,,2026-09-06 09:07:19,2026-09-06 09:35:43
C202609001614,U10376,P10017,8,CHATSESS304202,商品咨询,6,6,55,768,0,,2026-09-12 14:03:53,2026-09-12 14:16:41
C202609001615,U10320,P10013,7,CHATSESS931075,售后问题,7,2,118,79,0,,2026-09-10 22:54:26,2026-09-10 22:55:45
C202609001616,U10166,P10018,7,CHATSESS992448,商品咨询,2,1,209,967,0,,2026-09-06 16:17:37,2026-09-06 16:33:44
C202609001617,U10373,P10002,8,CHATSESS953283,物流查询,6,0,0,1379,0,,2026-09-04 02:07:56,2026-09-04 02:30:55
C202609001618,U10108,P10005,6,CHATSESS917304,其他,8,0,0,1134,0,,2026-09-12 10:33:27,2026-09-12 10:52:21
C202609001619,U10205,P10002,3,CHATSESS867756,商品咨询,3,1,139,422,1,加购,2026-09-14 22:36:03,2026-09-14 22:43:05
C202609001620,U10025,P10017,7,CHATSESS121804,其他,8,8,175,1216,0,,2026-09-08 12:01:59,2026-09-08 12:22:15
C202609001621,U10280,P10010,6,CHATSESS568187,售后问题,2,1,147,665,0,,2026-09-06 16:40:07,2026-09-06 16:51:12
C202609001622,U10245,P10010,3,CHATSESS524522,售后问题,3,2,247,629,0,,2026-09-03 16:05:11,2026-09-03 16:15:40
C202609001623,U10361,P10020,7,CHATSESS614283,商品咨询,4,1,274,104,0,,2026-09-09 09:06:25,2026-09-09 09:08:09
C202609001624,U10386,P10004,5,CHATSESS815756,物流查询,3,0,0,1446,0,,2026-09-05 23:23:39,2026-09-05 23:47:45
C202609001625,U10478,P10006,7,CHATSESS209710,其他,6,0,0,200,1,加购,2026-09-13 03:33:56,2026-09-13 03:37:16
C202609001626,U10051,P10005,6,CHATSESS709490,其他,2,2,9,1105,1,下单,2026-09-09 16:45:51,2026-09-09 17:04:16
C202609001627,U10032,P10002,9,CHATSESS313481,物流查询,5,1,31,1514,1,加购,2026-09-01 20:25:31,2026-09-01 20:50:45
C202609001628,U10424,P10003,10,CHATSESS487145,商品咨询,5,2,294,120,0,,2026-09-06 17:46:39,2026-09-06 17:48:39
C202609001629,U10217,P10006,8,CHATSESS926436,投诉建议,3,0,0,1457,0,,2026-09-06 00:18:03,2026-09-06 00:42:20
C202609001630,U10149,P10012,3,CHATSESS469946,其他,3,3,35,1271,0,,2026-09-10 23:36:48,2026-09-10 23:57:59
C202609001631,U10075,P10018,2,CHATSESS326562,物流查询,7,3,294,77,1,下单,2026-09-03 13:47:43,2026-09-03 13:49:00
C202609001632,U10067,P10011,4,CHATSESS433288,物流查询,4,2,118,1476,1,加购,2026-09-12 16:08:38,2026-09-12 16:33:14
C202609001633,U10165,P10017,2,CHATSESS864274,物流查询,3,1,192,51,1,加购,2026-09-11 10:08:55,2026-09-11 10:09:46
C202609001634,U10109,P10017,7,CHATSESS248500,其他,3,1,299,1139,1,加购,2026-09-05 07:54:06,2026-09-05 08:13:05
C202609001635,U10365,P10010,4,CHATSESS404858,商品咨询,3,3,170,435,0,,2026-09-11 01:16:26,2026-09-11 01:23:41
C202609001636,U10216,P10006,7,CHATSESS822562,售后问题,2,0,0,1301,0,,2026-09-04 10:44:03,2026-09-04 11:05:44
C202609001637,U10455,P10006,7,CHATSESS310897,商品咨询,3,1,271,1125,1,加购,2026-09-13 21:31:04,2026-09-13 21:49:49
C202609001638,U10195,P10016,10,CHATSESS163328,商品咨询,1,1,45,605,0,,2026-09-14 23:06:54,2026-09-14 23:16:59
C202609001639,U10019,P10013,6,CHATSESS385938,其他,6,4,278,402,1,加购,2026-09-06 00:54:04,2026-09-06 01:00:46
C202609001640,U10178,P10001,2,CHATSESS299967,商品咨询,4,3,217,1273,0,,2026-09-08 06:30:38,2026-09-08 06:51:51
C202609001641,U10184,P10009,1,CHATSESS811548,价格活动,3,3,77,362,0,,2026-09-07 01:54:00,2026-09-07 02:00:02
C202609001642,U10117,P10015,8,CHATSESS250182,物流查询,6,2,207,142,1,加购,2026-09-01 04:12:23,2026-09-01 04:14:45
C202609001643,U10446,P10003,3,CHATSESS354556,商品咨询,5,4,114,565,0,,2026-09-06 05:34:12,2026-09-06 05:43:37
C202609001644,U10299,P10016,10,CHATSESS326511,商品咨询,4,3,181,418,0,,2026-09-04 05:22:08,2026-09-04 05:29:06
C202609001645,U10299,P10013,1,CHATSESS349473,售后问题,4,0,0,730,1,加购,2026-09-13 20:03:23,2026-09-13 20:15:33
C202609001646,U10043,P10008,5,CHATSESS623650,价格活动,8,2,282,1076,0,,2026-09-06 21:56:27,2026-09-06 22:14:23
C202609001647,U10447,P10004,5,CHATSESS407129,投诉建议,5,0,0,765,1,下单,2026-09-03 00:14:21,2026-09-03 00:27:06
C202609001648,U10179,P10002,7,CHATSESS897785,售后问题,7,6,233,142,0,,2026-09-11 09:29:01,2026-09-11 09:31:23
C202609001649,U10410,P10016,7,CHATSESS279228,物流查询,5,2,231,695,1,加购,2026-09-06 18:38:17,2026-09-06 18:49:52
C202609001650,U10384,P10004,10,CHATSESS202110,售后问题,7,6,234,1319,0,,2026-09-09 11:07:17,2026-09-09 11:29:16
C202609001651,U10153,P10018,9,CHATSESS805572,物流查询,7,0,0,1756,0,,2026-09-04 22:02:49,2026-09-04 22:32:05
C202609001652,U10257,P10012,4,CHATSESS485553,其他,8,0,0,1023,1,加购,2026-09-13 08:15:35,2026-09-13 08:32:38
C202609001653,U10211,P10007,3,CHATSESS174262,物流查询,3,3,161,1297,1,下单,2026-09-02 09:04:37,2026-09-02 09:26:14
C202609001654,U10042,P10002,3,CHATSESS411931,物流查询,8,5,268,1557,0,,2026-09-02 14:39:01,2026-09-02 15:04:58
C202609001655,U10073,P10005,8,CHATSESS550996,价格活动,5,4,160,64,1,加购,2026-09-07 03:15:17,2026-09-07 03:16:21
C202609001656,U10404,P10006,10,CHATSESS504621,物流查询,3,2,72,851,0,,2026-09-01 14:35:03,2026-09-01 14:49:14
C202609001657,U10384,P10016,9,CHATSESS132427,商品咨询,1,1,251,316,0,,2026-09-03 06:57:27,2026-09-03 07:02:43
C202609001658,U10024,P10008,1,CHATSESS478835,投诉建议,2,1,248,434,1,加购,2026-09-13 15:19:03,2026-09-13 15:26:17
C202609001659,U10382,P10007,8,CHATSESS660748,物流查询,2,0,0,264,0,,2026-09-12 14:44:52,2026-09-12 14:49:16
C202609001660,U10444,P10004,4,CHATSESS707014,商品咨询,4,0,0,839,0,,2026-09-03 04:29:44,2026-09-03 04:43:43
C202609001661,U10123,P10002,2,CHATSESS436593,商品咨询,3,3,47,1396,1,加购,2026-09-14 11:42:52,2026-09-14 12:06:08
C202609001662,U10089,P10010,7,CHATSESS862192,其他,4,1,206,586,1,加购,2026-09-03 11:56:26,2026-09-03 12:06:12
C202609001663,U10233,P10013,6,CHATSESS736689,价格活动,5,0,0,1209,1,加购,2026-09-04 09:11:20,2026-09-04 09:31:29
C202609001664,U10399,P10006,9,CHATSESS279333,售后问题,7,0,0,1597,0,,2026-09-01 00:12:44,2026-09-01 00:39:21
C202609001665,U10189,P10002,3,CHATSESS171165,其他,1,1,40,110,1,下单,2026-09-02 22:05:26,2026-09-02 22:07:16
C202609001666,U10116,P10012,3,CHATSESS253291,物流查询,6,3,128,1122,1,加购,2026-09-02 21:08:02,2026-09-02 21:26:44
C202609001667,U10179,P10009,7,CHATSESS634366,商品咨询,2,0,0,566,1,加购,2026-09-13 22:02:31,2026-09-13 22:11:57
C202609001668,U10081,P10005,6,CHATSESS186679,商品咨询,7,5,181,1650,0,,2026-09-02 22:02:12,2026-09-02 22:29:42
C202609001669,U10089,P10013,3,CHATSESS581415,投诉建议,3,3,260,1509,0,,2026-09-09 21:46:06,2026-09-09 22:11:15
C202609001670,U10037,P10018,1,CHATSESS786803,其他,5,0,0,1707,1,加购,2026-09-04 09:18:42,2026-09-04 09:47:09
C202609001671,U10452,P10016,2,CHATSESS358807,售后问题,5,4,185,190,1,下单,2026-09-13 17:51:50,2026-09-13 17:55:00
C202609001672,U10230,P10002,1,CHATSESS954834,物流查询,8,0,0,1108,1,加购,2026-09-06 09:41:22,2026-09-06 09:59:50
C202609001673,U10165,P10009,9,CHATSESS387133,售后问题,6,2,194,160,1,下单,2026-09-14 20:48:31,2026-09-14 20:51:11
C202609001674,U10381,P10011,1,CHATSESS528094,商品咨询,3,2,84,767,1,下单,2026-09-11 22:40:08,2026-09-11 22:52:55
C202609001675,U10496,P10015,9,CHATSESS133952,商品咨询,6,0,0,1358,0,,2026-09-04 00:28:27,2026-09-04 00:51:05
C202609001676,U10092,P10008,8,CHATSESS662569,其他,2,2,6,1457,0,,2026-09-13 00:40:44,2026-09-13 01:05:01
C202609001677,U10320,P10001,10,CHATSESS127529,其他,8,0,0,1291,0,,2026-09-09 16:37:44,2026-09-09 16:59:15
C202609001678,U10458,P10010,5,CHATSESS773574,其他,1,1,112,1181,0,,2026-09-02 21:01:17,2026-09-02 21:20:58
C202609001679,U10028,P10016,3,CHATSESS458777,价格活动,5,1,42,858,0,,2026-09-05 01:27:42,2026-09-05 01:42:00
C202609001680,U10355,P10017,3,CHATSESS421681,售后问题,3,1,81,979,0,,2026-09-11 05:43:26,2026-09-11 05:59:45
C202609001681,U10022,P10017,4,CHATSESS371131,售后问题,8,8,118,1603,1,下单,2026-09-14 15:35:19,2026-09-14 16:02:02
C202609001682,U10048,P10011,6,CHATSESS798003,其他,5,0,0,1686,1,加购,2026-09-01 12:44:57,2026-09-01 13:13:03
C202609001683,U10396,P10013,2,CHATSESS557425,商品咨询,5,5,214,63,0,,2026-09-10 22:43:44,2026-09-10 22:44:47
C202609001684,U10121,P10013,9,CHATSESS308160,商品咨询,3,2,76,223,0,,2026-09-02 12:04:02,2026-09-02 12:07:45
C202609001685,U10445,P10008,1,CHATSESS149898,售后问题,2,1,264,1724,1,下单,2026-09-03 10:07:54,2026-09-03 10:36:38
C202609001686,U10122,P10019,5,CHATSESS642894,价格活动,4,0,0,1091,1,下单,2026-09-06 02:25:45,2026-09-06 02:43:56
C202609001687,U10083,P10001,9,CHATSESS865687,商品咨询,8,2,101,1140,0,,2026-09-12 07:56:22,2026-09-12 08:15:22
C202609001688,U10195,P10017,2,CHATSESS250272,价格活动,6,5,93,961,0,,2026-09-14 07:08:04,2026-09-14 07:24:05
C202609001689,U10142,P10018,2,CHATSESS282671,价格活动,3,1,160,1641,1,下单,2026-09-11 07:33:57,2026-09-11 08:01:18
C202609001690,U10187,P10019,4,CHATSESS582677,其他,2,1,190,1509,0,,2026-09-01 17:14:23,2026-09-01 17:39:32
C202609001691,U10164,P10012,10,CHATSESS254306,价格活动,5,5,160,621,0,,2026-09-06 17:24:23,2026-09-06 17:34:44
C202609001692,U10011,P10013,6,CHATSESS828608,价格活动,7,2,114,1253,0,,2026-09-04 22:53:04,2026-09-04 23:13:57
C202609001693,U10412,P10010,9,CHATSESS883075,物流查询,2,0,0,1633,0,,2026-09-10 19:02:52,2026-09-10 19:30:05
C202609001694,U10312,P10003,9,CHATSESS711644,物流查询,1,0,0,1068,0,,2026-09-04 19:09:25,2026-09-04 19:27:13
C202609001695,U10131,P10006,2,CHATSESS525497,商品咨询,6,3,256,1285,1,加购,2026-09-14 23:45:08,2026-09-15 00:06:33
C202609001696,U10138,P10007,8,CHATSESS556499,售后问题,2,2,256,634,1,下单,2026-09-08 04:15:20,2026-09-08 04:25:54
C202609001697,U10444,P10017,10,CHATSESS798352,商品咨询,4,3,70,304,1,加购,2026-09-14 16:58:10,2026-09-14 17:03:14
C202609001698,U10496,P10018,1,CHATSESS876082,商品咨询,3,2,47,930,0,,2026-09-12 11:40:31,2026-09-12 11:56:01
C202609001699,U10284,P10012,9,CHATSESS233860,商品咨询,3,0,0,75,0,,2026-09-14 15:09:57,2026-09-14 15:11:12
C202609001700,U10111,P10004,5,CHATSESS678954,价格活动,5,1,276,1186,0,,2026-09-07 18:10:10,2026-09-07 18:29:56
C202609001701,U10352,P10001,8,CHATSESS202759,商品咨询,6,5,286,838,0,,2026-09-13 01:39:42,2026-09-13 01:53:40
C202609001702,U10203,P10012,2,CHATSESS775452,其他,1,1,112,1076,0,,2026-09-05 08:24:40,2026-09-05 08:42:36
C202609001703,U10436,P10015,1,CHATSESS141315,商品咨询,4,4,129,481,1,下单,2026-09-13 01:17:14,2026-09-13 01:25:15
C202609001704,U10263,P10001,8,CHATSESS472491,商品咨询,2,2,283,84,0,,2026-09-13 15:20:34,2026-09-13 15:21:58
C202609001705,U10377,P10006,2,CHATSESS336274,价格活动,5,5,57,634,0,,2026-09-04 02:43:46,2026-09-04 02:54:20
C202609001706,U10054,P10003,8,CHATSESS712883,商品咨询,1,1,16,286,1,下单,2026-09-05 09:34:17,2026-09-05 09:39:03
C202609001707,U10058,P10003,3,CHATSESS795386,其他,2,1,91,1173,0,,2026-09-11 08:05:30,2026-09-11 08:25:03
C202609001708,U10118,P10010,2,CHATSESS538602,物流查询,3,1,217,568,1,加购,2026-09-11 20:09:24,2026-09-11 20:18:52
C202609001709,U10039,P10019,8,CHATSESS378656,商品咨询,7,6,252,1749,0,,2026-09-03 11:10:38,2026-09-03 11:39:47
C202609001710,U10494,P10005,2,CHATSESS935231,投诉建议,5,0,0,854,0,,2026-09-11 18:01:24,2026-09-11 18:15:38
C202609001711,U10499,P10012,3,CHATSESS758710,商品咨询,5,1,233,1334,1,加购,2026-09-06 10:11:52,2026-09-06 10:34:06
C202609001712,U10368,P10011,3,CHATSESS949641,物流查询,7,1,78,711,1,下单,2026-09-01 07:45:57,2026-09-01 07:57:48
C202609001713,U10429,P10014,3,CHATSESS981413,价格活动,3,0,0,1769,1,加购,2026-09-14 04:05:41,2026-09-14 04:35:10
C202609001714,U10032,P10014,6,CHATSESS283006,物流查询,2,1,40,1051,0,,2026-09-11 10:25:11,2026-09-11 10:42:42
C202609001715,U10284,P10001,8,CHATSESS914831,投诉建议,5,2,12,1541,1,下单,2026-09-13 23:40:41,2026-09-14 00:06:22
C202609001716,U10414,P10007,4,CHATSESS679575,商品咨询,7,0,0,1115,0,,2026-09-08 06:02:27,2026-09-08 06:21:02
C202609001717,U10321,P10010,9,CHATSESS128114,物流查询,5,1,109,1284,0,,2026-09-09 13:05:41,2026-09-09 13:27:05
C202609001718,U10451,P10012,2,CHATSESS244671,商品咨询,3,0,0,1081,0,,2026-09-11 05:13:42,2026-09-11 05:31:43
C202609001719,U10264,P10008,1,CHATSESS986515,售后问题,4,4,8,611,1,加购,2026-09-11 17:15:37,2026-09-11 17:25:48
C202609001720,U10358,P10002,3,CHATSESS962900,物流查询,6,5,243,244,0,,2026-09-01 07:50:33,2026-09-01 07:54:37
C202609001721,U10455,P10008,9,CHATSESS365458,物流查询,2,1,272,1212,1,下单,2026-09-01 16:02:37,2026-09-01 16:22:49
C202609001722,U10247,P10019,5,CHATSESS985077,价格活动,4,4,51,44,1,下单,2026-09-07 01:01:55,2026-09-07 01:02:39
C202609001723,U10488,P10011,2,CHATSESS719218,售后问题,7,4,283,1748,0,,2026-09-03 17:30:03,2026-09-03 17:59:11
C202609001724,U10471,P10019,5,CHATSESS672933,商品咨询,4,2,204,1205,1,下单,2026-09-14 23:53:05,2026-09-15 00:13:10
C202609001725,U10146,P10017,8,CHATSESS198933,售后问题,5,3,257,1087,1,下单,2026-09-12 23:41:02,2026-09-12 23:59:09
C202609001726,U10453,P10009,4,CHATSESS373313,商品咨询,4,2,168,1642,1,加购,2026-09-11 03:57:00,2026-09-11 04:24:22
C202609001727,U10295,P10018,1,CHATSESS532396,物流查询,3,0,0,888,1,加购,2026-09-03 03:01:18,2026-09-03 03:16:06
C202609001728,U10378,P10013,7,CHATSESS578229,投诉建议,4,4,161,1468,0,,2026-09-09 16:29:02,2026-09-09 16:53:30
C202609001729,U10409,P10016,10,CHATSESS779320,投诉建议,6,1,20,1269,1,下单,2026-09-09 15:11:31,2026-09-09 15:32:40
C202609001730,U10355,P10008,2,CHATSESS695423,售后问题,8,4,155,1331,0,,2026-09-07 10:43:58,2026-09-07 11:06:09
C202609001731,U10118,P10002,4,CHATSESS263320,商品咨询,1,1,228,74,0,,2026-09-13 13:25:08,2026-09-13 13:26:22
C202609001732,U10207,P10018,2,CHATSESS598699,商品咨询,4,1,217,111,1,下单,2026-09-09 18:09:20,2026-09-09 18:11:11
C202609001733,U10231,P10002,4,CHATSESS426099,其他,5,0,0,1206,0,,2026-09-14 15:33:15,2026-09-14 15:53:21
C202609001734,U10185,P10013,4,CHATSESS239935,物流查询,1,1,169,455,0,,2026-09-04 11:30:56,2026-09-04 11:38:31
C202609001735,U10060,P10018,5,CHATSESS942308,商品咨询,8,1,65,284,0,,2026-09-12 00:00:41,2026-09-12 00:05:25
C202609001736,U10490,P10001,1,CHATSESS628075,其他,4,4,95,1336,0,,2026-09-06 13:32:31,2026-09-06 13:54:47
C202609001737,U10183,P10013,8,CHATSESS309004,其他,7,2,288,1082,0,,2026-09-13 05:21:12,2026-09-13 05:39:14
C202609001738,U10407,P10006,3,CHATSESS640558,价格活动,1,1,279,1643,0,,2026-09-07 15:09:14,2026-09-07 15:36:37
C202609001739,U10188,P10015,5,CHATSESS890383,物流查询,1,1,241,1796,0,,2026-09-03 14:43:57,2026-09-03 15:13:53
C202609001740,U10057,P10013,1,CHATSESS196066,商品咨询,5,1,234,1764,0,,2026-09-11 22:39:40,2026-09-11 23:09:04
C202609001741,U10376,P10006,8,CHATSESS427880,商品咨询,7,5,44,1720,0,,2026-09-04 22:40:43,2026-09-04 23:09:23
C202609001742,U10170,P10017,9,CHATSESS158149,售后问题,6,5,141,102,1,加购,2026-09-04 09:26:09,2026-09-04 09:27:51
C202609001743,U10462,P10001,5,CHATSESS205849,商品咨询,5,2,294,574,0,,2026-09-03 17:35:40,2026-09-03 17:45:14
C202609001744,U10233,P10001,8,CHATSESS972122,商品咨询,4,1,253,1350,1,下单,2026-09-07 04:21:04,2026-09-07 04:43:34
C202609001745,U10408,P10011,4,CHATSESS387542,其他,1,1,62,505,1,下单,2026-09-12 08:25:21,2026-09-12 08:33:46
C202609001746,U10282,P10001,1,CHATSESS535269,商品咨询,4,2,125,1140,1,下单,2026-09-10 11:52:55,2026-09-10 12:11:55
C202609001747,U10482,P10014,9,CHATSESS446335,商品咨询,4,4,80,1097,1,加购,2026-09-12 14:24:07,2026-09-12 14:42:24
C202609001748,U10318,P10002,9,CHATSESS813809,售后问题,7,0,0,328,0,,2026-09-03 21:51:52,2026-09-03 21:57:20
C202609001749,U10258,P10017,10,CHATSESS320810,物流查询,4,4,10,1179,0,,2026-09-12 04:45:14,2026-09-12 05:04:53
C202609001750,U10155,P10010,3,CHATSESS531523,商品咨询,8,0,0,345,1,加购,2026-09-02 05:42:18,2026-09-02 05:48:03
C202609001751,U10446,P10020,1,CHATSESS291089,售后问题,1,0,0,1627,1,加购,2026-09-06 22:23:38,2026-09-06 22:50:45
C202609001752,U10448,P10005,6,CHATSESS272652,物流查询,1,1,300,747,0,,2026-09-05 12:28:53,2026-09-05 12:41:20
C202609001753,U10160,P10015,7,CHATSESS113860,物流查询,7,6,203,314,0,,2026-09-05 21:11:30,2026-09-05 21:16:44
C202609001754,U10133,P10006,3,CHATSESS737347,投诉建议,8,5,221,571,0,,2026-09-04 15:15:08,2026-09-04 15:24:39
C202609001755,U10296,P10015,6,CHATSESS535124,物流查询,6,1,121,1749,0,,2026-09-12 17:29:34,2026-09-12 17:58:43
C202609001756,U10097,P10004,9,CHATSESS742604,物流查询,2,2,112,1525,0,,2026-09-01 17:33:04,2026-09-01 17:58:29
C202609001757,U10375,P10005,8,CHATSESS204157,商品咨询,3,3,242,1110,1,加购,2026-09-04 19:28:37,2026-09-04 19:47:07
C202609001758,U10422,P10012,10,CHATSESS785029,价格活动,8,6,116,1157,1,加购,2026-09-03 09:16:08,2026-09-03 09:35:25
C202609001759,U10347,P10012,3,CHATSESS723467,价格活动,3,0,0,540,0,,2026-09-03 14:05:21,2026-09-03 14:14:21
C202609001760,U10153,P10001,3,CHATSESS593594,售后问题,3,2,145,1210,0,,2026-09-04 08:48:15,2026-09-04 09:08:25
C202609001761,U10159,P10006,10,CHATSESS352888,商品咨询,2,2,152,1078,0,,2026-09-11 14:22:41,2026-09-11 14:40:39
C202609001762,U10454,P10008,10,CHATSESS214606,其他,3,3,43,99,1,加购,2026-09-09 17:59:34,2026-09-09 18:01:13
C202609001763,U10223,P10011,2,CHATSESS718498,商品咨询,1,1,118,859,1,下单,2026-09-02 12:36:33,2026-09-02 12:50:52
C202609001764,U10406,P10009,1,CHATSESS249098,商品咨询,8,0,0,1102,1,下单,2026-09-13 10:03:56,2026-09-13 10:22:18
C202609001765,U10417,P10011,1,CHATSESS277031,投诉建议,1,1,108,1657,0,,2026-09-07 16:57:57,2026-09-07 17:25:34
C202609001766,U10210,P10015,2,CHATSESS572415,售后问题,1,1,139,864,1,下单,2026-09-02 15:16:44,2026-09-02 15:31:08
C202609001767,U10279,P10012,5,CHATSESS466820,商品咨询,8,7,294,1448,0,,2026-09-07 18:41:24,2026-09-07 19:05:32
C202609001768,U10243,P10010,10,CHATSESS119969,其他,7,3,290,709,0,,2026-09-03 17:01:59,2026-09-03 17:13:48
C202609001769,U10310,P10004,2,CHATSESS411704,投诉建议,6,5,269,631,0,,2026-09-07 23:06:58,2026-09-07 23:17:29
C202609001770,U10175,P10020,4,CHATSESS347184,商品咨询,7,1,87,1442,1,加购,2026-09-10 20:51:54,2026-09-10 21:15:56
C202609001771,U10313,P10012,9,CHATSESS405457,售后问题,4,3,40,177,0,,2026-09-04 05:11:57,2026-09-04 05:14:54
C202609001772,U10283,P10017,6,CHATSESS742302,商品咨询,2,2,140,167,0,,2026-09-11 21:05:02,2026-09-11 21:07:49
C202609001773,U10199,P10012,2,CHATSESS215525,物流查询,4,2,39,313,0,,2026-09-13 12:05:40,2026-09-13 12:10:53
C202609001774,U10259,P10005,8,CHATSESS244815,商品咨询,3,1,246,204,0,,2026-09-12 02:10:00,2026-09-12 02:13:24
C202609001775,U10196,P10009,9,CHATSESS204944,物流查询,1,0,0,1295,0,,2026-09-11 22:28:31,2026-09-11 22:50:06
C202609001776,U10298,P10010,8,CHATSESS126088,其他,7,2,164,1794,1,加购,2026-09-05 16:44:39,2026-09-05 17:14:33
C202609001777,U10228,P10020,8,CHATSESS478369,物流查询,1,1,280,826,0,,2026-09-13 06:42:47,2026-09-13 06:56:33
C202609001778,U10469,P10020,3,CHATSESS590590,投诉建议,2,2,241,1193,1,加购,2026-09-09 09:36:00,2026-09-09 09:55:53
C202609001779,U10236,P10011,6,CHATSESS822004,商品咨询,3,0,0,31,0,,2026-09-01 03:36:18,2026-09-01 03:36:49
C202609001780,U10088,P10005,9,CHATSESS902315,售后问题,6,2,192,1230,0,,2026-09-14 03:11:12,2026-09-14 03:31:42
C202609001781,U10456,P10019,7,CHATSESS981322,商品咨询,5,5,92,517,0,,2026-09-05 06:46:03,2026-09-05 06:54:40
C202609001782,U10447,P10016,5,CHATSESS304633,售后问题,6,1,164,807,0,,2026-09-08 00:33:29,2026-09-08 00:46:56
C202609001783,U10004,P10009,4,CHATSESS839123,价格活动,6,6,248,1438,1,加购,2026-09-05 17:19:47,2026-09-05 17:43:45
C202609001784,U10066,P10018,7,CHATSESS228815,价格活动,2,2,105,548,0,,2026-09-02 20:47:45,2026-09-02 20:56:53
C202609001785,U10087,P10003,4,CHATSESS346460,商品咨询,2,2,181,735,1,下单,2026-09-04 11:54:45,2026-09-04 12:07:00
C202609001786,U10276,P10020,9,CHATSESS973412,商品咨询,4,0,0,83,0,,2026-09-10 23:49:18,2026-09-10 23:50:41
C202609001787,U10040,P10001,1,CHATSESS905405,售后问题,1,1,14,1189,0,,2026-09-02 19:19:44,2026-09-02 19:39:33
C202609001788,U10174,P10018,10,CHATSESS376866,商品咨询,7,4,244,1248,1,加购,2026-09-14 23:31:55,2026-09-14 23:52:43
C202609001789,U10275,P10014,10,CHATSESS606245,商品咨询,3,3,123,1259,0,,2026-09-06 07:50:54,2026-09-06 08:11:53
C202609001790,U10278,P10011,6,CHATSESS499359,商品咨询,7,3,270,1526,0,,2026-09-14 11:45:59,2026-09-14 12:11:25
C202609001791,U10106,P10003,7,CHATSESS897758,商品咨询,6,4,32,954,0,,2026-09-03 04:27:04,2026-09-03 04:42:58
C202609001792,U10054,P10018,7,CHATSESS722729,物流查询,3,3,221,253,0,,2026-09-11 09:37:26,2026-09-11 09:41:39
C202609001793,U10455,P10001,9,CHATSESS291900,价格活动,6,5,143,567,0,,2026-09-03 18:12:55,2026-09-03 18:22:22
C202609001794,U10387,P10011,3,CHATSESS240177,商品咨询,7,5,94,552,1,加购,2026-09-11 07:20:28,2026-09-11 07:29:40
C202609001795,U10088,P10002,3,CHATSESS957945,价格活动,8,3,198,105,0,,2026-09-05 09:17:41,2026-09-05 09:19:26
C202609001796,U10265,P10015,9,CHATSESS688628,商品咨询,4,2,172,1136,1,下单,2026-09-04 17:28:45,2026-09-04 17:47:41
C202609001797,U10367,P10012,7,CHATSESS807998,价格活动,8,2,156,1300,0,,2026-09-02 17:44:28,2026-09-02 18:06:08
C202609001798,U10157,P10014,5,CHATSESS254007,商品咨询,5,3,12,768,1,下单,2026-09-09 02:18:19,2026-09-09 02:31:07
C202609001799,U10039,P10007,1,CHATSESS480719,其他,2,0,0,656,0,,2026-09-02 23:37:57,2026-09-02 23:48:53
C202609001800,U10481,P10014,6,CHATSESS774399,投诉建议,5,2,86,1185,1,加购,2026-09-07 09:49:12,2026-09-07 10:08:57
C202609001801,U10468,P10008,5,CHATSESS355486,其他,1,1,35,848,1,下单,2026-09-05 01:15:10,2026-09-05 01:29:18
C202609001802,U10392,P10006,10,CHATSESS401828,其他,7,4,206,863,1,下单,2026-09-04 16:14:56,2026-09-04 16:29:19
C202609001803,U10382,P10018,2,CHATSESS724809,价格活动,7,7,118,315,1,加购,2026-09-02 16:02:53,2026-09-02 16:08:08
C202609001804,U10035,P10019,8,CHATSESS436797,物流查询,7,7,215,277,1,加购,2026-09-14 00:24:48,2026-09-14 00:29:25
C202609001805,U10320,P10008,2,CHATSESS587106,商品咨询,4,1,11,481,0,,2026-09-10 06:25:02,2026-09-10 06:33:03
C202609001806,U10126,P10001,3,CHATSESS872054,物流查询,1,1,10,1688,0,,2026-09-10 20:21:38,2026-09-10 20:49:46
C202609001807,U10426,P10003,3,CHATSESS375759,物流查询,4,4,165,166,0,,2026-09-04 13:29:12,2026-09-04 13:31:58
C202609001808,U10010,P10018,4,CHATSESS568539,商品咨询,4,2,197,35,0,,2026-09-13 05:11:11,2026-09-13 05:11:46
C202609001809,U10449,P10004,1,CHATSESS291917,售后问题,1,1,131,1617,1,加购,2026-09-09 15:56:49,2026-09-09 16:23:46
C202609001810,U10216,P10018,7,CHATSESS669602,商品咨询,4,0,0,1457,0,,2026-09-13 06:23:08,2026-09-13 06:47:25
C202609001811,U10206,P10005,10,CHATSESS952345,商品咨询,8,7,153,416,1,加购,2026-09-13 16:09:22,2026-09-13 16:16:18
C202609001812,U10001,P10017,8,CHATSESS959456,商品咨询,8,0,0,1770,1,下单,2026-09-01 14:21:24,2026-09-01 14:50:54
C202609001813,U10347,P10003,6,CHATSESS126985,售后问题,2,1,146,679,1,下单,2026-09-06 05:32:11,2026-09-06 05:43:30
C202609001814,U10203,P10001,8,CHATSESS393438,售后问题,5,1,209,1284,0,,2026-09-10 20:07:11,2026-09-10 20:28:35
C202609001815,U10393,P10003,4,CHATSESS320307,价格活动,6,6,124,468,1,下单,2026-09-10 09:53:14,2026-09-10 10:01:02
C202609001816,U10356,P10016,6,CHATSESS793429,商品咨询,8,7,12,1388,0,,2026-09-13 01:26:19,2026-09-13 01:49:27
C202609001817,U10398,P10010,6,CHATSESS587405,投诉建议,3,2,38,812,1,加购,2026-09-03 22:10:20,2026-09-03 22:23:52
C202609001818,U10193,P10001,9,CHATSESS799154,售后问题,8,5,291,1740,0,,2026-09-01 12:12:20,2026-09-01 12:41:20
C202609001819,U10294,P10018,1,CHATSESS194852,价格活动,5,0,0,1048,0,,2026-09-14 09:16:58,2026-09-14 09:34:26
C202609001820,U10162,P10019,4,CHATSESS160554,商品咨询,2,1,41,923,1,下单,2026-09-11 22:33:56,2026-09-11 22:49:19
C202609001821,U10019,P10016,5,CHATSESS976995,其他,4,4,223,799,1,加购,2026-09-06 13:03:35,2026-09-06 13:16:54
C202609001822,U10395,P10004,8,CHATSESS460502,商品咨询,6,5,147,1737,0,,2026-09-12 05:09:27,2026-09-12 05:38:24
C202609001823,U10010,P10010,4,CHATSESS910840,售后问题,2,2,91,1033,0,,2026-09-07 01:19:52,2026-09-07 01:37:05
C202609001824,U10328,P10012,9,CHATSESS709848,其他,5,5,195,407,1,加购,2026-09-03 07:21:57,2026-09-03 07:28:44
C202609001825,U10208,P10001,2,CHATSESS961625,价格活动,1,1,140,756,0,,2026-09-11 09:59:08,2026-09-11 10:11:44
C202609001826,U10480,P10013,4,CHATSESS705773,物流查询,1,1,6,927,0,,2026-09-05 20:06:40,2026-09-05 20:22:07
C202609001827,U10275,P10008,7,CHATSESS624368,售后问题,2,2,195,1564,0,,2026-09-01 14:41:59,2026-09-01 15:08:03
C202609001828,U10040,P10010,8,CHATSESS446505,其他,8,0,0,930,0,,2026-09-11 06:24:06,2026-09-11 06:39:36
C202609001829,U10299,P10005,4,CHATSESS864192,商品咨询,2,2,277,1692,1,加购,2026-09-11 11:04:41,2026-09-11 11:32:53
C202609001830,U10228,P10016,9,CHATSESS674737,其他,4,4,67,450,0,,2026-09-01 17:32:24,2026-09-01 17:39:54
C202609001831,U10471,P10019,9,CHATSESS612564,售后问题,6,5,107,622,0,,2026-09-01 15:41:27,2026-09-01 15:51:49
C202609001832,U10170,P10015,2,CHATSESS821643,物流查询,7,3,16,867,0,,2026-09-01 01:29:59,2026-09-01 01:44:26
C202609001833,U10127,P10015,10,CHATSESS274907,价格活动,8,1,130,456,1,下单,2026-09-04 22:44:25,2026-09-04 22:52:01
C202609001834,U10259,P10002,4,CHATSESS219401,售后问题,1,0,0,1645,0,,2026-09-11 01:18:07,2026-09-11 01:45:32
C202609001835,U10385,P10018,7,CHATSESS763640,价格活动,6,5,231,1378,1,加购,2026-09-05 11:59:32,2026-09-05 12:22:30
C202609001836,U10371,P10004,4,CHATSESS310689,商品咨询,2,2,129,534,0,,2026-09-14 02:44:49,2026-09-14 02:53:43
C202609001837,U10299,P10013,5,CHATSESS590341,物流查询,3,1,6,1692,0,,2026-09-10 10:36:36,2026-09-10 11:04:48
C202609001838,U10311,P10017,10,CHATSESS192216,售后问题,6,4,298,288,1,加购,2026-09-12 23:38:55,2026-09-12 23:43:43
C202609001839,U10078,P10004,10,CHATSESS621406,售后问题,6,6,104,86,0,,2026-09-13 22:11:53,2026-09-13 22:13:19
C202609001840,U10258,P10007,9,CHATSESS813352,商品咨询,1,0,0,952,0,,2026-09-14 11:00:37,2026-09-14 11:16:29
C202609001841,U10284,P10004,3,CHATSESS936256,商品咨询,8,0,0,654,1,加购,2026-09-13 09:56:50,2026-09-13 10:07:44
C202609001842,U10079,P10003,2,CHATSESS383724,价格活动,7,5,41,1023,0,,2026-09-08 07:34:59,2026-09-08 07:52:02
C202609001843,U10167,P10005,9,CHATSESS506515,商品咨询,7,1,247,1785,0,,2026-09-14 09:07:10,2026-09-14 09:36:55
C202609001844,U10394,P10020,4,CHATSESS868267,价格活动,4,3,137,1252,1,下单,2026-09-14 15:02:10,2026-09-14 15:23:02
C202609001845,U10077,P10007,1,CHATSESS465070,物流查询,1,1,114,491,1,加购,2026-09-11 02:05:50,2026-09-11 02:14:01
C202609001846,U10286,P10006,5,CHATSESS845867,价格活动,1,0,0,1178,1,加购,2026-09-08 15:20:32,2026-09-08 15:40:10
C202609001847,U10345,P10007,7,CHATSESS910846,价格活动,2,2,197,399,1,加购,2026-09-07 12:04:38,2026-09-07 12:11:17
C202609001848,U10050,P10011,1,CHATSESS598291,商品咨询,2,1,236,176,0,,2026-09-14 16:11:36,2026-09-14 16:14:32
C202609001849,U10088,P10015,6,CHATSESS230533,商品咨询,1,1,39,803,0,,2026-09-02 07:37:30,2026-09-02 07:50:53
C202609001850,U10363,P10001,3,CHATSESS669795,售后问题,5,0,0,1103,0,,2026-09-13 12:08:55,2026-09-13 12:27:18
C202609001851,U10054,P10013,1,CHATSESS498347,价格活动,2,1,151,980,0,,2026-09-03 08:09:26,2026-09-03 08:25:46
C202609001852,U10006,P10008,6,CHATSESS713951,商品咨询,3,3,193,393,1,加购,2026-09-11 01:12:28,2026-09-11 01:19:01
C202609001853,U10037,P10016,3,CHATSESS264947,售后问题,3,3,197,439,1,下单,2026-09-06 01:25:27,2026-09-06 01:32:46
C202609001854,U10186,P10019,1,CHATSESS435946,物流查询,5,3,7,1167,0,,2026-09-07 01:25:34,2026-09-07 01:45:01
C202609001855,U10070,P10013,3,CHATSESS963594,商品咨询,8,2,224,701,1,加购,2026-09-09 08:33:21,2026-09-09 08:45:02
C202609001856,U10119,P10001,10,CHATSESS689643,其他,3,2,82,1351,1,加购,2026-09-05 10:46:34,2026-09-05 11:09:05
C202609001857,U10203,P10014,9,CHATSESS450354,价格活动,7,4,136,1773,1,下单,2026-09-14 14:37:32,2026-09-14 15:07:05
C202609001858,U10233,P10003,6,CHATSESS716600,商品咨询,3,1,199,580,0,,2026-09-12 11:00:49,2026-09-12 11:10:29
C202609001859,U10500,P10020,3,CHATSESS979106,价格活动,8,8,201,1614,0,,2026-09-08 11:17:50,2026-09-08 11:44:44
C202609001860,U10299,P10013,8,CHATSESS471877,商品咨询,4,3,171,673,0,,2026-09-10 15:45:25,2026-09-10 15:56:38
C202609001861,U10044,P10020,5,CHATSESS761160,其他,3,2,287,447,0,,2026-09-04 19:00:04,2026-09-04 19:07:31
C202609001862,U10244,P10001,1,CHATSESS840818,商品咨询,6,1,88,233,0,,2026-09-01 02:38:20,2026-09-01 02:42:13
C202609001863,U10069,P10009,6,CHATSESS225357,其他,3,0,0,1466,1,下单,2026-09-07 09:55:38,2026-09-07 10:20:04
C202609001864,U10458,P10010,8,CHATSESS656710,物流查询,3,3,61,934,0,,2026-09-04 10:56:06,2026-09-04 11:11:40
C202609001865,U10152,P10014,6,CHATSESS837664,投诉建议,3,3,255,1605,1,加购,2026-09-06 05:31:30,2026-09-06 05:58:15
C202609001866,U10489,P10012,7,CHATSESS143454,价格活动,4,4,269,1333,0,,2026-09-08 06:29:44,2026-09-08 06:51:57
C202609001867,U10155,P10013,1,CHATSESS395995,商品咨询,8,3,100,1002,1,加购,2026-09-01 22:20:58,2026-09-01 22:37:40
C202609001868,U10451,P10020,1,CHATSESS813277,商品咨询,4,4,195,244,1,下单,2026-09-08 06:18:16,2026-09-08 06:22:20
C202609001869,U10310,P10013,3,CHATSESS156733,物流查询,7,2,25,1644,0,,2026-09-01 16:44:14,2026-09-01 17:11:38
C202609001870,U10035,P10015,7,CHATSESS768234,价格活动,3,0,0,465,0,,2026-09-12 04:03:21,2026-09-12 04:11:06
C202609001871,U10483,P10019,4,CHATSESS231103,其他,2,2,299,539,0,,2026-09-14 03:53:38,2026-09-14 04:02:37
C202609001872,U10069,P10010,3,CHATSESS814896,商品咨询,2,1,35,132,0,,2026-09-11 03:09:29,2026-09-11 03:11:41
C202609001873,U10447,P10008,1,CHATSESS827372,物流查询,2,1,175,1429,1,下单,2026-09-12 05:53:49,2026-09-12 06:17:38
C202609001874,U10109,P10010,1,CHATSESS120260,商品咨询,7,4,174,820,0,,2026-09-01 04:33:09,2026-09-01 04:46:49
C202609001875,U10277,P10007,5,CHATSESS705251,价格活动,3,3,19,1503,0,,2026-09-01 17:08:48,2026-09-01 17:33:51
C202609001876,U10417,P10008,7,CHATSESS897011,物流查询,2,0,0,786,0,,2026-09-05 23:28:29,2026-09-05 23:41:35
C202609001877,U10427,P10006,4,CHATSESS791403,售后问题,2,1,272,193,0,,2026-09-08 00:30:02,2026-09-08 00:33:15
C202609001878,U10251,P10006,10,CHATSESS735519,售后问题,6,3,299,728,1,加购,2026-09-09 07:54:39,2026-09-09 08:06:47
C202609001879,U10050,P10004,5,CHATSESS922712,商品咨询,7,4,106,1296,0,,2026-09-04 10:30:28,2026-09-04 10:52:04
C202609001880,U10187,P10019,2,CHATSESS722328,商品咨询,5,0,0,1677,1,加购,2026-09-14 16:30:40,2026-09-14 16:58:37
C202609001881,U10364,P10006,3,CHATSESS671315,物流查询,6,0,0,1043,0,,2026-09-01 03:25:08,2026-09-01 03:42:31
C202609001882,U10322,P10014,5,CHATSESS732075,价格活动,6,2,117,733,0,,2026-09-02 16:21:26,2026-09-02 16:33:39
C202609001883,U10485,P10004,7,CHATSESS724581,物流查询,8,2,114,477,0,,2026-09-03 20:12:56,2026-09-03 20:20:53
C202609001884,U10495,P10007,9,CHATSESS192291,投诉建议,5,3,32,1220,0,,2026-09-01 09:50:39,2026-09-01 10:10:59
C202609001885,U10301,P10008,7,CHATSESS595310,商品咨询,1,1,19,768,0,,2026-09-13 04:15:44,2026-09-13 04:28:32
C202609001886,U10288,P10009,4,CHATSESS244998,商品咨询,3,2,36,626,1,加购,2026-09-09 10:09:04,2026-09-09 10:19:30
C202609001887,U10138,P10008,3,CHATSESS803263,商品咨询,2,1,41,661,1,下单,2026-09-06 04:50:47,2026-09-06 05:01:48
C202609001888,U10063,P10018,7,CHATSESS507773,售后问题,4,0,0,1167,0,,2026-09-08 05:47:13,2026-09-08 06:06:40
C202609001889,U10438,P10010,5,CHATSESS311203,其他,7,2,216,454,0,,2026-09-05 03:23:49,2026-09-05 03:31:23
C202609001890,U10151,P10007,8,CHATSESS193705,商品咨询,5,2,244,1185,1,加购,2026-09-07 14:13:09,2026-09-07 14:32:54
C202609001891,U10439,P10014,9,CHATSESS841263,价格活动,4,4,133,1763,0,,2026-09-11 08:38:55,2026-09-11 09:08:18
C202609001892,U10128,P10019,4,CHATSESS648740,商品咨询,1,1,110,287,1,下单,2026-09-09 16:56:42,2026-09-09 17:01:29
C202609001893,U10436,P10001,3,CHATSESS376678,其他,2,0,0,1244,1,下单,2026-09-08 20:26:45,2026-09-08 20:47:29
C202609001894,U10359,P10006,2,CHATSESS827662,物流查询,6,0,0,1113,1,加购,2026-09-01 13:45:30,2026-09-01 14:04:03
C202609001895,U10022,P10017,3,CHATSESS583687,投诉建议,5,5,245,1159,0,,2026-09-03 20:00:55,2026-09-03 20:20:14
C202609001896,U10408,P10017,2,CHATSESS822311,售后问题,8,3,225,760,1,加购,2026-09-12 13:05:38,2026-09-12 13:18:18
C202609001897,U10377,P10004,10,CHATSESS385356,价格活动,8,7,297,1182,1,加购,2026-09-08 03:26:47,2026-09-08 03:46:29
C202609001898,U10293,P10001,6,CHATSESS779094,商品咨询,5,2,41,1243,1,下单,2026-09-09 00:39:12,2026-09-09 00:59:55
C202609001899,U10006,P10005,8,CHATSESS322076,商品咨询,7,4,241,274,0,,2026-09-13 15:05:49,2026-09-13 15:10:23
C202609001900,U10303,P10006,6,CHATSESS881964,投诉建议,8,6,182,1617,0,,2026-09-10 17:39:21,2026-09-10 18:06:18
C202609001901,U10034,P10019,9,CHATSESS123109,价格活动,8,2,160,874,0,,2026-09-04 08:40:55,2026-09-04 08:55:29
C202609001902,U10435,P10009,3,CHATSESS526282,售后问题,2,1,163,514,1,加购,2026-09-12 04:57:13,2026-09-12 05:05:47
C202609001903,U10338,P10020,5,CHATSESS774242,其他,5,4,161,47,1,下单,2026-09-07 08:11:47,2026-09-07 08:12:34
C202609001904,U10149,P10001,4,CHATSESS951841,商品咨询,6,2,129,1205,0,,2026-09-05 22:26:35,2026-09-05 22:46:40
C202609001905,U10092,P10005,6,CHATSESS421715,物流查询,1,1,223,580,0,,2026-09-02 14:18:15,2026-09-02 14:27:55
C202609001906,U10445,P10002,1,CHATSESS806436,售后问题,2,2,166,694,0,,2026-09-08 03:27:49,2026-09-08 03:39:23
C202609001907,U10267,P10007,8,CHATSESS920483,商品咨询,2,2,133,1108,0,,2026-09-08 10:44:01,2026-09-08 11:02:29
C202609001908,U10329,P10008,3,CHATSESS510075,物流查询,5,5,276,400,0,,2026-09-09 12:48:06,2026-09-09 12:54:46
C202609001909,U10337,P10012,6,CHATSESS231805,物流查询,7,5,34,444,1,加购,2026-09-06 04:06:44,2026-09-06 04:14:08
C202609001910,U10082,P10001,1,CHATSESS818881,物流查询,2,2,64,1333,0,,2026-09-13 01:38:52,2026-09-13 02:01:05
C202609001911,U10355,P10004,5,CHATSESS140305,物流查询,6,3,240,271,1,下单,2026-09-11 14:21:08,2026-09-11 14:25:39
C202609001912,U10329,P10020,2,CHATSESS171306,售后问题,8,4,229,243,0,,2026-09-05 02:36:53,2026-09-05 02:40:56
C202609001913,U10394,P10013,8,CHATSESS758616,物流查询,2,2,295,1066,1,下单,2026-09-04 01:15:02,2026-09-04 01:32:48
C202609001914,U10051,P10019,10,CHATSESS677071,商品咨询,5,4,244,650,1,加购,2026-09-10 10:45:35,2026-09-10 10:56:25
C202609001915,U10223,P10013,8,CHATSESS413616,售后问题,2,2,289,412,1,下单,2026-09-11 13:33:04,2026-09-11 13:39:56
C202609001916,U10485,P10006,5,CHATSESS610634,价格活动,8,0,0,877,0,,2026-09-13 20:00:15,2026-09-13 20:14:52
C202609001917,U10233,P10007,7,CHATSESS591119,物流查询,5,4,165,1795,0,,2026-09-03 20:22:10,2026-09-03 20:52:05
C202609001918,U10095,P10002,10,CHATSESS656927,价格活动,5,5,15,215,1,加购,2026-09-12 03:48:58,2026-09-12 03:52:33
C202609001919,U10068,P10007,4,CHATSESS634310,售后问题,7,3,141,1602,1,加购,2026-09-12 06:57:49,2026-09-12 07:24:31
C202609001920,U10387,P10011,4,CHATSESS263963,商品咨询,7,0,0,1653,0,,2026-09-09 14:49:33,2026-09-09 15:17:06
C202609001921,U10168,P10003,7,CHATSESS984251,商品咨询,6,2,62,944,0,,2026-09-03 01:33:24,2026-09-03 01:49:08
C202609001922,U10460,P10011,10,CHATSESS398733,物流查询,8,0,0,412,0,,2026-09-08 15:55:12,2026-09-08 16:02:04
C202609001923,U10277,P10018,9,CHATSESS174369,商品咨询,8,3,110,1765,1,加购,2026-09-08 03:18:46,2026-09-08 03:48:11
C202609001924,U10208,P10018,5,CHATSESS825893,商品咨询,7,1,25,1009,1,加购,2026-09-11 14:31:55,2026-09-11 14:48:44
C202609001925,U10261,P10016,2,CHATSESS559798,价格活动,4,2,73,1250,1,加购,2026-09-03 12:54:44,2026-09-03 13:15:34
C202609001926,U10421,P10016,5,CHATSESS893541,物流查询,5,0,0,311,0,,2026-09-04 02:46:00,2026-09-04 02:51:11
C202609001927,U10151,P10011,10,CHATSESS350347,物流查询,6,0,0,1617,1,加购,2026-09-02 17:31:31,2026-09-02 17:58:28
C202609001928,U10021,P10009,7,CHATSESS107012,其他,4,3,21,1018,0,,2026-09-12 10:21:29,2026-09-12 10:38:27
C202609001929,U10389,P10007,9,CHATSESS382803,商品咨询,5,0,0,808,1,下单,2026-09-06 22:25:31,2026-09-06 22:38:59
C202609001930,U10009,P10014,2,CHATSESS488892,商品咨询,8,0,0,1267,1,加购,2026-09-06 17:28:37,2026-09-06 17:49:44
C202609001931,U10452,P10009,3,CHATSESS602021,价格活动,5,0,0,389,0,,2026-09-14 08:54:21,2026-09-14 09:00:50
C202609001932,U10105,P10003,7,CHATSESS876373,价格活动,2,1,29,1237,0,,2026-09-08 06:08:14,2026-09-08 06:28:51
C202609001933,U10163,P10013,1,CHATSESS483729,物流查询,6,1,21,212,1,加购,2026-09-04 09:56:30,2026-09-04 10:00:02
C202609001934,U10147,P10018,6,CHATSESS508352,售后问题,2,2,199,1703,1,加购,2026-09-08 19:42:48,2026-09-08 20:11:11
C202609001935,U10264,P10003,10,CHATSESS492321,价格活动,2,1,19,1085,1,加购,2026-09-08 11:02:21,2026-09-08 11:20:26
C202609001936,U10065,P10003,5,CHATSESS497396,其他,8,3,20,1549,0,,2026-09-14 16:24:13,2026-09-14 16:50:02
C202609001937,U10094,P10015,1,CHATSESS412232,物流查询,6,2,151,564,0,,2026-09-03 08:51:09,2026-09-03 09:00:33
C202609001938,U10081,P10006,7,CHATSESS335427,商品咨询,8,6,166,386,1,加购,2026-09-03 19:37:39,2026-09-03 19:44:05
C202609001939,U10215,P10011,5,CHATSESS825231,商品咨询,1,1,112,788,1,下单,2026-09-11 03:25:15,2026-09-11 03:38:23
C202609001940,U10295,P10015,2,CHATSESS859192,价格活动,5,3,187,31,1,下单,2026-09-04 19:11:21,2026-09-04 19:11:52
C202609001941,U10138,P10018,2,CHATSESS567992,其他,7,0,0,1025,0,,2026-09-07 16:09:23,2026-09-07 16:26:28
C202609001942,U10311,P10015,7,CHATSESS750537,其他,2,2,175,1296,1,加购,2026-09-13 03:22:14,2026-09-13 03:43:50
C202609001943,U10315,P10018,6,CHATSESS776040,价格活动,7,6,25,1004,1,下单,2026-09-05 04:47:01,2026-09-05 05:03:45
C202609001944,U10275,P10019,10,CHATSESS381046,价格活动,3,2,290,1611,0,,2026-09-06 18:27:02,2026-09-06 18:53:53
C202609001945,U10024,P10008,1,CHATSESS368551,其他,3,3,182,293,0,,2026-09-09 05:06:35,2026-09-09 05:11:28
C202609001946,U10245,P10013,7,CHATSESS827772,投诉建议,5,3,226,588,0,,2026-09-11 09:28:09,2026-09-11 09:37:57
C202609001947,U10453,P10018,5,CHATSESS910647,售后问题,7,5,109,1325,0,,2026-09-01 07:05:58,2026-09-01 07:28:03
C202609001948,U10390,P10018,1,CHATSESS683122,商品咨询,6,1,37,244,1,下单,2026-09-10 08:13:19,2026-09-10 08:17:23
C202609001949,U10229,P10005,7,CHATSESS613032,物流查询,7,4,88,590,0,,2026-09-07 16:53:25,2026-09-07 17:03:15
C202609001950,U10433,P10001,1,CHATSESS295245,物流查询,1,1,192,1610,1,加购,2026-09-11 03:38:04,2026-09-11 04:04:54
C202609001951,U10036,P10019,4,CHATSESS418509,价格活动,5,4,255,36,0,,2026-09-07 04:54:45,2026-09-07 04:55:21
C202609001952,U10043,P10017,8,CHATSESS906332,售后问题,4,3,83,1162,1,下单,2026-09-07 03:11:55,2026-09-07 03:31:17
C202609001953,U10013,P10017,5,CHATSESS328238,物流查询,2,1,281,1664,0,,2026-09-01 00:00:04,2026-09-01 00:27:48
C202609001954,U10008,P10008,3,CHATSESS368376,物流查询,8,1,286,1501,0,,2026-09-07 05:42:59,2026-09-07 06:08:00
C202609001955,U10423,P10011,6,CHATSESS117792,商品咨询,6,2,299,144,0,,2026-09-09 04:14:52,2026-09-09 04:17:16
C202609001956,U10423,P10007,10,CHATSESS169792,商品咨询,1,1,8,1788,0,,2026-09-09 22:40:53,2026-09-09 23:10:41
C202609001957,U10020,P10009,7,CHATSESS349532,价格活动,6,6,204,1199,0,,2026-09-09 00:43:30,2026-09-09 01:03:29
C202609001958,U10114,P10002,2,CHATSESS927053,价格活动,4,1,175,35,1,加购,2026-09-07 08:48:13,2026-09-07 08:48:48
C202609001959,U10388,P10010,3,CHATSESS603973,其他,3,2,216,1268,1,下单,2026-09-09 15:50:26,2026-09-09 16:11:34
C202609001960,U10350,P10001,3,CHATSESS708483,其他,4,1,151,1485,0,,2026-09-05 20:20:10,2026-09-05 20:44:55
C202609001961,U10166,P10016,2,CHATSESS458345,售后问题,8,4,89,1790,0,,2026-09-01 09:59:55,2026-09-01 10:29:45
C202609001962,U10188,P10012,7,CHATSESS524696,价格活动,7,4,300,910,0,,2026-09-09 02:17:29,2026-09-09 02:32:39
C202609001963,U10304,P10017,10,CHATSESS978769,商品咨询,7,5,19,594,1,下单,2026-09-12 16:28:36,2026-09-12 16:38:30
C202609001964,U10320,P10020,5,CHATSESS780869,投诉建议,8,4,244,856,0,,2026-09-06 01:59:38,2026-09-06 02:13:54
C202609001965,U10290,P10019,10,CHATSESS115677,商品咨询,7,6,50,1182,1,下单,2026-09-08 10:33:37,2026-09-08 10:53:19
C202609001966,U10072,P10004,9,CHATSESS585235,物流查询,6,5,16,691,0,,2026-09-09 02:02:49,2026-09-09 02:14:20
C202609001967,U10025,P10019,10,CHATSESS426012,商品咨询,2,2,79,1275,1,加购,2026-09-11 20:04:33,2026-09-11 20:25:48
C202609001968,U10032,P10007,3,CHATSESS770231,售后问题,7,3,40,998,0,,2026-09-10 22:53:35,2026-09-10 23:10:13
C202609001969,U10176,P10005,5,CHATSESS989104,商品咨询,4,3,241,1644,0,,2026-09-08 12:02:50,2026-09-08 12:30:14
C202609001970,U10218,P10014,6,CHATSESS437083,其他,3,2,290,1026,0,,2026-09-13 18:23:07,2026-09-13 18:40:13
C202609001971,U10018,P10020,1,CHATSESS442655,物流查询,6,6,152,1327,1,加购,2026-09-10 22:23:54,2026-09-10 22:46:01
C202609001972,U10073,P10007,9,CHATSESS534637,商品咨询,5,2,260,46,1,下单,2026-09-10 08:55:53,2026-09-10 08:56:39
C202609001973,U10092,P10005,1,CHATSESS179334,商品咨询,6,4,5,958,0,,2026-09-07 07:53:28,2026-09-07 08:09:26
C202609001974,U10377,P10015,1,CHATSESS426025,其他,2,0,0,1775,1,加购,2026-09-01 05:37:06,2026-09-01 06:06:41
C202609001975,U10318,P10011,10,CHATSESS164237,物流查询,5,2,202,488,1,下单,2026-09-07 06:25:13,2026-09-07 06:33:21
C202609001976,U10149,P10001,4,CHATSESS684456,价格活动,3,2,300,1352,0,,2026-09-08 00:15:44,2026-09-08 00:38:16
C202609001977,U10339,P10019,4,CHATSESS882769,商品咨询,1,0,0,216,0,,2026-09-01 03:42:03,2026-09-01 03:45:39
C202609001978,U10351,P10017,9,CHATSESS414061,其他,7,2,78,277,0,,2026-09-05 12:57:21,2026-09-05 13:01:58
C202609001979,U10164,P10005,5,CHATSESS301896,投诉建议,8,6,180,1549,0,,2026-09-05 01:53:07,2026-09-05 02:18:56
C202609001980,U10114,P10001,3,CHATSESS331802,价格活动,8,8,116,60,1,下单,2026-09-13 01:10:44,2026-09-13 01:11:44
C202609001981,U10190,P10018,1,CHATSESS861806,售后问题,7,2,119,759,1,下单,2026-09-08 00:25:17,2026-09-08 00:37:56
C202609001982,U10283,P10001,8,CHATSESS368366,商品咨询,8,6,88,1408,0,,2026-09-12 10:45:16,2026-09-12 11:08:44
C202609001983,U10306,P10009,5,CHATSESS119553,商品咨询,8,2,136,230,0,,2026-09-02 16:05:23,2026-09-02 16:09:13
C202609001984,U10197,P10009,8,CHATSESS955954,物流查询,4,3,236,1493,0,,2026-09-01 05:33:26,2026-09-01 05:58:19
C202609001985,U10050,P10010,7,CHATSESS407728,商品咨询,5,5,218,1210,0,,2026-09-07 17:30:47,2026-09-07 17:50:57
C202609001986,U10404,P10002,6,CHATSESS415843,投诉建议,6,2,163,1735,0,,2026-09-02 05:18:04,2026-09-02 05:46:59
C202609001987,U10157,P10005,4,CHATSESS831587,物流查询,5,4,17,338,1,加购,2026-09-03 19:59:00,2026-09-03 20:04:38
C202609001988,U10124,P10011,1,CHATSESS517595,商品咨询,1,1,159,1359,0,,2026-09-10 12:01:18,2026-09-10 12:23:57
C202609001989,U10445,P10005,5,CHATSESS924216,其他,6,4,300,50,0,,2026-09-08 20:46:09,2026-09-08 20:46:59
C202609001990,U10142,P10014,4,CHATSESS930812,物流查询,1,1,130,1124,1,加购,2026-09-10 14:10:25,2026-09-10 14:29:09
C202609001991,U10474,P10016,2,CHATSESS446311,物流查询,3,2,237,408,0,,2026-09-01 17:55:26,2026-09-01 18:02:14
C202609001992,U10358,P10003,2,CHATSESS325424,商品咨询,5,4,39,1630,1,加购,2026-09-01 05:57:05,2026-09-01 06:24:15
C202609001993,U10089,P10017,5,CHATSESS602124,商品咨询,5,0,0,1050,1,加购,2026-09-07 13:17:05,2026-09-07 13:34:35
C202609001994,U10439,P10013,1,CHATSESS299550,价格活动,8,4,65,1746,0,,2026-09-01 15:24:01,2026-09-01 15:53:07
C202609001995,U10338,P10004,2,CHATSESS872842,价格活动,5,5,226,303,0,,2026-09-02 23:29:47,2026-09-02 23:34:50
C202609001996,U10273,P10005,2,CHATSESS403038,商品咨询,2,1,86,375,0,,2026-09-10 18:29:08,2026-09-10 18:35:23
C202609001997,U10367,P10006,3,CHATSESS323958,商品咨询,4,0,0,1578,1,加购,2026-09-04 19:47:48,2026-09-04 20:14:06
C202609001998,U10370,P10005,4,CHATSESS251335,价格活动,6,4,266,1403,1,加购,2026-09-04 02:12:18,2026-09-04 02:35:41
C202609001999,U10261,P10007,8,CHATSESS838184,物流查询,7,3,115,1678,0,,2026-09-03 21:37:21,2026-09-03 22:05:19
C202609002000,U10377,P10018,7,CHATSESS433736,物流查询,2,2,219,865,0,,2026-09-08 12:58:08,2026-09-08 13:12:33
