R202609000001,O202609002026,U10129,P10018,5,价格实惠比实体店便宜很多,2026-09-09 16:21:12,否,,1,31,非常抱歉给您带来不好的体验我们会改进,2026-09-09 19:21:12
R202609000002,O202609007186,U10095,P10014,4,绘本内容不错孩子很喜欢,2026-09-14 23:14:44,否,,1,1,感谢您的认可欢迎下次光临,2026-09-15 02:14:44
R202609000003,O202609006875,U10276,P10013,5,客服态度好有问必答点赞,2026-09-10 09:13:42,否,,3,49,感谢您的理解祝您生活愉快,2026-09-10 10:13:42
R202609000004,O202609001051,U10233,P10005,3,质量凑合对得起这个价格,2026-09-05 22:54:30,否,,2,20,感谢您的认可欢迎下次光临,2026-09-05 23:54:30
R202609000005,O202609004379,U10111,P10008,5,质量很好做工精细值得购买,2026-09-11 18:48:13,否,,1,24,已收到您的反馈我们会尽快处理,2026-09-11 19:48:13
R202609000006,O202609000093,U10368,P10012,4,价格实惠比实体店便宜很多,2026-09-10 20:46:02,否,,3,40,感谢您的认可欢迎下次光临,2026-09-10 23:46:02
R202609000007,O202609000601,U10410,P10006,1,跟描述完全不符要求退货,2026-09-08 19:02:18,否,,0,50,感谢您的理解祝您生活愉快,2026-09-08 22:02:18
R202609000008,O202609001886,U10227,P10002,4,保温效果很好外观也漂亮物流很快,2026-09-14 00:00:23,否,,3,5,非常抱歉给您带来不好的体验我们会改进,2026-09-14 01:00:23
R202609000009,O202609007369,U10019,P10016,3,东西还行就是发货慢了点,2026-09-10 12:48:35,否,,0,47,感谢您的理解祝您生活愉快,2026-09-10 16:48:35
R202609000010,O202609001912,U10481,P10019,5,颜色正没有色差穿着舒服,2026-09-07 20:10:15,是,追评：质量比预期好,2,0,感谢您的理解祝您生活愉快,2026-09-07 23:10:15
R202609000011,O202609009427,U10438,P10006,5,保温效果很好外观也漂亮物流很快,2026-09-07 04:09:07,是,追评：质量比预期好,3,24,非常抱歉给您带来不好的体验我们会改进,2026-09-07 09:09:07
R202609000012,O202609006456,U10277,P10001,4,物流超快第二天就到了包装完好,2026-09-06 13:18:54,否,,3,8,,
R202609000013,O202609000013,U10490,P10019,5,绘本内容不错孩子很喜欢,2026-09-09 18:25:46,否,,2,49,感谢您的理解祝您生活愉快,2026-09-09 20:25:46
R202609000014,O202609001399,U10343,P10001,3,东西还行就是发货慢了点,2026-09-09 09:08:05,否,,1,4,非常抱歉给您带来不好的体验我们会改进,2026-09-09 12:08:05
R202609000015,O202609006939,U10406,P10008,3,质量凑合对得起这个价格,2026-09-11 03:29:05,否,,0,16,非常抱歉给您带来不好的体验我们会改进,2026-09-11 06:29:05
R202609000016,O202609000002,U10309,P10018,2,收到货发现有瑕疵要求换货,2026-09-08 22:08:16,否,,3,22,,
R202609000017,O202609005028,U10485,P10006,3,东西还行就是发货慢了点,2026-09-08 01:12:35,否,,0,45,已收到您的反馈我们会尽快处理,2026-09-08 03:12:35
R202609000018,O202609007342,U10496,P10013,4,价格实惠比实体店便宜很多,2026-09-13 08:00:12,否,,3,9,非常抱歉给您带来不好的体验我们会改进,2026-09-13 09:00:12
R202609000019,O202609008575,U10168,P10010,5,绘本内容不错孩子很喜欢,2026-09-10 10:53:30,否,,0,50,,
R202609000020,O202609003349,U10292,P10001,5,质量很好做工精细值得购买,2026-09-11 02:45:51,否,,3,49,已收到您的反馈我们会尽快处理,2026-09-11 04:45:51
R202609000021,O202609006823,U10419,P10003,4,客服态度好有问必答点赞,2026-09-09 19:14:57,是,用了一段时间来追评确实不错,2,17,,
R202609000022,O202609001755,U10288,P10020,3,包装有点简陋东西没问题,2026-09-14 06:43:35,否,,1,10,非常抱歉给您带来不好的体验我们会改进,2026-09-14 11:43:35
R202609000023,O202609004999,U10459,P10005,4,绘本内容不错孩子很喜欢,2026-09-11 22:37:55,否,,2,14,感谢您的理解祝您生活愉快,2026-09-12 01:37:55
R202609000024,O202609008710,U10125,P10004,1,用了两天就坏了质量太差,2026-09-11 15:19:44,否,,3,3,感谢您的理解祝您生活愉快,2026-09-11 18:19:44
R202609000025,O202609001857,U10041,P10002,2,用了两天就坏了质量太差,2026-09-09 21:39:08,是,追评：质量比预期好,1,43,,
R202609000026,O202609004082,U10053,P10004,3,包装有点简陋东西没问题,2026-09-11 23:37:11,否,,1,41,,
R202609000027,O202609009553,U10038,P10019,4,物流超快第二天就到了包装完好,2026-09-08 17:22:49,否,,0,23,,
R202609000028,O202609002826,U10461,P10016,3,包装有点简陋东西没问题,2026-09-10 21:31:30,是,追评：质量比预期好,2,1,感谢您的理解祝您生活愉快,2026-09-11 00:31:30
R202609000029,O202609009603,U10418,P10020,4,价格实惠比实体店便宜很多,2026-09-13 09:24:57,否,,2,47,非常抱歉给您带来不好的体验我们会改进,2026-09-13 11:24:57
R202609000030,O202609001479,U10143,P10018,5,物流超快第二天就到了包装完好,2026-09-10 16:09:06,否,,0,27,非常抱歉给您带来不好的体验我们会改进,2026-09-10 19:09:06
R202609000031,O202609008266,U10493,P10002,5,物流超快第二天就到了包装完好,2026-09-13 11:59:47,否,,1,33,,
R202609000032,O202609009446,U10188,P10013,4,手机性价比超高续航一天没问题推荐购买,2026-09-06 08:43:11,否,,2,22,,
R202609000033,O202609000438,U10500,P10014,5,价格实惠比实体店便宜很多,2026-09-05 18:47:13,否,,0,20,感谢您的理解祝您生活愉快,2026-09-05 20:47:13
R202609000034,O202609003472,U10185,P10004,2,收到货发现有瑕疵要求换货,2026-09-07 09:37:12,否,,0,28,,
R202609000035,O202609007263,U10403,P10001,1,客服态度恶劣不理人,2026-09-09 12:31:29,否,,3,30,感谢您的认可欢迎下次光临,2026-09-09 14:31:29
R202609000036,O202609001865,U10170,P10003,5,质量很好做工精细值得购买,2026-09-07 14:53:17,是,追评：质量比预期好,3,9,非常抱歉给您带来不好的体验我们会改进,2026-09-07 16:53:17
R202609000037,O202609007177,U10102,P10018,5,保温效果很好外观也漂亮物流很快,2026-09-06 00:58:30,否,,1,41,已收到您的反馈我们会尽快处理,2026-09-06 04:58:30
R202609000038,O202609005190,U10394,P10014,4,保温效果很好外观也漂亮物流很快,2026-09-11 18:50:17,是,售后处理很快满意,1,27,,
R202609000039,O202609004867,U10423,P10006,1,客服态度恶劣不理人,2026-09-10 10:55:21,否,,2,44,,
R202609000040,O202609007697,U10404,P10007,5,质量很好做工精细值得购买,2026-09-05 20:18:21,否,,0,25,非常抱歉给您带来不好的体验我们会改进,2026-09-05 23:18:21
R202609000041,O202609002677,U10460,P10007,3,包装有点简陋东西没问题,2026-09-08 01:51:49,否,,3,34,已收到您的反馈我们会尽快处理,2026-09-08 03:51:49
R202609000042,O202609001676,U10253,P10005,4,保温效果很好外观也漂亮物流很快,2026-09-07 22:07:08,是,用了一段时间来追评确实不错,3,33,感谢您的认可欢迎下次光临,2026-09-08 02:07:08
R202609000043,O202609004395,U10145,P10001,2,客服态度恶劣不理人,2026-09-07 09:46:00,否,,0,5,已收到您的反馈我们会尽快处理,2026-09-07 14:46:00
R202609000044,O202609001220,U10249,P10004,4,价格实惠比实体店便宜很多,2026-09-05 12:17:14,否,,0,49,感谢您的理解祝您生活愉快,2026-09-05 14:17:14
R202609000045,O202609001379,U10302,P10015,5,价格实惠比实体店便宜很多,2026-09-07 08:04:58,否,,1,11,感谢您的理解祝您生活愉快,2026-09-07 10:04:58
R202609000046,O202609006418,U10247,P10006,3,一般般吧没有想象中好,2026-09-08 10:44:21,否,,1,46,,
R202609000047,O202609003232,U10279,P10003,4,绘本内容不错孩子很喜欢,2026-09-07 05:12:48,否,,3,36,非常抱歉给您带来不好的体验我们会改进,2026-09-07 09:12:48
R202609000048,O202609005210,U10016,P10009,5,价格实惠比实体店便宜很多,2026-09-13 01:51:14,否,,1,13,非常抱歉给您带来不好的体验我们会改进,2026-09-13 06:51:14
R202609000049,O202609001707,U10183,P10017,4,保温效果很好外观也漂亮物流很快,2026-09-13 15:53:45,是,售后处理很快满意,3,3,感谢您的理解祝您生活愉快,2026-09-13 18:53:45
R202609000050,O202609006738,U10177,P10005,5,客服态度好有问必答点赞,2026-09-06 21:28:05,否,,1,8,感谢您的认可欢迎下次光临,2026-09-07 00:28:05
R202609000051,O202609001681,U10452,P10014,4,物流超快第二天就到了包装完好,2026-09-05 07:39:03,是,用了一段时间来追评确实不错,1,41,,
R202609000052,O202609007575,U10252,P10011,4,客服态度好有问必答点赞,2026-09-10 14:20:11,是,售后处理很快满意,0,0,,
R202609000053,O202609003652,U10486,P10002,5,保温效果很好外观也漂亮物流很快,2026-09-06 11:27:44,否,,2,49,已收到您的反馈我们会尽快处理,2026-09-06 15:27:44
R202609000054,O202609002833,U10332,P10006,4,颜色正没有色差穿着舒服,2026-09-05 06:42:33,否,,1,15,感谢您的理解祝您生活愉快,2026-09-05 08:42:33
R202609000055,O202609000041,U10470,P10010,5,绘本内容不错孩子很喜欢,2026-09-14 10:30:18,否,,1,36,已收到您的反馈我们会尽快处理,2026-09-14 13:30:18
R202609000056,O202609008013,U10374,P10019,3,质量凑合对得起这个价格,2026-09-11 15:28:34,否,,1,30,非常抱歉给您带来不好的体验我们会改进,2026-09-11 19:28:34
R202609000057,O202609009710,U10035,P10004,4,物流超快第二天就到了包装完好,2026-09-13 08:35:10,否,,3,18,感谢您的认可欢迎下次光临,2026-09-13 10:35:10
R202609000058,O202609003860,U10244,P10020,4,手机性价比超高续航一天没问题推荐购买,2026-09-06 01:23:44,否,,3,41,感谢您的认可欢迎下次光临,2026-09-06 04:23:44
R202609000059,O202609004963,U10356,P10015,2,收到货发现有瑕疵要求换货,2026-09-11 21:04:51,是,追评：质量比预期好,1,39,,
R202609000060,O202609006830,U10125,P10004,3,东西还行就是发货慢了点,2026-09-14 22:59:00,否,,1,4,感谢您的理解祝您生活愉快,2026-09-14 23:59:00
R202609000061,O202609005485,U10005,P10001,5,价格实惠比实体店便宜很多,2026-09-13 12:17:49,否,,3,19,感谢您的理解祝您生活愉快,2026-09-13 14:17:49
R202609000062,O202609004084,U10119,P10020,4,价格实惠比实体店便宜很多,2026-09-10 15:37:16,否,,1,35,已收到您的反馈我们会尽快处理,2026-09-10 16:37:16
R202609000063,O202609001679,U10411,P10020,4,质量很好做工精细值得购买,2026-09-09 12:32:19,否,,3,14,已收到您的反馈我们会尽快处理,2026-09-09 16:32:19
R202609000064,O202609008230,U10481,P10004,3,东西还行就是发货慢了点,2026-09-14 02:37:12,否,,2,28,,
R202609000065,O202609006184,U10313,P10015,5,手机性价比超高续航一天没问题推荐购买,2026-09-13 18:00:23,否,,3,16,,
R202609000066,O202609003099,U10068,P10015,3,包装有点简陋东西没问题,2026-09-09 22:53:34,否,,2,21,,
R202609000067,O202609001772,U10186,P10006,4,客服态度好有问必答点赞,2026-09-10 06:59:02,否,,2,0,感谢您的理解祝您生活愉快,2026-09-10 07:59:02
R202609000068,O202609000862,U10053,P10017,2,鞋子偏小一码穿了半天脚疼,2026-09-12 10:18:27,否,,0,43,非常抱歉给您带来不好的体验我们会改进,2026-09-12 12:18:27
R202609000069,O202609001780,U10219,P10006,5,价格实惠比实体店便宜很多,2026-09-12 09:31:47,否,,1,28,感谢您的理解祝您生活愉快,2026-09-12 12:31:47
R202609000070,O202609002756,U10372,P10019,2,物流慢得要死等了一周,2026-09-13 02:10:29,否,,0,26,感谢您的认可欢迎下次光临,2026-09-13 07:10:29
R202609000071,O202609000017,U10202,P10002,3,质量凑合对得起这个价格,2026-09-11 22:44:27,否,,0,8,感谢您的认可欢迎下次光临,2026-09-12 00:44:27
R202609000072,O202609001035,U10130,P10004,4,质量很好做工精细值得购买,2026-09-09 04:43:41,否,,3,22,感谢您的认可欢迎下次光临,2026-09-09 07:43:41
R202609000073,O202609008819,U10166,P10019,5,物流超快第二天就到了包装完好,2026-09-08 12:17:49,否,,0,31,,
R202609000074,O202609009931,U10414,P10015,5,客服态度好有问必答点赞,2026-09-12 05:03:42,否,,0,20,感谢您的认可欢迎下次光临,2026-09-12 08:03:42
R202609000075,O202609006988,U10136,P10018,3,一般般吧没有想象中好,2026-09-07 02:29:04,否,,3,19,非常抱歉给您带来不好的体验我们会改进,2026-09-07 05:29:04
R202609000076,O202609005372,U10021,P10015,2,客服态度恶劣不理人,2026-09-11 17:24:49,否,,1,40,感谢您的理解祝您生活愉快,2026-09-11 21:24:49
R202609000077,O202609000648,U10017,P10011,5,物流超快第二天就到了包装完好,2026-09-06 09:46:39,否,,1,17,非常抱歉给您带来不好的体验我们会改进,2026-09-06 11:46:39
R202609000078,O202609006865,U10468,P10005,5,物流超快第二天就到了包装完好,2026-09-13 11:50:38,否,,2,23,感谢您的认可欢迎下次光临,2026-09-13 14:50:38
R202609000079,O202609001467,U10010,P10007,3,包装有点简陋东西没问题,2026-09-09 23:13:21,否,,1,28,非常抱歉给您带来不好的体验我们会改进,2026-09-10 00:13:21
R202609000080,O202609001874,U10475,P10019,5,颜色正没有色差穿着舒服,2026-09-13 06:41:42,否,,1,43,非常抱歉给您带来不好的体验我们会改进,2026-09-13 08:41:42
R202609000081,O202609002745,U10123,P10001,5,手机性价比超高续航一天没问题推荐购买,2026-09-06 01:31:32,是,用了一段时间来追评确实不错,0,33,,
R202609000082,O202609003447,U10123,P10001,3,包装有点简陋东西没问题,2026-09-11 01:14:38,是,售后处理很快满意,3,22,感谢您的认可欢迎下次光临,2026-09-11 05:14:38
R202609000083,O202609005028,U10121,P10017,4,手机性价比超高续航一天没问题推荐购买,2026-09-05 07:21:36,否,,0,33,非常抱歉给您带来不好的体验我们会改进,2026-09-05 10:21:36
R202609000084,O202609009701,U10177,P10015,5,物流超快第二天就到了包装完好,2026-09-08 15:52:33,否,,1,7,感谢您的认可欢迎下次光临,2026-09-08 17:52:33
R202609000085,O202609002048,U10362,P10006,4,手机性价比超高续航一天没问题推荐购买,2026-09-14 20:13:08,否,,1,36,,
R202609000086,O202609008801,U10060,P10009,5,质量很好做工精细值得购买,2026-09-09 09:35:17,否,,3,50,感谢您的认可欢迎下次光临,2026-09-09 12:35:17
R202609000087,O202609003512,U10384,P10005,4,价格实惠比实体店便宜很多,2026-09-09 02:34:04,否,,2,12,感谢您的理解祝您生活愉快,2026-09-09 05:34:04
R202609000088,O202609004361,U10184,P10009,4,颜色正没有色差穿着舒服,2026-09-05 01:45:13,是,追评：发现了一些问题希望改进,3,43,已收到您的反馈我们会尽快处理,2026-09-05 04:45:13
R202609000089,O202609000736,U10024,P10003,4,手机性价比超高续航一天没问题推荐购买,2026-09-10 21:58:45,是,追评：发现了一些问题希望改进,3,26,,
R202609000090,O202609008144,U10215,P10020,4,物流超快第二天就到了包装完好,2026-09-13 01:03:51,否,,3,43,,
R202609000091,O202609008446,U10238,P10008,5,物流超快第二天就到了包装完好,2026-09-14 20:16:55,否,,0,34,,
R202609000092,O202609006944,U10405,P10002,4,颜色正没有色差穿着舒服,2026-09-05 09:41:37,是,追评：质量比预期好,2,11,感谢您的理解祝您生活愉快,2026-09-05 12:41:37
R202609000093,O202609002798,U10494,P10019,4,手机性价比超高续航一天没问题推荐购买,2026-09-14 22:44:37,否,,0,22,非常抱歉给您带来不好的体验我们会改进,2026-09-15 03:44:37
R202609000094,O202609003277,U10489,P10014,4,保温效果很好外观也漂亮物流很快,2026-09-12 19:22:46,否,,1,34,已收到您的反馈我们会尽快处理,2026-09-12 20:22:46
R202609000095,O202609000352,U10391,P10016,5,价格实惠比实体店便宜很多,2026-09-13 14:30:58,否,,2,48,,
R202609000096,O202609007800,U10014,P10009,4,绘本内容不错孩子很喜欢,2026-09-09 11:31:52,否,,1,50,感谢您的理解祝您生活愉快,2026-09-09 12:31:52
R202609000097,O202609008865,U10191,P10015,5,手机性价比超高续航一天没问题推荐购买,2026-09-07 01:16:48,否,,2,31,,
R202609000098,O202609003267,U10142,P10015,5,质量很好做工精细值得购买,2026-09-11 18:28:18,否,,1,34,感谢您的认可欢迎下次光临,2026-09-11 21:28:18
R202609000099,O202609009640,U10436,P10005,5,价格实惠比实体店便宜很多,2026-09-14 17:31:20,否,,3,50,感谢您的认可欢迎下次光临,2026-09-14 22:31:20
R202609000100,O202609004460,U10327,P10007,2,收到货发现有瑕疵要求换货,2026-09-13 00:25:00,是,售后处理很快满意,3,28,感谢您的理解祝您生活愉快,2026-09-13 02:25:00
R202609000101,O202609002157,U10287,P10006,4,物流超快第二天就到了包装完好,2026-09-07 02:04:51,否,,0,39,,
R202609000102,O202609004009,U10193,P10017,3,质量凑合对得起这个价格,2026-09-12 06:28:44,否,,3,31,感谢您的理解祝您生活愉快,2026-09-12 10:28:44
R202609000103,O202609009742,U10374,P10011,5,质量很好做工精细值得购买,2026-09-08 03:59:07,否,,2,50,感谢您的理解祝您生活愉快,2026-09-08 08:59:07
R202609000104,O202609004126,U10258,P10008,5,价格实惠比实体店便宜很多,2026-09-14 15:30:39,否,,2,13,已收到您的反馈我们会尽快处理,2026-09-14 16:30:39
R202609000105,O202609008728,U10229,P10006,4,颜色正没有色差穿着舒服,2026-09-14 19:10:13,否,,2,30,,
R202609000106,O202609001067,U10423,P10004,4,客服态度好有问必答点赞,2026-09-05 23:55:32,否,,3,25,,
R202609000107,O202609004723,U10485,P10002,5,物流超快第二天就到了包装完好,2026-09-06 05:20:06,是,售后处理很快满意,3,20,,
R202609000108,O202609007391,U10404,P10015,5,手机性价比超高续航一天没问题推荐购买,2026-09-12 10:43:33,否,,2,32,已收到您的反馈我们会尽快处理,2026-09-12 13:43:33
R202609000109,O202609001170,U10437,P10019,4,客服态度好有问必答点赞,2026-09-13 12:23:42,否,,1,38,非常抱歉给您带来不好的体验我们会改进,2026-09-13 13:23:42
R202609000110,O202609008895,U10219,P10020,5,质量很好做工精细值得购买,2026-09-09 03:43:02,否,,0,1,非常抱歉给您带来不好的体验我们会改进,2026-09-09 05:43:02
R202609000111,O202609008523,U10368,P10001,4,价格实惠比实体店便宜很多,2026-09-12 20:47:06,否,,1,44,,
R202609000112,O202609007161,U10416,P10006,4,质量很好做工精细值得购买,2026-09-10 09:08:05,是,售后处理很快满意,3,5,非常抱歉给您带来不好的体验我们会改进,2026-09-10 10:08:05
R202609000113,O202609002411,U10057,P10006,4,物流超快第二天就到了包装完好,2026-09-10 21:00:21,是,追评：质量比预期好,2,48,已收到您的反馈我们会尽快处理,2026-09-11 01:00:21
R202609000114,O202609008108,U10011,P10015,4,绘本内容不错孩子很喜欢,2026-09-13 15:29:32,否,,3,24,,
R202609000115,O202609003669,U10484,P10018,5,客服态度好有问必答点赞,2026-09-08 03:30:14,否,,2,36,,
R202609000116,O202609004746,U10216,P10007,3,一般般吧没有想象中好,2026-09-14 02:00:29,否,,0,15,非常抱歉给您带来不好的体验我们会改进,2026-09-14 04:00:29
R202609000117,O202609006720,U10457,P10005,5,颜色正没有色差穿着舒服,2026-09-10 02:08:49,否,,2,4,感谢您的理解祝您生活愉快,2026-09-10 06:08:49
R202609000118,O202609005433,U10414,P10002,4,绘本内容不错孩子很喜欢,2026-09-05 17:26:57,否,,1,46,,
R202609000119,O202609007715,U10094,P10019,4,质量很好做工精细值得购买,2026-09-12 01:57:52,否,,2,11,已收到您的反馈我们会尽快处理,2026-09-12 06:57:52
R202609000120,O202609009841,U10112,P10002,4,绘本内容不错孩子很喜欢,2026-09-13 05:53:19,是,售后处理很快满意,0,7,非常抱歉给您带来不好的体验我们会改进,2026-09-13 06:53:19
R202609000121,O202609009281,U10080,P10011,4,保温效果很好外观也漂亮物流很快,2026-09-08 00:58:04,否,,2,42,,
R202609000122,O202609002478,U10350,P10012,3,包装有点简陋东西没问题,2026-09-07 03:05:46,否,,2,10,感谢您的理解祝您生活愉快,2026-09-07 07:05:46
R202609000123,O202609008792,U10250,P10017,4,客服态度好有问必答点赞,2026-09-06 04:27:48,否,,3,4,感谢您的理解祝您生活愉快,2026-09-06 07:27:48
R202609000124,O202609006694,U10382,P10009,2,跟描述完全不符要求退货,2026-09-13 18:11:28,否,,3,49,感谢您的理解祝您生活愉快,2026-09-13 22:11:28
R202609000125,O202609006801,U10411,P10016,5,保温效果很好外观也漂亮物流很快,2026-09-14 10:06:43,否,,1,16,感谢您的认可欢迎下次光临,2026-09-14 14:06:43
R202609000126,O202609004256,U10188,P10003,4,物流超快第二天就到了包装完好,2026-09-12 02:23:04,否,,1,46,非常抱歉给您带来不好的体验我们会改进,2026-09-12 07:23:04
R202609000127,O202609004410,U10171,P10001,4,价格实惠比实体店便宜很多,2026-09-11 20:04:17,否,,0,35,非常抱歉给您带来不好的体验我们会改进,2026-09-12 00:04:17
R202609000128,O202609005218,U10053,P10015,5,物流超快第二天就到了包装完好,2026-09-12 06:44:27,否,,0,11,,
R202609000129,O202609008142,U10386,P10010,5,质量很好做工精细值得购买,2026-09-08 16:04:51,是,追评：质量比预期好,2,2,,
R202609000130,O202609003477,U10183,P10010,5,绘本内容不错孩子很喜欢,2026-09-13 04:51:26,否,,1,42,感谢您的理解祝您生活愉快,2026-09-13 08:51:26
R202609000131,O202609008982,U10355,P10020,1,鞋子偏小一码穿了半天脚疼,2026-09-07 03:02:45,否,,0,32,感谢您的认可欢迎下次光临,2026-09-07 07:02:45
R202609000132,O202609009960,U10437,P10005,4,质量很好做工精细值得购买,2026-09-11 19:10:02,否,,3,7,感谢您的理解祝您生活愉快,2026-09-11 21:10:02
R202609000133,O202609008807,U10234,P10006,3,包装有点简陋东西没问题,2026-09-14 13:10:10,否,,2,49,感谢您的理解祝您生活愉快,2026-09-14 16:10:10
R202609000134,O202609005741,U10466,P10009,5,手机性价比超高续航一天没问题推荐购买,2026-09-12 10:11:11,否,,2,42,已收到您的反馈我们会尽快处理,2026-09-12 14:11:11
R202609000135,O202609000690,U10428,P10004,5,价格实惠比实体店便宜很多,2026-09-13 07:51:15,否,,0,33,感谢您的理解祝您生活愉快,2026-09-13 08:51:15
R202609000136,O202609006120,U10426,P10006,4,保温效果很好外观也漂亮物流很快,2026-09-14 23:59:55,否,,0,3,已收到您的反馈我们会尽快处理,2026-09-15 02:59:55
R202609000137,O202609009286,U10216,P10011,5,物流超快第二天就到了包装完好,2026-09-14 08:43:58,否,,0,29,感谢您的理解祝您生活愉快,2026-09-14 11:43:58
R202609000138,O202609003493,U10303,P10012,5,质量很好做工精细值得购买,2026-09-12 03:03:23,否,,0,9,已收到您的反馈我们会尽快处理,2026-09-12 05:03:23
R202609000139,O202609000951,U10157,P10010,4,颜色正没有色差穿着舒服,2026-09-09 16:11:15,否,,2,11,感谢您的认可欢迎下次光临,2026-09-09 18:11:15
R202609000140,O202609004167,U10266,P10016,4,客服态度好有问必答点赞,2026-09-09 19:28:22,否,,3,8,,
R202609000141,O202609005811,U10179,P10019,5,质量很好做工精细值得购买,2026-09-12 06:44:41,是,售后处理很快满意,2,2,,
R202609000142,O202609002888,U10174,P10015,4,质量很好做工精细值得购买,2026-09-08 17:22:39,是,追评：发现了一些问题希望改进,3,33,,
R202609000143,O202609002418,U10160,P10013,4,手机性价比超高续航一天没问题推荐购买,2026-09-08 09:44:45,是,追评：发现了一些问题希望改进,0,50,感谢您的理解祝您生活愉快,2026-09-08 11:44:45
R202609000144,O202609001762,U10030,P10012,5,价格实惠比实体店便宜很多,2026-09-14 08:11:09,是,售后处理很快满意,1,38,感谢您的理解祝您生活愉快,2026-09-14 09:11:09
R202609000145,O202609001761,U10307,P10016,1,客服态度恶劣不理人,2026-09-09 04:59:28,否,,0,2,,
R202609000146,O202609000477,U10455,P10015,5,手机性价比超高续航一天没问题推荐购买,2026-09-11 12:50:53,否,,3,39,已收到您的反馈我们会尽快处理,2026-09-11 15:50:53
R202609000147,O202609007160,U10337,P10010,4,客服态度好有问必答点赞,2026-09-09 06:09:00,否,,0,24,非常抱歉给您带来不好的体验我们会改进,2026-09-09 09:09:00
R202609000148,O202609004712,U10141,P10017,5,绘本内容不错孩子很喜欢,2026-09-07 21:37:27,否,,3,14,,
R202609000149,O202609005803,U10423,P10014,5,绘本内容不错孩子很喜欢,2026-09-07 21:00:38,否,,0,37,感谢您的理解祝您生活愉快,2026-09-07 22:00:38
R202609000150,O202609007296,U10213,P10007,5,客服态度好有问必答点赞,2026-09-12 05:20:10,否,,1,19,感谢您的理解祝您生活愉快,2026-09-12 10:20:10
R202609000151,O202609003574,U10140,P10015,5,客服态度好有问必答点赞,2026-09-09 11:45:19,是,追评：发现了一些问题希望改进,2,22,,
R202609000152,O202609003039,U10376,P10008,5,绘本内容不错孩子很喜欢,2026-09-05 19:09:54,否,,3,7,,
R202609000153,O202609005787,U10224,P10010,5,颜色正没有色差穿着舒服,2026-09-06 02:25:11,否,,3,1,非常抱歉给您带来不好的体验我们会改进,2026-09-06 06:25:11
R202609000154,O202609001997,U10119,P10017,4,保温效果很好外观也漂亮物流很快,2026-09-14 10:39:21,否,,1,7,感谢您的认可欢迎下次光临,2026-09-14 12:39:21
R202609000155,O202609006568,U10039,P10011,4,手机性价比超高续航一天没问题推荐购买,2026-09-11 02:22:11,否,,2,46,,
R202609000156,O202609003389,U10317,P10005,5,保温效果很好外观也漂亮物流很快,2026-09-12 21:04:59,否,,2,43,,
R202609000157,O202609007324,U10422,P10006,5,价格实惠比实体店便宜很多,2026-09-11 17:08:23,否,,1,41,感谢您的理解祝您生活愉快,2026-09-11 20:08:23
R202609000158,O202609006197,U10437,P10008,5,保温效果很好外观也漂亮物流很快,2026-09-14 00:53:33,否,,1,23,已收到您的反馈我们会尽快处理,2026-09-14 04:53:33
R202609000159,O202609001709,U10305,P10010,5,保温效果很好外观也漂亮物流很快,2026-09-11 09:50:46,否,,3,4,,
R202609000160,O202609009847,U10188,P10020,4,保温效果很好外观也漂亮物流很快,2026-09-14 06:13:41,否,,0,33,,
R202609000161,O202609007726,U10060,P10012,5,手机性价比超高续航一天没问题推荐购买,2026-09-06 19:11:12,是,售后处理很快满意,0,42,非常抱歉给您带来不好的体验我们会改进,2026-09-07 00:11:12
R202609000162,O202609000880,U10055,P10018,2,跟描述完全不符要求退货,2026-09-05 09:57:15,否,,0,36,已收到您的反馈我们会尽快处理,2026-09-05 10:57:15
R202609000163,O202609008975,U10448,P10017,1,收到货发现有瑕疵要求换货,2026-09-08 11:21:47,否,,0,49,,
R202609000164,O202609002596,U10148,P10009,3,包装有点简陋东西没问题,2026-09-05 00:36:05,否,,1,5,感谢您的认可欢迎下次光临,2026-09-05 05:36:05
R202609000165,O202609009532,U10329,P10013,1,收到货发现有瑕疵要求换货,2026-09-11 11:43:15,否,,2,8,已收到您的反馈我们会尽快处理,2026-09-11 16:43:15
R202609000166,O202609006411,U10249,P10013,5,手机性价比超高续航一天没问题推荐购买,2026-09-11 15:17:14,否,,0,15,,
R202609000167,O202609009468,U10211,P10012,4,价格实惠比实体店便宜很多,2026-09-12 07:13:18,否,,0,50,已收到您的反馈我们会尽快处理,2026-09-12 10:13:18
R202609000168,O202609000757,U10449,P10005,5,手机性价比超高续航一天没问题推荐购买,2026-09-12 13:27:02,是,追评：质量比预期好,2,17,,
R202609000169,O202609004125,U10130,P10014,3,一般般吧没有想象中好,2026-09-05 12:24:08,否,,3,38,感谢您的认可欢迎下次光临,2026-09-05 17:24:08
R202609000170,O202609004745,U10086,P10013,1,客服态度恶劣不理人,2026-09-05 14:42:12,否,,1,19,感谢您的理解祝您生活愉快,2026-09-05 15:42:12
R202609000171,O202609008327,U10091,P10015,5,颜色正没有色差穿着舒服,2026-09-13 01:48:43,否,,0,22,,
R202609000172,O202609007611,U10244,P10012,5,保温效果很好外观也漂亮物流很快,2026-09-13 07:31:53,否,,1,2,感谢您的理解祝您生活愉快,2026-09-13 12:31:53
R202609000173,O202609004767,U10153,P10017,4,价格实惠比实体店便宜很多,2026-09-07 23:25:05,否,,1,36,感谢您的理解祝您生活愉快,2026-09-08 01:25:05
R202609000174,O202609008119,U10495,P10006,4,绘本内容不错孩子很喜欢,2026-09-07 03:24:20,否,,2,40,,
R202609000175,O202609005465,U10161,P10017,4,手机性价比超高续航一天没问题推荐购买,2026-09-05 12:09:58,否,,1,11,感谢您的理解祝您生活愉快,2026-09-05 16:09:58
R202609000176,O202609004053,U10062,P10005,1,客服态度恶劣不理人,2026-09-10 10:43:40,是,售后处理很快满意,2,22,已收到您的反馈我们会尽快处理,2026-09-10 11:43:40
R202609000177,O202609002587,U10007,P10005,4,价格实惠比实体店便宜很多,2026-09-07 09:51:22,否,,3,8,,
R202609000178,O202609006255,U10347,P10010,4,物流超快第二天就到了包装完好,2026-09-11 08:40:46,否,,2,45,感谢您的认可欢迎下次光临,2026-09-11 09:40:46
R202609000179,O202609001898,U10183,P10005,4,手机性价比超高续航一天没问题推荐购买,2026-09-06 10:55:22,是,追评：质量比预期好,1,13,非常抱歉给您带来不好的体验我们会改进,2026-09-06 13:55:22
R202609000180,O202609005619,U10244,P10002,4,价格实惠比实体店便宜很多,2026-09-09 11:01:16,否,,1,6,,
R202609000181,O202609002385,U10372,P10009,5,价格实惠比实体店便宜很多,2026-09-05 05:18:29,否,,3,34,感谢您的理解祝您生活愉快,2026-09-05 06:18:29
R202609000182,O202609006726,U10245,P10015,4,颜色正没有色差穿着舒服,2026-09-09 16:05:56,否,,3,20,感谢您的理解祝您生活愉快,2026-09-09 17:05:56
R202609000183,O202609000888,U10318,P10017,2,鞋子偏小一码穿了半天脚疼,2026-09-05 16:03:27,否,,3,2,感谢您的认可欢迎下次光临,2026-09-05 17:03:27
R202609000184,O202609002051,U10429,P10011,3,包装有点简陋东西没问题,2026-09-05 13:45:27,否,,3,44,感谢您的认可欢迎下次光临,2026-09-05 17:45:27
R202609000185,O202609002459,U10396,P10012,3,一般般吧没有想象中好,2026-09-10 14:01:25,否,,1,50,非常抱歉给您带来不好的体验我们会改进,2026-09-10 15:01:25
R202609000186,O202609008702,U10038,P10013,5,保温效果很好外观也漂亮物流很快,2026-09-14 14:33:08,是,追评：质量比预期好,1,43,非常抱歉给您带来不好的体验我们会改进,2026-09-14 16:33:08
R202609000187,O202609004567,U10329,P10006,3,包装有点简陋东西没问题,2026-09-10 04:56:25,否,,2,28,已收到您的反馈我们会尽快处理,2026-09-10 09:56:25
R202609000188,O202609004819,U10393,P10005,4,颜色正没有色差穿着舒服,2026-09-12 07:09:49,否,,1,37,,
R202609000189,O202609002910,U10013,P10006,5,质量很好做工精细值得购买,2026-09-13 04:31:35,是,追评：质量比预期好,1,27,感谢您的认可欢迎下次光临,2026-09-13 08:31:35
R202609000190,O202609007125,U10064,P10008,4,价格实惠比实体店便宜很多,2026-09-12 21:08:33,否,,1,18,,
R202609000191,O202609004029,U10410,P10017,4,保温效果很好外观也漂亮物流很快,2026-09-08 05:05:59,否,,2,28,非常抱歉给您带来不好的体验我们会改进,2026-09-08 09:05:59
R202609000192,O202609009551,U10006,P10010,4,质量很好做工精细值得购买,2026-09-07 11:16:22,否,,1,19,非常抱歉给您带来不好的体验我们会改进,2026-09-07 13:16:22
R202609000193,O202609001550,U10367,P10014,2,跟描述完全不符要求退货,2026-09-12 07:22:37,否,,3,33,非常抱歉给您带来不好的体验我们会改进,2026-09-12 12:22:37
R202609000194,O202609005915,U10460,P10001,5,质量很好做工精细值得购买,2026-09-12 00:35:10,否,,3,3,感谢您的认可欢迎下次光临,2026-09-12 03:35:10
R202609000195,O202609004452,U10100,P10003,5,颜色正没有色差穿着舒服,2026-09-05 21:52:35,否,,3,41,,
R202609000196,O202609006089,U10245,P10007,4,物流超快第二天就到了包装完好,2026-09-12 14:38:46,否,,0,3,感谢您的理解祝您生活愉快,2026-09-12 16:38:46
R202609000197,O202609003696,U10468,P10015,4,客服态度好有问必答点赞,2026-09-14 08:09:14,否,,0,50,感谢您的认可欢迎下次光临,2026-09-14 11:09:14
R202609000198,O202609005978,U10157,P10002,5,价格实惠比实体店便宜很多,2026-09-07 09:26:04,否,,0,11,感谢您的认可欢迎下次光临,2026-09-07 14:26:04
R202609000199,O202609000197,U10384,P10019,2,跟描述完全不符要求退货,2026-09-06 09:11:12,是,售后处理很快满意,3,41,感谢您的理解祝您生活愉快,2026-09-06 13:11:12
R202609000200,O202609007172,U10032,P10005,5,绘本内容不错孩子很喜欢,2026-09-14 15:55:10,否,,1,13,非常抱歉给您带来不好的体验我们会改进,2026-09-14 16:55:10
R202609000201,O202609008146,U10355,P10009,5,物流超快第二天就到了包装完好,2026-09-14 13:06:14,否,,0,27,,
R202609000202,O202609007989,U10217,P10008,3,一般般吧没有想象中好,2026-09-13 21:30:39,是,售后处理很快满意,1,7,感谢您的理解祝您生活愉快,2026-09-14 00:30:39
R202609000203,O202609008530,U10073,P10001,1,用了两天就坏了质量太差,2026-09-14 23:19:36,否,,2,48,,
R202609000204,O202609006820,U10437,P10009,3,质量凑合对得起这个价格,2026-09-05 05:48:27,否,,3,26,已收到您的反馈我们会尽快处理,2026-09-05 08:48:27
R202609000205,O202609003106,U10211,P10005,4,颜色正没有色差穿着舒服,2026-09-05 07:18:08,是,追评：发现了一些问题希望改进,0,0,感谢您的理解祝您生活愉快,2026-09-05 08:18:08
R202609000206,O202609007503,U10151,P10013,4,价格实惠比实体店便宜很多,2026-09-12 08:04:29,否,,1,33,已收到您的反馈我们会尽快处理,2026-09-12 13:04:29
R202609000207,O202609000584,U10335,P10005,4,绘本内容不错孩子很喜欢,2026-09-14 18:26:14,是,售后处理很快满意,2,9,感谢您的理解祝您生活愉快,2026-09-14 23:26:14
R202609000208,O202609000233,U10241,P10016,4,客服态度好有问必答点赞,2026-09-14 23:45:48,是,追评：质量比预期好,3,20,,
R202609000209,O202609009735,U10462,P10010,2,跟描述完全不符要求退货,2026-09-14 03:25:09,否,,0,7,非常抱歉给您带来不好的体验我们会改进,2026-09-14 04:25:09
R202609000210,O202609003935,U10107,P10006,4,物流超快第二天就到了包装完好,2026-09-10 13:02:36,否,,2,23,已收到您的反馈我们会尽快处理,2026-09-10 18:02:36
R202609000211,O202609000732,U10247,P10009,5,物流超快第二天就到了包装完好,2026-09-14 02:10:58,否,,2,25,感谢您的理解祝您生活愉快,2026-09-14 03:10:58
R202609000212,O202609001566,U10395,P10002,4,颜色正没有色差穿着舒服,2026-09-07 01:47:14,是,售后处理很快满意,2,22,非常抱歉给您带来不好的体验我们会改进,2026-09-07 03:47:14
R202609000213,O202609009130,U10040,P10012,4,绘本内容不错孩子很喜欢,2026-09-10 11:32:05,否,,0,6,非常抱歉给您带来不好的体验我们会改进,2026-09-10 16:32:05
R202609000214,O202609005330,U10130,P10018,4,价格实惠比实体店便宜很多,2026-09-07 01:02:22,是,追评：发现了一些问题希望改进,0,43,感谢您的认可欢迎下次光临,2026-09-07 03:02:22
R202609000215,O202609006903,U10436,P10004,4,颜色正没有色差穿着舒服,2026-09-13 03:12:49,否,,3,46,感谢您的认可欢迎下次光临,2026-09-13 04:12:49
R202609000216,O202609001971,U10224,P10007,5,绘本内容不错孩子很喜欢,2026-09-05 09:47:26,否,,0,19,,
R202609000217,O202609005390,U10302,P10013,4,价格实惠比实体店便宜很多,2026-09-11 15:39:26,否,,3,17,已收到您的反馈我们会尽快处理,2026-09-11 16:39:26
R202609000218,O202609002700,U10461,P10003,3,包装有点简陋东西没问题,2026-09-08 20:44:16,否,,0,1,已收到您的反馈我们会尽快处理,2026-09-08 23:44:16
R202609000219,O202609002891,U10232,P10015,4,手机性价比超高续航一天没问题推荐购买,2026-09-11 11:47:55,否,,2,6,非常抱歉给您带来不好的体验我们会改进,2026-09-11 16:47:55
R202609000220,O202609009415,U10099,P10008,5,保温效果很好外观也漂亮物流很快,2026-09-12 02:56:18,否,,3,41,,
R202609000221,O202609006953,U10370,P10012,3,包装有点简陋东西没问题,2026-09-13 08:40:52,否,,1,39,非常抱歉给您带来不好的体验我们会改进,2026-09-13 10:40:52
R202609000222,O202609006137,U10382,P10002,4,保温效果很好外观也漂亮物流很快,2026-09-05 20:18:19,否,,2,5,,
R202609000223,O202609007165,U10011,P10015,5,保温效果很好外观也漂亮物流很快,2026-09-05 13:27:40,否,,3,23,已收到您的反馈我们会尽快处理,2026-09-05 15:27:40
R202609000224,O202609007061,U10402,P10020,5,保温效果很好外观也漂亮物流很快,2026-09-13 17:00:11,否,,1,40,非常抱歉给您带来不好的体验我们会改进,2026-09-13 22:00:11
R202609000225,O202609008982,U10138,P10002,4,手机性价比超高续航一天没问题推荐购买,2026-09-05 20:44:16,否,,0,24,非常抱歉给您带来不好的体验我们会改进,2026-09-05 22:44:16
R202609000226,O202609001262,U10030,P10019,5,保温效果很好外观也漂亮物流很快,2026-09-11 08:21:43,否,,3,14,已收到您的反馈我们会尽快处理,2026-09-11 11:21:43
R202609000227,O202609002013,U10058,P10011,1,用了两天就坏了质量太差,2026-09-09 19:46:17,否,,3,15,已收到您的反馈我们会尽快处理,2026-09-09 22:46:17
R202609000228,O202609005949,U10386,P10006,5,绘本内容不错孩子很喜欢,2026-09-05 01:21:32,否,,3,4,,
R202609000229,O202609000403,U10453,P10013,5,物流超快第二天就到了包装完好,2026-09-12 06:18:05,是,追评：质量比预期好,3,3,,
R202609000230,O202609000187,U10078,P10007,3,东西还行就是发货慢了点,2026-09-11 22:04:27,否,,1,28,感谢您的认可欢迎下次光临,2026-09-12 00:04:27
R202609000231,O202609002772,U10312,P10017,2,鞋子偏小一码穿了半天脚疼,2026-09-12 08:07:31,否,,2,17,感谢您的认可欢迎下次光临,2026-09-12 13:07:31
R202609000232,O202609002517,U10307,P10006,2,用了两天就坏了质量太差,2026-09-06 21:02:22,否,,1,35,已收到您的反馈我们会尽快处理,2026-09-07 01:02:22
R202609000233,O202609002294,U10399,P10001,5,客服态度好有问必答点赞,2026-09-12 19:06:05,否,,3,42,感谢您的认可欢迎下次光临,2026-09-12 20:06:05
R202609000234,O202609004258,U10123,P10017,5,绘本内容不错孩子很喜欢,2026-09-08 11:14:25,否,,3,1,感谢您的理解祝您生活愉快,2026-09-08 16:14:25
R202609000235,O202609004750,U10460,P10020,1,收到货发现有瑕疵要求换货,2026-09-11 13:02:59,否,,2,34,已收到您的反馈我们会尽快处理,2026-09-11 17:02:59
R202609000236,O202609004925,U10402,P10019,5,保温效果很好外观也漂亮物流很快,2026-09-08 09:56:55,是,售后处理很快满意,2,7,,
R202609000237,O202609000492,U10170,P10017,5,价格实惠比实体店便宜很多,2026-09-14 22:19:28,否,,2,23,已收到您的反馈我们会尽快处理,2026-09-15 00:19:28
R202609000238,O202609000567,U10079,P10013,4,价格实惠比实体店便宜很多,2026-09-10 22:18:59,否,,1,16,已收到您的反馈我们会尽快处理,2026-09-11 03:18:59
R202609000239,O202609005445,U10015,P10016,1,跟描述完全不符要求退货,2026-09-11 10:24:54,否,,2,20,,
R202609000240,O202609001994,U10175,P10014,3,一般般吧没有想象中好,2026-09-09 06:50:10,否,,1,18,,
R202609000241,O202609004065,U10456,P10013,5,物流超快第二天就到了包装完好,2026-09-08 20:04:41,否,,0,38,已收到您的反馈我们会尽快处理,2026-09-08 22:04:41
R202609000242,O202609009839,U10451,P10004,4,绘本内容不错孩子很喜欢,2026-09-08 03:25:51,是,追评：发现了一些问题希望改进,1,19,,
R202609000243,O202609002899,U10302,P10015,5,手机性价比超高续航一天没问题推荐购买,2026-09-11 07:55:03,否,,2,19,,
R202609000244,O202609009406,U10209,P10005,3,东西还行就是发货慢了点,2026-09-10 14:01:08,否,,2,12,已收到您的反馈我们会尽快处理,2026-09-10 17:01:08
R202609000245,O202609008747,U10196,P10006,5,客服态度好有问必答点赞,2026-09-10 11:16:13,是,售后处理很快满意,1,4,已收到您的反馈我们会尽快处理,2026-09-10 14:16:13
R202609000246,O202609002349,U10051,P10007,2,跟描述完全不符要求退货,2026-09-13 16:55:10,否,,1,0,感谢您的认可欢迎下次光临,2026-09-13 21:55:10
R202609000247,O202609000548,U10155,P10016,5,绘本内容不错孩子很喜欢,2026-09-07 01:30:56,否,,0,13,,
R202609000248,O202609008638,U10086,P10016,3,包装有点简陋东西没问题,2026-09-07 20:11:17,是,用了一段时间来追评确实不错,0,50,非常抱歉给您带来不好的体验我们会改进,2026-09-07 21:11:17
R202609000249,O202609003220,U10341,P10017,4,颜色正没有色差穿着舒服,2026-09-06 17:16:53,否,,0,34,感谢您的理解祝您生活愉快,2026-09-06 21:16:53
R202609000250,O202609007784,U10013,P10013,3,一般般吧没有想象中好,2026-09-14 05:59:34,否,,1,15,感谢您的认可欢迎下次光临,2026-09-14 08:59:34
R202609000251,O202609006639,U10184,P10011,4,手机性价比超高续航一天没问题推荐购买,2026-09-10 15:04:09,是,追评：质量比预期好,2,20,,
R202609000252,O202609003561,U10424,P10011,5,客服态度好有问必答点赞,2026-09-11 03:22:25,否,,1,14,感谢您的理解祝您生活愉快,2026-09-11 04:22:25
R202609000253,O202609000029,U10253,P10003,4,客服态度好有问必答点赞,2026-09-05 14:51:17,否,,2,30,感谢您的认可欢迎下次光临,2026-09-05 16:51:17
R202609000254,O202609009841,U10344,P10019,4,保温效果很好外观也漂亮物流很快,2026-09-11 23:33:59,否,,1,11,,
R202609000255,O202609003444,U10057,P10002,1,物流慢得要死等了一周,2026-09-05 23:53:09,否,,0,41,,
R202609000256,O202609008977,U10239,P10008,5,客服态度好有问必答点赞,2026-09-05 18:53:41,否,,2,20,,
R202609000257,O202609007630,U10207,P10001,4,保温效果很好外观也漂亮物流很快,2026-09-14 14:37:14,否,,0,44,感谢您的理解祝您生活愉快,2026-09-14 18:37:14
R202609000258,O202609009760,U10010,P10019,4,保温效果很好外观也漂亮物流很快,2026-09-11 15:52:13,是,追评：发现了一些问题希望改进,3,39,,
R202609000259,O202609001189,U10423,P10020,4,手机性价比超高续航一天没问题推荐购买,2026-09-10 19:57:46,否,,0,30,,
R202609000260,O202609006539,U10124,P10016,4,客服态度好有问必答点赞,2026-09-10 14:00:47,否,,0,1,,
R202609000261,O202609004603,U10466,P10018,5,保温效果很好外观也漂亮物流很快,2026-09-07 06:46:51,是,用了一段时间来追评确实不错,3,3,已收到您的反馈我们会尽快处理,2026-09-07 11:46:51
R202609000262,O202609005079,U10067,P10004,5,质量很好做工精细值得购买,2026-09-11 19:51:32,否,,3,25,,
R202609000263,O202609002684,U10443,P10009,3,质量凑合对得起这个价格,2026-09-09 11:15:39,否,,2,26,非常抱歉给您带来不好的体验我们会改进,2026-09-09 12:15:39
R202609000264,O202609006072,U10072,P10001,5,客服态度好有问必答点赞,2026-09-13 18:25:12,否,,1,4,已收到您的反馈我们会尽快处理,2026-09-13 20:25:12
R202609000265,O202609008460,U10245,P10006,4,价格实惠比实体店便宜很多,2026-09-12 04:57:53,否,,3,40,已收到您的反馈我们会尽快处理,2026-09-12 09:57:53
R202609000266,O202609008227,U10271,P10012,4,绘本内容不错孩子很喜欢,2026-09-06 01:04:40,否,,3,38,已收到您的反馈我们会尽快处理,2026-09-06 06:04:40
R202609000267,O202609004582,U10232,P10015,5,价格实惠比实体店便宜很多,2026-09-13 05:32:43,否,,0,46,,
R202609000268,O202609005041,U10390,P10003,2,客服态度恶劣不理人,2026-09-13 16:22:54,是,用了一段时间来追评确实不错,0,18,已收到您的反馈我们会尽快处理,2026-09-13 20:22:54
R202609000269,O202609008028,U10276,P10005,5,手机性价比超高续航一天没问题推荐购买,2026-09-06 21:30:30,否,,1,47,,
R202609000270,O202609003066,U10382,P10016,3,质量凑合对得起这个价格,2026-09-13 19:21:50,否,,0,3,感谢您的认可欢迎下次光临,2026-09-13 23:21:50
R202609000271,O202609008723,U10320,P10016,5,颜色正没有色差穿着舒服,2026-09-08 16:14:57,否,,0,19,非常抱歉给您带来不好的体验我们会改进,2026-09-08 20:14:57
R202609000272,O202609005070,U10202,P10004,5,价格实惠比实体店便宜很多,2026-09-05 13:00:55,否,,3,0,已收到您的反馈我们会尽快处理,2026-09-05 14:00:55
R202609000273,O202609004782,U10405,P10008,5,绘本内容不错孩子很喜欢,2026-09-09 22:45:17,否,,3,1,,
R202609000274,O202609004692,U10165,P10010,4,绘本内容不错孩子很喜欢,2026-09-09 13:29:19,否,,0,17,,
R202609000275,O202609003368,U10136,P10006,3,一般般吧没有想象中好,2026-09-14 12:31:23,是,追评：发现了一些问题希望改进,3,10,已收到您的反馈我们会尽快处理,2026-09-14 17:31:23
R202609000276,O202609005554,U10336,P10012,5,客服态度好有问必答点赞,2026-09-09 15:52:32,否,,0,23,非常抱歉给您带来不好的体验我们会改进,2026-09-09 17:52:32
R202609000277,O202609003361,U10377,P10014,5,手机性价比超高续航一天没问题推荐购买,2026-09-08 16:00:52,否,,1,2,已收到您的反馈我们会尽快处理,2026-09-08 21:00:52
R202609000278,O202609000414,U10461,P10006,3,包装有点简陋东西没问题,2026-09-11 04:07:55,否,,1,46,已收到您的反馈我们会尽快处理,2026-09-11 09:07:55
R202609000279,O202609002701,U10119,P10016,2,跟描述完全不符要求退货,2026-09-08 01:52:07,否,,0,14,已收到您的反馈我们会尽快处理,2026-09-08 06:52:07
R202609000280,O202609007959,U10185,P10020,4,保温效果很好外观也漂亮物流很快,2026-09-09 01:26:16,否,,1,42,感谢您的理解祝您生活愉快,2026-09-09 03:26:16
R202609000281,O202609001169,U10455,P10016,5,价格实惠比实体店便宜很多,2026-09-07 22:34:07,否,,0,8,,
R202609000282,O202609003747,U10409,P10001,4,客服态度好有问必答点赞,2026-09-05 11:57:52,是,用了一段时间来追评确实不错,1,10,非常抱歉给您带来不好的体验我们会改进,2026-09-05 12:57:52
R202609000283,O202609005728,U10192,P10009,2,跟描述完全不符要求退货,2026-09-12 21:47:23,否,,3,11,,
R202609000284,O202609001327,U10308,P10020,3,东西还行就是发货慢了点,2026-09-08 05:39:36,否,,0,45,感谢您的认可欢迎下次光临,2026-09-08 08:39:36
R202609000285,O202609003349,U10174,P10006,4,颜色正没有色差穿着舒服,2026-09-12 03:31:59,是,追评：质量比预期好,1,45,,
R202609000286,O202609002786,U10450,P10006,4,价格实惠比实体店便宜很多,2026-09-14 15:52:22,否,,2,29,,
R202609000287,O202609004813,U10245,P10009,2,收到货发现有瑕疵要求换货,2026-09-08 01:00:54,否,,3,3,已收到您的反馈我们会尽快处理,2026-09-08 02:00:54
R202609000288,O202609004207,U10175,P10016,4,保温效果很好外观也漂亮物流很快,2026-09-10 18:16:55,否,,3,3,,
R202609000289,O202609001958,U10008,P10017,3,一般般吧没有想象中好,2026-09-14 11:29:09,否,,0,7,感谢您的认可欢迎下次光临,2026-09-14 16:29:09
R202609000290,O202609001703,U10233,P10007,5,质量很好做工精细值得购买,2026-09-07 16:35:16,否,,1,9,非常抱歉给您带来不好的体验我们会改进,2026-09-07 19:35:16
R202609000291,O202609008126,U10198,P10019,4,物流超快第二天就到了包装完好,2026-09-11 19:23:18,否,,1,14,非常抱歉给您带来不好的体验我们会改进,2026-09-12 00:23:18
R202609000292,O202609009598,U10371,P10017,5,绘本内容不错孩子很喜欢,2026-09-06 20:14:58,是,追评：质量比预期好,3,13,,
R202609000293,O202609004804,U10384,P10001,5,颜色正没有色差穿着舒服,2026-09-11 04:09:49,否,,0,42,非常抱歉给您带来不好的体验我们会改进,2026-09-11 05:09:49
R202609000294,O202609009312,U10458,P10004,5,质量很好做工精细值得购买,2026-09-10 17:53:19,否,,2,2,已收到您的反馈我们会尽快处理,2026-09-10 22:53:19
R202609000295,O202609001570,U10362,P10008,4,保温效果很好外观也漂亮物流很快,2026-09-08 03:02:05,是,用了一段时间来追评确实不错,3,48,,
R202609000296,O202609004100,U10079,P10018,4,绘本内容不错孩子很喜欢,2026-09-12 06:50:17,是,追评：质量比预期好,1,15,感谢您的理解祝您生活愉快,2026-09-12 11:50:17
R202609000297,O202609000623,U10382,P10020,5,价格实惠比实体店便宜很多,2026-09-13 05:56:28,是,追评：质量比预期好,2,21,感谢您的理解祝您生活愉快,2026-09-13 08:56:28
R202609000298,O202609002424,U10359,P10015,1,客服态度恶劣不理人,2026-09-09 12:23:46,否,,1,31,感谢您的理解祝您生活愉快,2026-09-09 14:23:46
R202609000299,O202609003866,U10336,P10005,4,物流超快第二天就到了包装完好,2026-09-08 18:41:17,否,,1,0,非常抱歉给您带来不好的体验我们会改进,2026-09-08 19:41:17
R202609000300,O202609000579,U10052,P10004,4,颜色正没有色差穿着舒服,2026-09-10 04:42:34,否,,3,38,,
R202609000301,O202609007827,U10253,P10003,4,绘本内容不错孩子很喜欢,2026-09-12 10:07:09,否,,0,6,,
R202609000302,O202609003754,U10461,P10014,5,绘本内容不错孩子很喜欢,2026-09-06 23:23:26,否,,2,16,非常抱歉给您带来不好的体验我们会改进,2026-09-07 03:23:26
R202609000303,O202609005596,U10192,P10001,4,客服态度好有问必答点赞,2026-09-06 03:43:41,否,,3,16,,
R202609000304,O202609007684,U10236,P10005,4,保温效果很好外观也漂亮物流很快,2026-09-08 13:14:57,否,,2,42,已收到您的反馈我们会尽快处理,2026-09-08 18:14:57
R202609000305,O202609009034,U10080,P10015,3,质量凑合对得起这个价格,2026-09-05 05:25:22,否,,0,50,感谢您的理解祝您生活愉快,2026-09-05 07:25:22
R202609000306,O202609003794,U10272,P10018,3,质量凑合对得起这个价格,2026-09-09 12:21:45,是,售后处理很快满意,3,0,非常抱歉给您带来不好的体验我们会改进,2026-09-09 14:21:45
R202609000307,O202609006399,U10185,P10017,5,手机性价比超高续航一天没问题推荐购买,2026-09-06 21:25:14,是,追评：质量比预期好,3,33,感谢您的认可欢迎下次光临,2026-09-07 02:25:14
R202609000308,O202609005628,U10491,P10018,5,质量很好做工精细值得购买,2026-09-10 19:38:01,否,,3,42,,
R202609000309,O202609000366,U10480,P10001,3,东西还行就是发货慢了点,2026-09-11 02:23:56,是,用了一段时间来追评确实不错,3,19,感谢您的理解祝您生活愉快,2026-09-11 05:23:56
R202609000310,O202609009704,U10103,P10018,4,物流超快第二天就到了包装完好,2026-09-10 01:47:32,是,售后处理很快满意,2,6,感谢您的认可欢迎下次光临,2026-09-10 05:47:32
R202609000311,O202609003403,U10079,P10002,3,一般般吧没有想象中好,2026-09-10 04:15:53,否,,2,1,感谢您的认可欢迎下次光临,2026-09-10 06:15:53
R202609000312,O202609003360,U10364,P10014,4,保温效果很好外观也漂亮物流很快,2026-09-08 06:22:51,是,追评：发现了一些问题希望改进,1,35,,
R202609000313,O202609006762,U10342,P10009,5,绘本内容不错孩子很喜欢,2026-09-10 01:59:38,否,,2,28,,
R202609000314,O202609000716,U10393,P10013,4,颜色正没有色差穿着舒服,2026-09-12 14:35:14,否,,2,17,感谢您的理解祝您生活愉快,2026-09-12 19:35:14
R202609000315,O202609009089,U10018,P10002,2,用了两天就坏了质量太差,2026-09-11 23:38:02,是,追评：质量比预期好,0,32,感谢您的认可欢迎下次光临,2026-09-12 00:38:02
R202609000316,O202609001246,U10105,P10005,5,颜色正没有色差穿着舒服,2026-09-12 00:15:23,否,,1,34,非常抱歉给您带来不好的体验我们会改进,2026-09-12 03:15:23
R202609000317,O202609001830,U10112,P10008,5,保温效果很好外观也漂亮物流很快,2026-09-08 19:48:21,否,,1,43,,
R202609000318,O202609000989,U10273,P10006,2,用了两天就坏了质量太差,2026-09-09 05:36:29,是,用了一段时间来追评确实不错,1,44,感谢您的理解祝您生活愉快,2026-09-09 09:36:29
R202609000319,O202609002347,U10042,P10008,4,价格实惠比实体店便宜很多,2026-09-14 02:54:05,否,,1,27,感谢您的理解祝您生活愉快,2026-09-14 05:54:05
R202609000320,O202609002748,U10455,P10019,4,绘本内容不错孩子很喜欢,2026-09-08 04:11:57,否,,1,10,感谢您的理解祝您生活愉快,2026-09-08 07:11:57
R202609000321,O202609007413,U10422,P10016,5,质量很好做工精细值得购买,2026-09-05 19:54:06,否,,3,8,感谢您的理解祝您生活愉快,2026-09-05 21:54:06
R202609000322,O202609005573,U10055,P10003,4,绘本内容不错孩子很喜欢,2026-09-11 01:17:05,否,,3,14,,
R202609000323,O202609006659,U10037,P10016,1,用了两天就坏了质量太差,2026-09-10 02:55:27,否,,1,41,,
R202609000324,O202609003942,U10408,P10010,5,物流超快第二天就到了包装完好,2026-09-08 07:07:33,否,,2,17,,
R202609000325,O202609001139,U10095,P10006,5,客服态度好有问必答点赞,2026-09-12 01:38:52,否,,2,20,非常抱歉给您带来不好的体验我们会改进,2026-09-12 03:38:52
R202609000326,O202609009859,U10107,P10020,5,质量很好做工精细值得购买,2026-09-05 10:27:54,是,售后处理很快满意,2,49,感谢您的认可欢迎下次光临,2026-09-05 11:27:54
R202609000327,O202609002229,U10457,P10001,4,客服态度好有问必答点赞,2026-09-11 22:07:57,否,,3,28,,
R202609000328,O202609006234,U10294,P10008,4,保温效果很好外观也漂亮物流很快,2026-09-09 11:32:42,是,用了一段时间来追评确实不错,0,34,,
R202609000329,O202609006388,U10026,P10017,4,绘本内容不错孩子很喜欢,2026-09-11 21:21:03,否,,3,12,感谢您的认可欢迎下次光临,2026-09-12 00:21:03
R202609000330,O202609005499,U10065,P10020,1,用了两天就坏了质量太差,2026-09-14 00:57:50,是,用了一段时间来追评确实不错,0,37,非常抱歉给您带来不好的体验我们会改进,2026-09-14 02:57:50
R202609000331,O202609005414,U10240,P10004,4,颜色正没有色差穿着舒服,2026-09-13 05:07:27,是,追评：发现了一些问题希望改进,2,13,已收到您的反馈我们会尽快处理,2026-09-13 08:07:27
R202609000332,O202609003447,U10241,P10004,4,手机性价比超高续航一天没问题推荐购买,2026-09-05 02:17:34,否,,2,33,已收到您的反馈我们会尽快处理,2026-09-05 05:17:34
R202609000333,O202609005841,U10168,P10005,4,物流超快第二天就到了包装完好,2026-09-07 11:18:31,否,,2,25,非常抱歉给您带来不好的体验我们会改进,2026-09-07 16:18:31
R202609000334,O202609009974,U10262,P10002,3,一般般吧没有想象中好,2026-09-12 16:59:38,否,,0,37,,
R202609000335,O202609001637,U10023,P10004,5,质量很好做工精细值得购买,2026-09-09 19:25:25,否,,2,26,已收到您的反馈我们会尽快处理,2026-09-09 20:25:25
R202609000336,O202609001854,U10193,P10011,5,绘本内容不错孩子很喜欢,2026-09-09 01:05:53,否,,1,13,感谢您的理解祝您生活愉快,2026-09-09 04:05:53
R202609000337,O202609001813,U10040,P10009,5,客服态度好有问必答点赞,2026-09-08 14:16:33,否,,1,1,,
R202609000338,O202609006715,U10447,P10020,3,质量凑合对得起这个价格,2026-09-11 03:38:20,否,,1,19,已收到您的反馈我们会尽快处理,2026-09-11 04:38:20
R202609000339,O202609006330,U10109,P10004,4,价格实惠比实体店便宜很多,2026-09-09 23:51:58,否,,3,39,,
R202609000340,O202609002281,U10082,P10008,5,保温效果很好外观也漂亮物流很快,2026-09-13 09:13:31,否,,2,44,感谢您的理解祝您生活愉快,2026-09-13 14:13:31
R202609000341,O202609009640,U10194,P10003,3,质量凑合对得起这个价格,2026-09-07 04:04:30,否,,0,49,非常抱歉给您带来不好的体验我们会改进,2026-09-07 05:04:30
R202609000342,O202609007146,U10058,P10011,5,客服态度好有问必答点赞,2026-09-09 16:35:38,是,用了一段时间来追评确实不错,1,18,,
R202609000343,O202609000489,U10149,P10020,4,绘本内容不错孩子很喜欢,2026-09-07 17:08:30,否,,0,38,感谢您的理解祝您生活愉快,2026-09-07 19:08:30
R202609000344,O202609003491,U10025,P10009,3,包装有点简陋东西没问题,2026-09-10 05:24:05,否,,2,3,已收到您的反馈我们会尽快处理,2026-09-10 09:24:05
R202609000345,O202609008422,U10495,P10001,2,物流慢得要死等了一周,2026-09-07 17:17:13,是,用了一段时间来追评确实不错,2,35,感谢您的认可欢迎下次光临,2026-09-07 18:17:13
R202609000346,O202609004616,U10205,P10006,5,客服态度好有问必答点赞,2026-09-14 19:51:42,否,,2,36,非常抱歉给您带来不好的体验我们会改进,2026-09-14 22:51:42
R202609000347,O202609001691,U10318,P10019,5,物流超快第二天就到了包装完好,2026-09-05 10:27:06,否,,0,31,,
R202609000348,O202609001633,U10431,P10002,2,收到货发现有瑕疵要求换货,2026-09-09 20:29:58,否,,1,35,,
R202609000349,O202609005052,U10123,P10011,4,颜色正没有色差穿着舒服,2026-09-07 16:01:29,否,,2,34,感谢您的认可欢迎下次光临,2026-09-07 17:01:29
R202609000350,O202609003994,U10426,P10002,3,东西还行就是发货慢了点,2026-09-10 20:32:05,否,,0,48,感谢您的理解祝您生活愉快,2026-09-11 00:32:05
R202609000351,O202609007675,U10229,P10016,3,包装有点简陋东西没问题,2026-09-12 20:11:07,是,追评：质量比预期好,0,26,,
R202609000352,O202609009405,U10157,P10017,5,客服态度好有问必答点赞,2026-09-10 23:13:10,否,,0,20,感谢您的理解祝您生活愉快,2026-09-11 03:13:10
R202609000353,O202609001017,U10434,P10019,3,包装有点简陋东西没问题,2026-09-14 20:33:57,否,,1,10,感谢您的理解祝您生活愉快,2026-09-14 23:33:57
R202609000354,O202609003025,U10448,P10012,5,保温效果很好外观也漂亮物流很快,2026-09-08 05:45:49,否,,0,27,已收到您的反馈我们会尽快处理,2026-09-08 09:45:49
R202609000355,O202609009065,U10175,P10009,4,质量很好做工精细值得购买,2026-09-08 17:38:19,否,,2,42,感谢您的认可欢迎下次光临,2026-09-08 20:38:19
R202609000356,O202609006853,U10294,P10010,4,物流超快第二天就到了包装完好,2026-09-14 23:35:14,否,,1,24,感谢您的认可欢迎下次光临,2026-09-15 01:35:14
R202609000357,O202609005553,U10451,P10005,3,包装有点简陋东西没问题,2026-09-13 06:45:10,否,,0,41,感谢您的理解祝您生活愉快,2026-09-13 11:45:10
R202609000358,O202609009945,U10086,P10013,3,一般般吧没有想象中好,2026-09-06 10:55:40,否,,2,25,,
R202609000359,O202609008711,U10439,P10018,5,颜色正没有色差穿着舒服,2026-09-14 09:26:37,是,售后处理很快满意,2,47,非常抱歉给您带来不好的体验我们会改进,2026-09-14 13:26:37
R202609000360,O202609000896,U10120,P10002,4,绘本内容不错孩子很喜欢,2026-09-09 04:36:03,否,,2,8,感谢您的认可欢迎下次光临,2026-09-09 09:36:03
R202609000361,O202609008195,U10183,P10020,5,保温效果很好外观也漂亮物流很快,2026-09-06 00:39:48,否,,2,1,,
R202609000362,O202609001785,U10111,P10001,5,绘本内容不错孩子很喜欢,2026-09-14 00:03:48,否,,1,9,已收到您的反馈我们会尽快处理,2026-09-14 05:03:48
R202609000363,O202609004980,U10138,P10002,5,客服态度好有问必答点赞,2026-09-12 18:57:16,否,,0,18,,
R202609000364,O202609007177,U10107,P10004,3,一般般吧没有想象中好,2026-09-14 11:31:40,是,用了一段时间来追评确实不错,2,8,,
R202609000365,O202609005457,U10004,P10001,5,颜色正没有色差穿着舒服,2026-09-09 15:43:56,否,,3,13,感谢您的理解祝您生活愉快,2026-09-09 19:43:56
R202609000366,O202609006500,U10125,P10001,5,手机性价比超高续航一天没问题推荐购买,2026-09-05 07:48:32,是,用了一段时间来追评确实不错,3,39,,
R202609000367,O202609002283,U10253,P10001,5,颜色正没有色差穿着舒服,2026-09-12 01:03:30,否,,1,49,,
R202609000368,O202609009291,U10009,P10013,4,价格实惠比实体店便宜很多,2026-09-11 13:06:43,否,,1,11,感谢您的认可欢迎下次光临,2026-09-11 14:06:43
R202609000369,O202609002839,U10301,P10015,3,包装有点简陋东西没问题,2026-09-12 04:58:14,否,,0,43,感谢您的认可欢迎下次光临,2026-09-12 07:58:14
R202609000370,O202609008712,U10062,P10012,5,价格实惠比实体店便宜很多,2026-09-05 12:56:08,否,,1,6,已收到您的反馈我们会尽快处理,2026-09-05 17:56:08
R202609000371,O202609008412,U10449,P10009,2,跟描述完全不符要求退货,2026-09-07 14:11:26,否,,3,4,,
R202609000372,O202609002987,U10232,P10018,4,客服态度好有问必答点赞,2026-09-12 10:44:32,是,用了一段时间来追评确实不错,0,43,感谢您的认可欢迎下次光临,2026-09-12 15:44:32
R202609000373,O202609007084,U10313,P10001,5,手机性价比超高续航一天没问题推荐购买,2026-09-08 10:44:38,否,,1,18,感谢您的认可欢迎下次光临,2026-09-08 13:44:38
R202609000374,O202609002988,U10218,P10009,4,保温效果很好外观也漂亮物流很快,2026-09-07 09:13:06,否,,0,9,非常抱歉给您带来不好的体验我们会改进,2026-09-07 14:13:06
R202609000375,O202609006791,U10346,P10006,5,客服态度好有问必答点赞,2026-09-06 11:04:12,否,,1,11,非常抱歉给您带来不好的体验我们会改进,2026-09-06 13:04:12
R202609000376,O202609002171,U10400,P10002,4,手机性价比超高续航一天没问题推荐购买,2026-09-10 05:37:56,否,,1,44,非常抱歉给您带来不好的体验我们会改进,2026-09-10 06:37:56
R202609000377,O202609005517,U10257,P10004,4,物流超快第二天就到了包装完好,2026-09-09 16:37:25,否,,1,26,非常抱歉给您带来不好的体验我们会改进,2026-09-09 21:37:25
R202609000378,O202609004534,U10432,P10011,3,东西还行就是发货慢了点,2026-09-13 01:08:28,否,,2,33,感谢您的认可欢迎下次光临,2026-09-13 04:08:28
R202609000379,O202609008301,U10029,P10008,4,绘本内容不错孩子很喜欢,2026-09-11 17:50:57,否,,1,31,感谢您的认可欢迎下次光临,2026-09-11 22:50:57
R202609000380,O202609009865,U10341,P10004,3,东西还行就是发货慢了点,2026-09-14 10:04:01,否,,0,10,,
R202609000381,O202609001772,U10097,P10019,3,一般般吧没有想象中好,2026-09-12 23:46:02,否,,3,40,,
R202609000382,O202609003862,U10173,P10007,4,保温效果很好外观也漂亮物流很快,2026-09-07 12:44:53,是,追评：质量比预期好,1,34,非常抱歉给您带来不好的体验我们会改进,2026-09-07 13:44:53
R202609000383,O202609005128,U10455,P10019,4,价格实惠比实体店便宜很多,2026-09-07 15:04:28,否,,1,32,感谢您的理解祝您生活愉快,2026-09-07 20:04:28
R202609000384,O202609004162,U10434,P10008,3,东西还行就是发货慢了点,2026-09-13 16:06:45,否,,0,24,感谢您的认可欢迎下次光临,2026-09-13 20:06:45
R202609000385,O202609008753,U10076,P10009,5,绘本内容不错孩子很喜欢,2026-09-14 01:17:52,否,,2,18,感谢您的认可欢迎下次光临,2026-09-14 06:17:52
R202609000386,O202609004165,U10449,P10014,3,东西还行就是发货慢了点,2026-09-06 15:39:25,是,追评：质量比预期好,1,35,感谢您的认可欢迎下次光临,2026-09-06 16:39:25
R202609000387,O202609005705,U10264,P10009,4,客服态度好有问必答点赞,2026-09-08 07:26:02,是,追评：质量比预期好,3,22,非常抱歉给您带来不好的体验我们会改进,2026-09-08 08:26:02
R202609000388,O202609003388,U10123,P10015,5,价格实惠比实体店便宜很多,2026-09-06 06:10:27,否,,2,13,已收到您的反馈我们会尽快处理,2026-09-06 11:10:27
R202609000389,O202609003693,U10463,P10019,5,颜色正没有色差穿着舒服,2026-09-09 19:08:49,是,追评：质量比预期好,0,6,,
R202609000390,O202609008603,U10412,P10001,4,保温效果很好外观也漂亮物流很快,2026-09-11 17:57:47,是,售后处理很快满意,0,28,已收到您的反馈我们会尽快处理,2026-09-11 21:57:47
R202609000391,O202609002666,U10220,P10014,4,保温效果很好外观也漂亮物流很快,2026-09-14 22:13:02,是,追评：发现了一些问题希望改进,3,27,,
R202609000392,O202609009550,U10145,P10006,5,绘本内容不错孩子很喜欢,2026-09-07 01:57:38,否,,1,4,,
R202609000393,O202609000147,U10138,P10007,3,一般般吧没有想象中好,2026-09-06 05:10:01,否,,3,43,,
R202609000394,O202609007871,U10435,P10017,5,价格实惠比实体店便宜很多,2026-09-09 08:05:11,否,,0,4,感谢您的认可欢迎下次光临,2026-09-09 11:05:11
R202609000395,O202609007065,U10100,P10002,5,手机性价比超高续航一天没问题推荐购买,2026-09-11 14:13:21,否,,2,38,非常抱歉给您带来不好的体验我们会改进,2026-09-11 15:13:21
R202609000396,O202609005935,U10331,P10020,5,手机性价比超高续航一天没问题推荐购买,2026-09-07 05:38:22,是,售后处理很快满意,3,28,感谢您的理解祝您生活愉快,2026-09-07 07:38:22
R202609000397,O202609004725,U10265,P10006,4,客服态度好有问必答点赞,2026-09-14 16:00:01,否,,1,7,感谢您的认可欢迎下次光临,2026-09-14 19:00:01
R202609000398,O202609008857,U10154,P10001,3,包装有点简陋东西没问题,2026-09-10 07:56:32,否,,3,38,感谢您的理解祝您生活愉快,2026-09-10 10:56:32
R202609000399,O202609005608,U10222,P10012,2,收到货发现有瑕疵要求换货,2026-09-09 18:00:25,否,,1,16,感谢您的认可欢迎下次光临,2026-09-09 21:00:25
R202609000400,O202609003314,U10265,P10013,4,质量很好做工精细值得购买,2026-09-07 15:25:50,否,,2,40,非常抱歉给您带来不好的体验我们会改进,2026-09-07 17:25:50
R202609000401,O202609005054,U10239,P10009,4,客服态度好有问必答点赞,2026-09-07 07:12:08,否,,1,21,,
R202609000402,O202609004962,U10049,P10015,5,价格实惠比实体店便宜很多,2026-09-14 12:05:57,否,,0,14,非常抱歉给您带来不好的体验我们会改进,2026-09-14 14:05:57
R202609000403,O202609005790,U10040,P10014,3,质量凑合对得起这个价格,2026-09-14 22:49:11,否,,3,45,感谢您的理解祝您生活愉快,2026-09-15 01:49:11
R202609000404,O202609003543,U10167,P10014,4,价格实惠比实体店便宜很多,2026-09-14 03:19:07,是,售后处理很快满意,0,36,,
R202609000405,O202609000222,U10265,P10005,4,绘本内容不错孩子很喜欢,2026-09-06 00:59:50,否,,2,22,,
R202609000406,O202609001180,U10389,P10006,5,客服态度好有问必答点赞,2026-09-07 02:03:01,否,,1,32,感谢您的认可欢迎下次光临,2026-09-07 06:03:01
R202609000407,O202609002464,U10467,P10020,5,绘本内容不错孩子很喜欢,2026-09-05 06:20:30,否,,2,13,已收到您的反馈我们会尽快处理,2026-09-05 08:20:30
R202609000408,O202609009488,U10087,P10007,5,保温效果很好外观也漂亮物流很快,2026-09-11 16:52:17,否,,0,25,感谢您的理解祝您生活愉快,2026-09-11 18:52:17
R202609000409,O202609000461,U10210,P10011,4,客服态度好有问必答点赞,2026-09-12 09:04:05,否,,0,26,已收到您的反馈我们会尽快处理,2026-09-12 12:04:05
R202609000410,O202609004842,U10253,P10015,4,绘本内容不错孩子很喜欢,2026-09-10 11:23:18,否,,0,46,感谢您的认可欢迎下次光临,2026-09-10 13:23:18
R202609000411,O202609000930,U10019,P10012,5,绘本内容不错孩子很喜欢,2026-09-06 22:33:51,是,追评：质量比预期好,3,34,感谢您的认可欢迎下次光临,2026-09-07 03:33:51
R202609000412,O202609009059,U10227,P10006,3,包装有点简陋东西没问题,2026-09-11 23:03:04,否,,1,47,非常抱歉给您带来不好的体验我们会改进,2026-09-12 00:03:04
R202609000413,O202609002335,U10269,P10005,4,手机性价比超高续航一天没问题推荐购买,2026-09-14 14:06:55,是,售后处理很快满意,2,43,,
R202609000414,O202609009978,U10350,P10014,3,东西还行就是发货慢了点,2026-09-09 21:04:32,否,,1,35,感谢您的认可欢迎下次光临,2026-09-09 22:04:32
R202609000415,O202609009490,U10345,P10019,3,包装有点简陋东西没问题,2026-09-14 09:26:59,否,,3,26,已收到您的反馈我们会尽快处理,2026-09-14 12:26:59
R202609000416,O202609009606,U10270,P10003,4,价格实惠比实体店便宜很多,2026-09-12 00:02:10,否,,0,19,感谢您的理解祝您生活愉快,2026-09-12 03:02:10
R202609000417,O202609007151,U10233,P10013,3,一般般吧没有想象中好,2026-09-08 11:15:37,否,,3,19,感谢您的理解祝您生活愉快,2026-09-08 13:15:37
R202609000418,O202609006851,U10130,P10020,4,颜色正没有色差穿着舒服,2026-09-11 21:26:13,否,,0,4,感谢您的理解祝您生活愉快,2026-09-12 01:26:13
R202609000419,O202609000194,U10129,P10002,5,绘本内容不错孩子很喜欢,2026-09-12 10:24:55,否,,1,49,感谢您的理解祝您生活愉快,2026-09-12 11:24:55
R202609000420,O202609008585,U10325,P10007,2,用了两天就坏了质量太差,2026-09-12 05:22:46,否,,3,4,非常抱歉给您带来不好的体验我们会改进,2026-09-12 08:22:46
R202609000421,O202609009549,U10192,P10011,2,收到货发现有瑕疵要求换货,2026-09-08 05:28:01,否,,0,19,感谢您的理解祝您生活愉快,2026-09-08 07:28:01
R202609000422,O202609008831,U10336,P10012,4,价格实惠比实体店便宜很多,2026-09-12 09:20:56,否,,3,30,,
R202609000423,O202609004122,U10088,P10015,2,客服态度恶劣不理人,2026-09-10 22:03:13,否,,2,26,,
R202609000424,O202609003698,U10109,P10007,4,保温效果很好外观也漂亮物流很快,2026-09-14 06:29:30,否,,3,12,感谢您的认可欢迎下次光临,2026-09-14 11:29:30
R202609000425,O202609006282,U10163,P10004,5,手机性价比超高续航一天没问题推荐购买,2026-09-11 07:06:53,是,追评：发现了一些问题希望改进,3,27,感谢您的认可欢迎下次光临,2026-09-11 09:06:53
R202609000426,O202609008300,U10046,P10014,5,物流超快第二天就到了包装完好,2026-09-08 07:47:06,否,,3,19,,
R202609000427,O202609004944,U10200,P10002,5,手机性价比超高续航一天没问题推荐购买,2026-09-05 21:32:48,否,,0,28,非常抱歉给您带来不好的体验我们会改进,2026-09-05 23:32:48
R202609000428,O202609007367,U10386,P10010,4,保温效果很好外观也漂亮物流很快,2026-09-13 12:32:10,否,,3,7,感谢您的认可欢迎下次光临,2026-09-13 17:32:10
R202609000429,O202609007678,U10428,P10014,5,手机性价比超高续航一天没问题推荐购买,2026-09-14 05:27:33,是,售后处理很快满意,3,7,感谢您的认可欢迎下次光临,2026-09-14 08:27:33
R202609000430,O202609001575,U10435,P10014,4,保温效果很好外观也漂亮物流很快,2026-09-05 05:05:20,否,,0,29,已收到您的反馈我们会尽快处理,2026-09-05 09:05:20
R202609000431,O202609004359,U10074,P10011,5,质量很好做工精细值得购买,2026-09-13 13:48:13,否,,2,45,已收到您的反馈我们会尽快处理,2026-09-13 15:48:13
R202609000432,O202609007722,U10486,P10010,4,绘本内容不错孩子很喜欢,2026-09-13 05:01:59,否,,0,11,感谢您的理解祝您生活愉快,2026-09-13 09:01:59
R202609000433,O202609005704,U10168,P10014,3,质量凑合对得起这个价格,2026-09-10 23:26:22,是,追评：发现了一些问题希望改进,1,45,感谢您的理解祝您生活愉快,2026-09-11 03:26:22
R202609000434,O202609006144,U10085,P10001,5,保温效果很好外观也漂亮物流很快,2026-09-08 05:52:16,否,,3,6,已收到您的反馈我们会尽快处理,2026-09-08 10:52:16
R202609000435,O202609004370,U10114,P10001,4,保温效果很好外观也漂亮物流很快,2026-09-10 06:51:21,否,,3,23,,
R202609000436,O202609006797,U10287,P10007,5,手机性价比超高续航一天没问题推荐购买,2026-09-14 18:44:29,否,,1,48,已收到您的反馈我们会尽快处理,2026-09-14 23:44:29
R202609000437,O202609007750,U10349,P10003,4,手机性价比超高续航一天没问题推荐购买,2026-09-12 15:52:50,否,,1,17,感谢您的认可欢迎下次光临,2026-09-12 19:52:50
R202609000438,O202609001591,U10175,P10014,4,绘本内容不错孩子很喜欢,2026-09-07 12:46:29,否,,3,42,非常抱歉给您带来不好的体验我们会改进,2026-09-07 17:46:29
R202609000439,O202609004319,U10296,P10011,3,包装有点简陋东西没问题,2026-09-14 13:41:11,否,,1,37,感谢您的理解祝您生活愉快,2026-09-14 17:41:11
R202609000440,O202609008133,U10042,P10002,5,手机性价比超高续航一天没问题推荐购买,2026-09-10 02:51:42,否,,0,6,,
R202609000441,O202609009176,U10449,P10011,5,质量很好做工精细值得购买,2026-09-14 03:27:29,是,追评：发现了一些问题希望改进,1,33,感谢您的理解祝您生活愉快,2026-09-14 05:27:29
R202609000442,O202609009949,U10383,P10013,5,保温效果很好外观也漂亮物流很快,2026-09-07 01:06:10,否,,1,50,,
R202609000443,O202609001760,U10139,P10013,4,绘本内容不错孩子很喜欢,2026-09-09 16:44:52,是,售后处理很快满意,3,48,,
R202609000444,O202609002977,U10474,P10015,4,颜色正没有色差穿着舒服,2026-09-11 01:07:50,是,售后处理很快满意,2,10,已收到您的反馈我们会尽快处理,2026-09-11 06:07:50
R202609000445,O202609002431,U10091,P10015,3,质量凑合对得起这个价格,2026-09-12 09:24:16,否,,2,32,感谢您的理解祝您生活愉快,2026-09-12 10:24:16
R202609000446,O202609004351,U10042,P10012,5,物流超快第二天就到了包装完好,2026-09-11 00:58:21,否,,2,25,,
R202609000447,O202609004092,U10163,P10017,3,一般般吧没有想象中好,2026-09-05 02:47:56,是,追评：质量比预期好,3,4,,
R202609000448,O202609007115,U10104,P10016,3,东西还行就是发货慢了点,2026-09-13 15:34:32,是,追评：质量比预期好,0,36,,
R202609000449,O202609009046,U10123,P10009,2,鞋子偏小一码穿了半天脚疼,2026-09-07 04:54:07,是,用了一段时间来追评确实不错,3,50,,
R202609000450,O202609007745,U10099,P10005,1,客服态度恶劣不理人,2026-09-12 04:45:37,否,,2,18,非常抱歉给您带来不好的体验我们会改进,2026-09-12 08:45:37
R202609000451,O202609000565,U10238,P10016,5,价格实惠比实体店便宜很多,2026-09-11 14:29:47,否,,3,41,感谢您的理解祝您生活愉快,2026-09-11 16:29:47
R202609000452,O202609009569,U10016,P10009,5,保温效果很好外观也漂亮物流很快,2026-09-13 04:17:27,否,,2,31,非常抱歉给您带来不好的体验我们会改进,2026-09-13 06:17:27
R202609000453,O202609003713,U10245,P10007,3,包装有点简陋东西没问题,2026-09-07 20:43:18,否,,1,24,,
R202609000454,O202609009479,U10114,P10008,5,客服态度好有问必答点赞,2026-09-14 22:51:54,否,,0,28,感谢您的认可欢迎下次光临,2026-09-15 01:51:54
R202609000455,O202609001251,U10445,P10006,4,绘本内容不错孩子很喜欢,2026-09-07 08:38:47,是,用了一段时间来追评确实不错,0,43,,
R202609000456,O202609002727,U10312,P10015,4,绘本内容不错孩子很喜欢,2026-09-08 14:00:35,否,,1,18,感谢您的认可欢迎下次光临,2026-09-08 16:00:35
R202609000457,O202609009270,U10438,P10001,4,价格实惠比实体店便宜很多,2026-09-09 08:49:07,否,,1,3,已收到您的反馈我们会尽快处理,2026-09-09 11:49:07
R202609000458,O202609002803,U10021,P10018,5,物流超快第二天就到了包装完好,2026-09-07 09:26:53,否,,3,23,已收到您的反馈我们会尽快处理,2026-09-07 11:26:53
R202609000459,O202609005887,U10150,P10020,2,鞋子偏小一码穿了半天脚疼,2026-09-09 14:33:52,否,,1,33,感谢您的理解祝您生活愉快,2026-09-09 19:33:52
R202609000460,O202609009915,U10315,P10005,1,用了两天就坏了质量太差,2026-09-05 13:46:16,是,追评：质量比预期好,2,21,感谢您的认可欢迎下次光临,2026-09-05 17:46:16
R202609000461,O202609001732,U10263,P10008,3,质量凑合对得起这个价格,2026-09-06 16:32:54,否,,1,29,,
R202609000462,O202609002836,U10131,P10015,5,绘本内容不错孩子很喜欢,2026-09-05 13:30:49,否,,1,36,非常抱歉给您带来不好的体验我们会改进,2026-09-05 14:30:49
R202609000463,O202609000880,U10076,P10019,4,保温效果很好外观也漂亮物流很快,2026-09-08 18:48:04,否,,2,6,,
R202609000464,O202609009671,U10177,P10012,2,用了两天就坏了质量太差,2026-09-09 08:22:25,否,,0,21,已收到您的反馈我们会尽快处理,2026-09-09 11:22:25
R202609000465,O202609000011,U10349,P10017,2,鞋子偏小一码穿了半天脚疼,2026-09-08 20:38:06,否,,2,43,感谢您的理解祝您生活愉快,2026-09-09 01:38:06
R202609000466,O202609006250,U10046,P10010,2,收到货发现有瑕疵要求换货,2026-09-10 09:58:09,否,,0,14,已收到您的反馈我们会尽快处理,2026-09-10 13:58:09
R202609000467,O202609004433,U10396,P10014,5,手机性价比超高续航一天没问题推荐购买,2026-09-05 07:26:36,否,,0,34,感谢您的认可欢迎下次光临,2026-09-05 08:26:36
R202609000468,O202609002274,U10072,P10015,4,质量很好做工精细值得购买,2026-09-07 16:21:41,否,,3,29,感谢您的认可欢迎下次光临,2026-09-07 18:21:41
R202609000469,O202609004538,U10468,P10015,3,质量凑合对得起这个价格,2026-09-08 00:07:00,否,,3,2,感谢您的认可欢迎下次光临,2026-09-08 04:07:00
R202609000470,O202609007673,U10053,P10016,5,物流超快第二天就到了包装完好,2026-09-08 16:16:31,是,用了一段时间来追评确实不错,3,32,非常抱歉给您带来不好的体验我们会改进,2026-09-08 20:16:31
R202609000471,O202609006957,U10156,P10010,3,包装有点简陋东西没问题,2026-09-07 04:26:02,否,,3,50,已收到您的反馈我们会尽快处理,2026-09-07 09:26:02
R202609000472,O202609005544,U10185,P10015,4,物流超快第二天就到了包装完好,2026-09-10 10:50:20,否,,1,18,非常抱歉给您带来不好的体验我们会改进,2026-09-10 11:50:20
R202609000473,O202609009900,U10155,P10010,4,手机性价比超高续航一天没问题推荐购买,2026-09-14 17:29:23,否,,0,12,已收到您的反馈我们会尽快处理,2026-09-14 18:29:23
R202609000474,O202609001464,U10359,P10020,3,包装有点简陋东西没问题,2026-09-07 09:33:50,否,,2,9,,
R202609000475,O202609005240,U10025,P10005,4,手机性价比超高续航一天没问题推荐购买,2026-09-07 19:43:53,否,,0,17,非常抱歉给您带来不好的体验我们会改进,2026-09-07 23:43:53
R202609000476,O202609008701,U10144,P10019,4,物流超快第二天就到了包装完好,2026-09-14 18:22:28,否,,0,41,感谢您的理解祝您生活愉快,2026-09-14 20:22:28
R202609000477,O202609008844,U10464,P10018,5,保温效果很好外观也漂亮物流很快,2026-09-13 16:17:56,否,,3,30,已收到您的反馈我们会尽快处理,2026-09-13 18:17:56
R202609000478,O202609000422,U10097,P10001,5,客服态度好有问必答点赞,2026-09-09 11:04:09,否,,2,44,感谢您的认可欢迎下次光临,2026-09-09 15:04:09
R202609000479,O202609004058,U10454,P10002,5,保温效果很好外观也漂亮物流很快,2026-09-05 17:06:03,否,,0,41,,
R202609000480,O202609007625,U10127,P10007,3,包装有点简陋东西没问题,2026-09-08 13:55:27,否,,3,31,已收到您的反馈我们会尽快处理,2026-09-08 18:55:27
R202609000481,O202609008135,U10089,P10011,5,手机性价比超高续航一天没问题推荐购买,2026-09-08 01:19:03,否,,1,25,,
R202609000482,O202609005996,U10211,P10012,3,东西还行就是发货慢了点,2026-09-09 02:59:06,否,,2,39,非常抱歉给您带来不好的体验我们会改进,2026-09-09 06:59:06
R202609000483,O202609007090,U10376,P10003,1,跟描述完全不符要求退货,2026-09-12 07:52:10,否,,0,29,,
R202609000484,O202609001797,U10118,P10001,3,一般般吧没有想象中好,2026-09-10 17:39:54,否,,1,14,已收到您的反馈我们会尽快处理,2026-09-10 19:39:54
R202609000485,O202609008383,U10247,P10014,3,质量凑合对得起这个价格,2026-09-07 01:08:55,是,售后处理很快满意,3,29,,
R202609000486,O202609001221,U10357,P10011,4,物流超快第二天就到了包装完好,2026-09-07 14:28:21,否,,1,15,感谢您的理解祝您生活愉快,2026-09-07 18:28:21
R202609000487,O202609009581,U10161,P10002,4,客服态度好有问必答点赞,2026-09-08 04:58:17,否,,2,7,已收到您的反馈我们会尽快处理,2026-09-08 05:58:17
R202609000488,O202609003148,U10157,P10003,5,客服态度好有问必答点赞,2026-09-14 08:23:18,否,,3,7,感谢您的认可欢迎下次光临,2026-09-14 10:23:18
R202609000489,O202609006851,U10473,P10006,3,一般般吧没有想象中好,2026-09-08 15:39:54,否,,3,47,感谢您的理解祝您生活愉快,2026-09-08 16:39:54
R202609000490,O202609007505,U10401,P10007,4,保温效果很好外观也漂亮物流很快,2026-09-10 07:23:10,是,用了一段时间来追评确实不错,1,37,感谢您的认可欢迎下次光临,2026-09-10 11:23:10
R202609000491,O202609008328,U10221,P10012,3,东西还行就是发货慢了点,2026-09-09 11:07:27,否,,3,28,感谢您的认可欢迎下次光临,2026-09-09 12:07:27
R202609000492,O202609000991,U10416,P10020,5,绘本内容不错孩子很喜欢,2026-09-13 00:27:27,是,用了一段时间来追评确实不错,1,5,已收到您的反馈我们会尽快处理,2026-09-13 05:27:27
R202609000493,O202609004912,U10010,P10019,5,质量很好做工精细值得购买,2026-09-07 15:39:21,否,,1,50,感谢您的认可欢迎下次光临,2026-09-07 19:39:21
R202609000494,O202609003221,U10455,P10006,5,质量很好做工精细值得购买,2026-09-09 05:39:47,否,,0,41,感谢您的理解祝您生活愉快,2026-09-09 10:39:47
R202609000495,O202609002731,U10202,P10008,4,物流超快第二天就到了包装完好,2026-09-11 02:50:53,否,,3,15,非常抱歉给您带来不好的体验我们会改进,2026-09-11 06:50:53
R202609000496,O202609007867,U10480,P10009,3,包装有点简陋东西没问题,2026-09-09 11:33:47,否,,3,15,非常抱歉给您带来不好的体验我们会改进,2026-09-09 15:33:47
R202609000497,O202609003597,U10123,P10004,3,一般般吧没有想象中好,2026-09-13 06:40:13,否,,0,15,已收到您的反馈我们会尽快处理,2026-09-13 11:40:13
R202609000498,O202609002125,U10274,P10020,4,质量很好做工精细值得购买,2026-09-06 07:43:27,否,,0,47,非常抱歉给您带来不好的体验我们会改进,2026-09-06 10:43:27
R202609000499,O202609009085,U10396,P10012,4,客服态度好有问必答点赞,2026-09-05 05:28:35,否,,3,25,,
R202609000500,O202609003987,U10012,P10006,4,手机性价比超高续航一天没问题推荐购买,2026-09-12 23:40:59,否,,2,11,感谢您的理解祝您生活愉快,2026-09-13 04:40:59
R202609000501,O202609002896,U10121,P10016,5,价格实惠比实体店便宜很多,2026-09-12 16:57:26,否,,2,18,非常抱歉给您带来不好的体验我们会改进,2026-09-12 21:57:26
R202609000502,O202609004242,U10087,P10011,3,包装有点简陋东西没问题,2026-09-08 10:02:24,否,,1,31,感谢您的理解祝您生活愉快,2026-09-08 15:02:24
R202609000503,O202609004678,U10120,P10020,4,保温效果很好外观也漂亮物流很快,2026-09-12 12:06:04,否,,1,5,非常抱歉给您带来不好的体验我们会改进,2026-09-12 15:06:04
R202609000504,O202609007830,U10351,P10014,3,一般般吧没有想象中好,2026-09-08 13:12:48,否,,3,32,非常抱歉给您带来不好的体验我们会改进,2026-09-08 15:12:48
R202609000505,O202609007795,U10085,P10003,5,价格实惠比实体店便宜很多,2026-09-08 11:57:38,否,,0,48,,
R202609000506,O202609002315,U10450,P10017,5,颜色正没有色差穿着舒服,2026-09-12 03:18:42,否,,3,36,已收到您的反馈我们会尽快处理,2026-09-12 04:18:42
R202609000507,O202609003141,U10462,P10003,3,质量凑合对得起这个价格,2026-09-08 06:52:08,是,用了一段时间来追评确实不错,2,14,感谢您的理解祝您生活愉快,2026-09-08 11:52:08
R202609000508,O202609005407,U10342,P10009,4,价格实惠比实体店便宜很多,2026-09-05 07:28:31,否,,0,1,感谢您的认可欢迎下次光临,2026-09-05 11:28:31
R202609000509,O202609003165,U10372,P10006,5,手机性价比超高续航一天没问题推荐购买,2026-09-12 16:34:22,否,,1,27,,
R202609000510,O202609003751,U10309,P10006,5,颜色正没有色差穿着舒服,2026-09-12 20:17:09,否,,0,25,感谢您的认可欢迎下次光临,2026-09-12 21:17:09
R202609000511,O202609000607,U10267,P10018,4,颜色正没有色差穿着舒服,2026-09-10 07:17:54,否,,2,13,,
R202609000512,O202609001082,U10121,P10008,2,用了两天就坏了质量太差,2026-09-08 18:22:02,否,,1,2,已收到您的反馈我们会尽快处理,2026-09-08 21:22:02
R202609000513,O202609002423,U10313,P10015,5,手机性价比超高续航一天没问题推荐购买,2026-09-10 05:33:02,否,,0,17,,
R202609000514,O202609005165,U10018,P10020,4,价格实惠比实体店便宜很多,2026-09-09 19:58:40,否,,3,10,非常抱歉给您带来不好的体验我们会改进,2026-09-09 20:58:40
R202609000515,O202609007801,U10211,P10020,5,质量很好做工精细值得购买,2026-09-14 15:32:39,否,,2,3,已收到您的反馈我们会尽快处理,2026-09-14 17:32:39
R202609000516,O202609008748,U10134,P10020,5,价格实惠比实体店便宜很多,2026-09-13 13:37:24,否,,0,26,感谢您的认可欢迎下次光临,2026-09-13 17:37:24
R202609000517,O202609007388,U10199,P10002,5,物流超快第二天就到了包装完好,2026-09-05 21:45:02,否,,1,29,感谢您的认可欢迎下次光临,2026-09-05 22:45:02
R202609000518,O202609004445,U10453,P10012,3,包装有点简陋东西没问题,2026-09-06 21:29:36,否,,0,11,,
R202609000519,O202609006603,U10445,P10018,4,价格实惠比实体店便宜很多,2026-09-05 23:49:43,否,,2,11,已收到您的反馈我们会尽快处理,2026-09-06 01:49:43
R202609000520,O202609003712,U10167,P10003,4,质量很好做工精细值得购买,2026-09-07 21:57:06,否,,3,41,非常抱歉给您带来不好的体验我们会改进,2026-09-07 22:57:06
R202609000521,O202609007653,U10271,P10010,1,客服态度恶劣不理人,2026-09-11 21:00:20,否,,3,6,,
R202609000522,O202609002670,U10211,P10010,1,物流慢得要死等了一周,2026-09-05 07:15:27,否,,2,14,非常抱歉给您带来不好的体验我们会改进,2026-09-05 08:15:27
R202609000523,O202609004551,U10274,P10009,5,手机性价比超高续航一天没问题推荐购买,2026-09-13 08:58:21,否,,2,45,,
R202609000524,O202609007547,U10299,P10014,5,质量很好做工精细值得购买,2026-09-08 08:11:22,是,追评：发现了一些问题希望改进,2,11,,
R202609000525,O202609003487,U10204,P10004,5,绘本内容不错孩子很喜欢,2026-09-09 17:39:28,否,,3,8,非常抱歉给您带来不好的体验我们会改进,2026-09-09 20:39:28
R202609000526,O202609000566,U10211,P10003,5,价格实惠比实体店便宜很多,2026-09-14 02:59:07,否,,3,23,,
R202609000527,O202609002572,U10308,P10009,3,质量凑合对得起这个价格,2026-09-07 15:44:51,否,,1,21,,
R202609000528,O202609005422,U10220,P10013,4,质量很好做工精细值得购买,2026-09-12 22:12:56,否,,2,14,感谢您的理解祝您生活愉快,2026-09-13 02:12:56
R202609000529,O202609004705,U10493,P10008,4,绘本内容不错孩子很喜欢,2026-09-13 12:17:27,否,,2,45,感谢您的认可欢迎下次光临,2026-09-13 14:17:27
R202609000530,O202609003916,U10139,P10010,2,物流慢得要死等了一周,2026-09-06 15:23:37,是,售后处理很快满意,3,3,感谢您的认可欢迎下次光临,2026-09-06 20:23:37
R202609000531,O202609002366,U10062,P10007,3,一般般吧没有想象中好,2026-09-13 15:27:19,否,,0,44,已收到您的反馈我们会尽快处理,2026-09-13 20:27:19
R202609000532,O202609003487,U10278,P10003,5,客服态度好有问必答点赞,2026-09-12 09:02:07,否,,0,9,感谢您的理解祝您生活愉快,2026-09-12 10:02:07
R202609000533,O202609000213,U10155,P10008,4,物流超快第二天就到了包装完好,2026-09-07 09:54:25,否,,3,1,,
R202609000534,O202609007282,U10027,P10009,5,颜色正没有色差穿着舒服,2026-09-10 08:30:27,否,,1,5,非常抱歉给您带来不好的体验我们会改进,2026-09-10 12:30:27
R202609000535,O202609005446,U10407,P10010,5,质量很好做工精细值得购买,2026-09-13 03:05:36,否,,2,43,感谢您的理解祝您生活愉快,2026-09-13 08:05:36
R202609000536,O202609002545,U10217,P10005,4,客服态度好有问必答点赞,2026-09-07 10:01:22,否,,1,25,感谢您的认可欢迎下次光临,2026-09-07 13:01:22
R202609000537,O202609008505,U10352,P10008,1,客服态度恶劣不理人,2026-09-09 09:17:13,否,,0,44,非常抱歉给您带来不好的体验我们会改进,2026-09-09 12:17:13
R202609000538,O202609007018,U10151,P10008,3,东西还行就是发货慢了点,2026-09-13 13:14:49,否,,0,20,非常抱歉给您带来不好的体验我们会改进,2026-09-13 16:14:49
R202609000539,O202609009888,U10249,P10012,3,一般般吧没有想象中好,2026-09-08 17:32:31,否,,3,33,,
R202609000540,O202609009653,U10273,P10001,2,客服态度恶劣不理人,2026-09-13 08:10:53,否,,3,13,感谢您的认可欢迎下次光临,2026-09-13 12:10:53
R202609000541,O202609003070,U10299,P10015,4,手机性价比超高续航一天没问题推荐购买,2026-09-09 16:28:07,是,追评：质量比预期好,1,13,,
R202609000542,O202609007524,U10006,P10003,4,手机性价比超高续航一天没问题推荐购买,2026-09-10 08:19:21,否,,3,31,已收到您的反馈我们会尽快处理,2026-09-10 10:19:21
R202609000543,O202609006930,U10096,P10010,2,鞋子偏小一码穿了半天脚疼,2026-09-11 20:28:00,是,用了一段时间来追评确实不错,3,38,感谢您的认可欢迎下次光临,2026-09-11 22:28:00
R202609000544,O202609006450,U10265,P10011,5,物流超快第二天就到了包装完好,2026-09-05 08:54:22,是,售后处理很快满意,3,14,感谢您的理解祝您生活愉快,2026-09-05 09:54:22
R202609000545,O202609008150,U10332,P10001,3,包装有点简陋东西没问题,2026-09-11 22:31:14,否,,3,49,非常抱歉给您带来不好的体验我们会改进,2026-09-12 03:31:14
R202609000546,O202609009004,U10359,P10002,4,手机性价比超高续航一天没问题推荐购买,2026-09-06 21:58:36,否,,2,8,感谢您的理解祝您生活愉快,2026-09-07 01:58:36
R202609000547,O202609008689,U10190,P10007,4,客服态度好有问必答点赞,2026-09-12 01:07:42,是,售后处理很快满意,2,1,感谢您的认可欢迎下次光临,2026-09-12 02:07:42
R202609000548,O202609002732,U10090,P10006,3,包装有点简陋东西没问题,2026-09-11 20:41:17,否,,2,21,已收到您的反馈我们会尽快处理,2026-09-11 22:41:17
R202609000549,O202609004585,U10124,P10018,4,保温效果很好外观也漂亮物流很快,2026-09-07 01:05:35,否,,0,14,已收到您的反馈我们会尽快处理,2026-09-07 02:05:35
R202609000550,O202609001951,U10220,P10016,4,手机性价比超高续航一天没问题推荐购买,2026-09-05 11:23:22,否,,1,36,非常抱歉给您带来不好的体验我们会改进,2026-09-05 15:23:22
R202609000551,O202609009299,U10284,P10013,5,绘本内容不错孩子很喜欢,2026-09-09 03:26:19,否,,0,0,,
R202609000552,O202609007478,U10157,P10006,4,保温效果很好外观也漂亮物流很快,2026-09-14 05:45:35,否,,1,47,非常抱歉给您带来不好的体验我们会改进,2026-09-14 10:45:35
R202609000553,O202609007622,U10086,P10019,4,价格实惠比实体店便宜很多,2026-09-08 05:45:11,是,售后处理很快满意,1,45,感谢您的理解祝您生活愉快,2026-09-08 06:45:11
R202609000554,O202609009042,U10376,P10016,3,东西还行就是发货慢了点,2026-09-09 01:20:52,否,,3,48,感谢您的理解祝您生活愉快,2026-09-09 06:20:52
R202609000555,O202609006207,U10199,P10012,1,用了两天就坏了质量太差,2026-09-10 10:38:31,是,用了一段时间来追评确实不错,1,47,已收到您的反馈我们会尽快处理,2026-09-10 15:38:31
R202609000556,O202609000231,U10119,P10009,5,保温效果很好外观也漂亮物流很快,2026-09-10 04:18:59,否,,3,37,已收到您的反馈我们会尽快处理,2026-09-10 09:18:59
R202609000557,O202609001791,U10247,P10011,5,质量很好做工精细值得购买,2026-09-13 22:15:53,否,,2,43,感谢您的理解祝您生活愉快,2026-09-14 01:15:53
R202609000558,O202609002213,U10118,P10006,4,颜色正没有色差穿着舒服,2026-09-13 00:45:31,否,,3,3,,
R202609000559,O202609009026,U10134,P10016,2,跟描述完全不符要求退货,2026-09-06 16:29:03,否,,1,6,已收到您的反馈我们会尽快处理,2026-09-06 20:29:03
R202609000560,O202609008999,U10171,P10017,4,保温效果很好外观也漂亮物流很快,2026-09-07 08:05:22,是,追评：质量比预期好,0,2,,
R202609000561,O202609006441,U10202,P10007,5,质量很好做工精细值得购买,2026-09-11 20:09:43,是,售后处理很快满意,3,39,已收到您的反馈我们会尽快处理,2026-09-12 01:09:43
R202609000562,O202609006764,U10140,P10014,5,物流超快第二天就到了包装完好,2026-09-11 10:26:58,是,用了一段时间来追评确实不错,0,5,,
R202609000563,O202609006739,U10294,P10011,5,绘本内容不错孩子很喜欢,2026-09-06 19:21:30,是,追评：质量比预期好,0,12,,
R202609000564,O202609001847,U10179,P10009,4,颜色正没有色差穿着舒服,2026-09-06 08:21:08,否,,2,22,感谢您的理解祝您生活愉快,2026-09-06 11:21:08
R202609000565,O202609002987,U10186,P10003,2,客服态度恶劣不理人,2026-09-07 10:51:33,否,,1,21,,
R202609000566,O202609005615,U10343,P10009,5,保温效果很好外观也漂亮物流很快,2026-09-05 14:33:36,否,,3,20,,
R202609000567,O202609000928,U10435,P10019,4,颜色正没有色差穿着舒服,2026-09-09 22:41:39,否,,1,20,感谢您的认可欢迎下次光临,2026-09-09 23:41:39
R202609000568,O202609007750,U10156,P10013,4,颜色正没有色差穿着舒服,2026-09-11 10:36:17,否,,1,26,非常抱歉给您带来不好的体验我们会改进,2026-09-11 15:36:17
R202609000569,O202609001710,U10283,P10004,3,包装有点简陋东西没问题,2026-09-10 11:09:46,否,,0,48,非常抱歉给您带来不好的体验我们会改进,2026-09-10 12:09:46
R202609000570,O202609009198,U10021,P10018,3,东西还行就是发货慢了点,2026-09-06 15:21:08,是,售后处理很快满意,1,26,感谢您的理解祝您生活愉快,2026-09-06 20:21:08
R202609000571,O202609000409,U10098,P10011,4,价格实惠比实体店便宜很多,2026-09-07 05:42:24,否,,2,16,已收到您的反馈我们会尽快处理,2026-09-07 07:42:24
R202609000572,O202609001239,U10075,P10003,4,保温效果很好外观也漂亮物流很快,2026-09-13 17:33:26,否,,1,42,,
R202609000573,O202609001250,U10254,P10016,5,客服态度好有问必答点赞,2026-09-05 20:03:26,否,,0,23,,
R202609000574,O202609006962,U10160,P10004,5,价格实惠比实体店便宜很多,2026-09-11 06:54:03,否,,3,34,已收到您的反馈我们会尽快处理,2026-09-11 09:54:03
R202609000575,O202609003761,U10392,P10006,2,用了两天就坏了质量太差,2026-09-13 21:06:46,否,,2,40,已收到您的反馈我们会尽快处理,2026-09-14 01:06:46
R202609000576,O202609002613,U10323,P10004,4,客服态度好有问必答点赞,2026-09-11 02:45:50,否,,0,11,,
R202609000577,O202609006171,U10145,P10012,3,一般般吧没有想象中好,2026-09-09 23:59:13,否,,0,19,已收到您的反馈我们会尽快处理,2026-09-10 01:59:13
R202609000578,O202609006139,U10318,P10003,4,保温效果很好外观也漂亮物流很快,2026-09-11 21:26:07,否,,2,32,感谢您的理解祝您生活愉快,2026-09-11 22:26:07
R202609000579,O202609008468,U10107,P10006,5,质量很好做工精细值得购买,2026-09-06 23:59:44,否,,3,11,非常抱歉给您带来不好的体验我们会改进,2026-09-07 02:59:44
R202609000580,O202609008390,U10387,P10012,5,物流超快第二天就到了包装完好,2026-09-13 20:37:14,否,,2,32,已收到您的反馈我们会尽快处理,2026-09-13 23:37:14
R202609000581,O202609009686,U10064,P10018,5,保温效果很好外观也漂亮物流很快,2026-09-11 05:38:04,否,,0,11,,
R202609000582,O202609009455,U10467,P10016,5,绘本内容不错孩子很喜欢,2026-09-09 14:30:04,是,追评：质量比预期好,0,11,,
R202609000583,O202609001306,U10043,P10009,5,客服态度好有问必答点赞,2026-09-13 14:43:19,是,售后处理很快满意,3,43,,
R202609000584,O202609008611,U10485,P10011,1,鞋子偏小一码穿了半天脚疼,2026-09-05 14:25:58,否,,0,25,,
R202609000585,O202609006359,U10255,P10018,4,价格实惠比实体店便宜很多,2026-09-11 14:38:21,否,,2,17,已收到您的反馈我们会尽快处理,2026-09-11 15:38:21
R202609000586,O202609009462,U10376,P10009,5,绘本内容不错孩子很喜欢,2026-09-11 11:31:07,否,,0,14,感谢您的理解祝您生活愉快,2026-09-11 13:31:07
R202609000587,O202609007002,U10117,P10007,4,物流超快第二天就到了包装完好,2026-09-05 16:47:06,否,,3,49,非常抱歉给您带来不好的体验我们会改进,2026-09-05 17:47:06
R202609000588,O202609008470,U10342,P10012,2,用了两天就坏了质量太差,2026-09-12 17:46:59,否,,2,47,,
R202609000589,O202609005836,U10217,P10003,1,收到货发现有瑕疵要求换货,2026-09-08 15:46:16,否,,2,48,,
R202609000590,O202609003415,U10250,P10005,5,绘本内容不错孩子很喜欢,2026-09-05 23:11:38,是,用了一段时间来追评确实不错,3,44,非常抱歉给您带来不好的体验我们会改进,2026-09-06 00:11:38
R202609000591,O202609001345,U10262,P10012,4,手机性价比超高续航一天没问题推荐购买,2026-09-14 07:41:00,否,,3,20,已收到您的反馈我们会尽快处理,2026-09-14 12:41:00
R202609000592,O202609009426,U10082,P10016,3,东西还行就是发货慢了点,2026-09-14 00:22:43,否,,0,20,感谢您的理解祝您生活愉快,2026-09-14 03:22:43
R202609000593,O202609002864,U10260,P10006,4,保温效果很好外观也漂亮物流很快,2026-09-11 23:50:15,否,,3,22,,
R202609000594,O202609000253,U10407,P10005,3,一般般吧没有想象中好,2026-09-07 13:21:35,否,,2,39,感谢您的理解祝您生活愉快,2026-09-07 15:21:35
R202609000595,O202609004217,U10045,P10015,5,价格实惠比实体店便宜很多,2026-09-08 15:08:43,否,,2,6,,
R202609000596,O202609003226,U10029,P10020,4,质量很好做工精细值得购买,2026-09-12 11:18:54,是,追评：发现了一些问题希望改进,3,11,,
R202609000597,O202609004283,U10400,P10009,3,包装有点简陋东西没问题,2026-09-08 01:46:21,否,,2,41,非常抱歉给您带来不好的体验我们会改进,2026-09-08 02:46:21
R202609000598,O202609007890,U10144,P10007,4,保温效果很好外观也漂亮物流很快,2026-09-07 17:47:02,否,,3,11,非常抱歉给您带来不好的体验我们会改进,2026-09-07 19:47:02
R202609000599,O202609004180,U10235,P10010,5,手机性价比超高续航一天没问题推荐购买,2026-09-08 14:54:07,否,,3,9,已收到您的反馈我们会尽快处理,2026-09-08 18:54:07
R202609000600,O202609009290,U10432,P10018,3,质量凑合对得起这个价格,2026-09-07 04:52:33,否,,3,31,非常抱歉给您带来不好的体验我们会改进,2026-09-07 08:52:33
R202609000601,O202609004580,U10458,P10010,5,价格实惠比实体店便宜很多,2026-09-09 10:02:48,否,,1,34,非常抱歉给您带来不好的体验我们会改进,2026-09-09 13:02:48
R202609000602,O202609007291,U10015,P10012,5,手机性价比超高续航一天没问题推荐购买,2026-09-13 05:42:07,是,售后处理很快满意,3,43,感谢您的认可欢迎下次光临,2026-09-13 09:42:07
R202609000603,O202609006485,U10174,P10014,5,价格实惠比实体店便宜很多,2026-09-11 23:44:04,是,追评：质量比预期好,1,8,感谢您的理解祝您生活愉快,2026-09-12 02:44:04
R202609000604,O202609002196,U10229,P10018,4,物流超快第二天就到了包装完好,2026-09-05 14:09:57,否,,3,27,非常抱歉给您带来不好的体验我们会改进,2026-09-05 18:09:57
R202609000605,O202609006630,U10275,P10019,5,绘本内容不错孩子很喜欢,2026-09-08 10:57:40,否,,1,38,,
R202609000606,O202609001689,U10264,P10003,5,客服态度好有问必答点赞,2026-09-06 14:36:17,否,,1,20,已收到您的反馈我们会尽快处理,2026-09-06 19:36:17
R202609000607,O202609001946,U10307,P10019,2,收到货发现有瑕疵要求换货,2026-09-08 01:31:10,否,,3,28,非常抱歉给您带来不好的体验我们会改进,2026-09-08 06:31:10
R202609000608,O202609009824,U10399,P10006,5,价格实惠比实体店便宜很多,2026-09-10 01:04:26,是,追评：发现了一些问题希望改进,0,31,已收到您的反馈我们会尽快处理,2026-09-10 06:04:26
R202609000609,O202609007989,U10438,P10001,4,保温效果很好外观也漂亮物流很快,2026-09-11 11:04:34,否,,2,25,,
R202609000610,O202609009882,U10178,P10008,2,物流慢得要死等了一周,2026-09-14 11:06:56,是,售后处理很快满意,2,1,,
R202609000611,O202609001002,U10220,P10009,5,客服态度好有问必答点赞,2026-09-14 05:12:00,否,,1,5,感谢您的认可欢迎下次光临,2026-09-14 08:12:00
R202609000612,O202609005785,U10354,P10012,5,客服态度好有问必答点赞,2026-09-08 21:58:22,是,追评：发现了一些问题希望改进,3,29,,
R202609000613,O202609002015,U10294,P10011,5,物流超快第二天就到了包装完好,2026-09-08 23:50:16,否,,1,10,感谢您的理解祝您生活愉快,2026-09-09 01:50:16
R202609000614,O202609009907,U10435,P10020,5,客服态度好有问必答点赞,2026-09-10 20:40:00,否,,0,33,非常抱歉给您带来不好的体验我们会改进,2026-09-11 00:40:00
R202609000615,O202609004157,U10489,P10004,4,客服态度好有问必答点赞,2026-09-10 07:10:12,否,,1,18,,
R202609000616,O202609002615,U10105,P10006,4,价格实惠比实体店便宜很多,2026-09-12 14:09:52,否,,3,2,已收到您的反馈我们会尽快处理,2026-09-12 17:09:52
R202609000617,O202609003236,U10256,P10017,4,保温效果很好外观也漂亮物流很快,2026-09-09 20:23:43,否,,1,13,非常抱歉给您带来不好的体验我们会改进,2026-09-09 21:23:43
R202609000618,O202609005359,U10473,P10007,3,一般般吧没有想象中好,2026-09-11 18:00:29,否,,1,41,感谢您的理解祝您生活愉快,2026-09-11 23:00:29
R202609000619,O202609005287,U10249,P10018,3,东西还行就是发货慢了点,2026-09-06 22:02:06,否,,2,21,,
R202609000620,O202609003031,U10139,P10014,2,物流慢得要死等了一周,2026-09-07 23:38:15,是,追评：发现了一些问题希望改进,2,16,感谢您的理解祝您生活愉快,2026-09-08 04:38:15
R202609000621,O202609006383,U10223,P10001,4,手机性价比超高续航一天没问题推荐购买,2026-09-12 18:12:41,否,,2,43,,
R202609000622,O202609009948,U10203,P10015,5,保温效果很好外观也漂亮物流很快,2026-09-09 14:21:19,否,,0,9,已收到您的反馈我们会尽快处理,2026-09-09 16:21:19
R202609000623,O202609000146,U10320,P10005,4,质量很好做工精细值得购买,2026-09-08 12:34:31,否,,1,41,已收到您的反馈我们会尽快处理,2026-09-08 13:34:31
R202609000624,O202609008697,U10068,P10008,4,客服态度好有问必答点赞,2026-09-05 04:46:45,是,追评：质量比预期好,2,6,非常抱歉给您带来不好的体验我们会改进,2026-09-05 09:46:45
R202609000625,O202609003534,U10499,P10010,5,手机性价比超高续航一天没问题推荐购买,2026-09-06 03:17:42,否,,3,42,,
R202609000626,O202609000714,U10305,P10004,1,用了两天就坏了质量太差,2026-09-12 16:48:12,否,,3,5,非常抱歉给您带来不好的体验我们会改进,2026-09-12 17:48:12
R202609000627,O202609002252,U10390,P10020,4,手机性价比超高续航一天没问题推荐购买,2026-09-07 03:48:26,否,,1,6,非常抱歉给您带来不好的体验我们会改进,2026-09-07 06:48:26
R202609000628,O202609002440,U10310,P10002,5,绘本内容不错孩子很喜欢,2026-09-10 05:25:09,否,,0,5,非常抱歉给您带来不好的体验我们会改进,2026-09-10 09:25:09
R202609000629,O202609007612,U10190,P10009,5,颜色正没有色差穿着舒服,2026-09-12 08:26:34,否,,3,43,,
R202609000630,O202609003327,U10117,P10008,5,绘本内容不错孩子很喜欢,2026-09-12 07:02:15,否,,3,45,,
R202609000631,O202609007327,U10164,P10009,5,手机性价比超高续航一天没问题推荐购买,2026-09-08 22:27:52,否,,1,26,感谢您的认可欢迎下次光临,2026-09-09 02:27:52
R202609000632,O202609007633,U10276,P10003,4,价格实惠比实体店便宜很多,2026-09-09 12:30:50,是,用了一段时间来追评确实不错,1,5,,
R202609000633,O202609002329,U10259,P10008,4,保温效果很好外观也漂亮物流很快,2026-09-07 00:27:29,否,,3,12,感谢您的认可欢迎下次光临,2026-09-07 03:27:29
R202609000634,O202609001750,U10397,P10019,5,绘本内容不错孩子很喜欢,2026-09-10 03:42:41,是,追评：发现了一些问题希望改进,2,24,非常抱歉给您带来不好的体验我们会改进,2026-09-10 08:42:41
R202609000635,O202609002993,U10169,P10011,4,手机性价比超高续航一天没问题推荐购买,2026-09-14 12:18:26,否,,2,6,感谢您的理解祝您生活愉快,2026-09-14 13:18:26
R202609000636,O202609001891,U10199,P10012,5,客服态度好有问必答点赞,2026-09-08 04:26:12,是,追评：质量比预期好,0,23,非常抱歉给您带来不好的体验我们会改进,2026-09-08 09:26:12
R202609000637,O202609004822,U10300,P10019,5,客服态度好有问必答点赞,2026-09-13 02:04:57,否,,1,6,已收到您的反馈我们会尽快处理,2026-09-13 04:04:57
R202609000638,O202609007072,U10038,P10014,3,一般般吧没有想象中好,2026-09-08 08:53:42,是,追评：质量比预期好,0,6,感谢您的认可欢迎下次光临,2026-09-08 11:53:42
R202609000639,O202609003288,U10351,P10009,3,一般般吧没有想象中好,2026-09-12 07:02:54,否,,2,38,,
R202609000640,O202609009958,U10093,P10018,4,客服态度好有问必答点赞,2026-09-06 06:40:42,是,追评：质量比预期好,3,11,感谢您的认可欢迎下次光临,2026-09-06 09:40:42
R202609000641,O202609008972,U10318,P10005,3,包装有点简陋东西没问题,2026-09-12 15:58:33,否,,1,14,已收到您的反馈我们会尽快处理,2026-09-12 17:58:33
R202609000642,O202609009938,U10365,P10014,5,颜色正没有色差穿着舒服,2026-09-14 22:36:35,否,,2,37,,
R202609000643,O202609006925,U10417,P10003,3,包装有点简陋东西没问题,2026-09-05 13:32:00,否,,0,1,,
R202609000644,O202609008276,U10246,P10003,4,质量很好做工精细值得购买,2026-09-11 03:46:23,否,,0,14,,
R202609000645,O202609007986,U10165,P10003,3,一般般吧没有想象中好,2026-09-14 08:18:05,否,,1,28,已收到您的反馈我们会尽快处理,2026-09-14 10:18:05
R202609000646,O202609003067,U10224,P10005,4,绘本内容不错孩子很喜欢,2026-09-13 21:20:29,否,,0,23,非常抱歉给您带来不好的体验我们会改进,2026-09-13 22:20:29
R202609000647,O202609007019,U10271,P10007,5,物流超快第二天就到了包装完好,2026-09-13 19:31:13,否,,3,16,非常抱歉给您带来不好的体验我们会改进,2026-09-13 21:31:13
R202609000648,O202609001480,U10270,P10016,5,颜色正没有色差穿着舒服,2026-09-07 13:26:32,否,,1,44,非常抱歉给您带来不好的体验我们会改进,2026-09-07 14:26:32
R202609000649,O202609000449,U10200,P10008,3,一般般吧没有想象中好,2026-09-05 19:40:08,否,,3,27,非常抱歉给您带来不好的体验我们会改进,2026-09-05 21:40:08
R202609000650,O202609005832,U10451,P10017,4,绘本内容不错孩子很喜欢,2026-09-12 15:04:31,否,,2,44,感谢您的认可欢迎下次光临,2026-09-12 17:04:31
R202609000651,O202609001336,U10389,P10003,5,客服态度好有问必答点赞,2026-09-05 09:49:48,否,,2,24,,
R202609000652,O202609003324,U10210,P10019,5,质量很好做工精细值得购买,2026-09-05 20:16:32,否,,1,5,非常抱歉给您带来不好的体验我们会改进,2026-09-05 21:16:32
R202609000653,O202609007298,U10409,P10004,4,价格实惠比实体店便宜很多,2026-09-12 17:22:35,否,,1,16,,
R202609000654,O202609008074,U10037,P10010,5,颜色正没有色差穿着舒服,2026-09-11 23:37:23,否,,1,2,,
R202609000655,O202609003551,U10352,P10014,5,质量很好做工精细值得购买,2026-09-14 01:37:12,否,,2,14,已收到您的反馈我们会尽快处理,2026-09-14 05:37:12
R202609000656,O202609005365,U10243,P10016,4,颜色正没有色差穿着舒服,2026-09-12 14:31:58,否,,3,20,,
R202609000657,O202609005108,U10027,P10004,5,颜色正没有色差穿着舒服,2026-09-05 16:08:38,是,追评：发现了一些问题希望改进,0,22,,
R202609000658,O202609007344,U10443,P10017,4,手机性价比超高续航一天没问题推荐购买,2026-09-07 16:43:26,是,用了一段时间来追评确实不错,0,21,感谢您的认可欢迎下次光临,2026-09-07 21:43:26
R202609000659,O202609001083,U10234,P10011,2,用了两天就坏了质量太差,2026-09-05 19:34:00,否,,3,31,已收到您的反馈我们会尽快处理,2026-09-05 20:34:00
R202609000660,O202609009002,U10415,P10020,5,物流超快第二天就到了包装完好,2026-09-11 17:08:43,否,,2,8,感谢您的理解祝您生活愉快,2026-09-11 19:08:43
R202609000661,O202609002292,U10433,P10013,5,物流超快第二天就到了包装完好,2026-09-05 03:55:18,否,,3,18,非常抱歉给您带来不好的体验我们会改进,2026-09-05 04:55:18
R202609000662,O202609003220,U10046,P10020,1,跟描述完全不符要求退货,2026-09-06 07:07:48,是,追评：发现了一些问题希望改进,2,38,感谢您的理解祝您生活愉快,2026-09-06 08:07:48
R202609000663,O202609009762,U10225,P10008,5,价格实惠比实体店便宜很多,2026-09-06 08:12:26,是,追评：质量比预期好,1,29,感谢您的认可欢迎下次光临,2026-09-06 10:12:26
R202609000664,O202609007053,U10436,P10018,4,绘本内容不错孩子很喜欢,2026-09-12 18:35:25,否,,3,36,非常抱歉给您带来不好的体验我们会改进,2026-09-12 21:35:25
R202609000665,O202609001890,U10035,P10002,5,绘本内容不错孩子很喜欢,2026-09-13 22:30:29,否,,2,45,感谢您的理解祝您生活愉快,2026-09-14 00:30:29
R202609000666,O202609003059,U10081,P10010,3,质量凑合对得起这个价格,2026-09-06 18:43:10,否,,0,20,,
R202609000667,O202609000763,U10238,P10002,4,颜色正没有色差穿着舒服,2026-09-06 23:47:06,否,,0,50,,
R202609000668,O202609004223,U10078,P10016,5,价格实惠比实体店便宜很多,2026-09-09 03:57:59,否,,1,45,,
R202609000669,O202609003451,U10202,P10008,5,价格实惠比实体店便宜很多,2026-09-10 17:14:16,否,,2,34,非常抱歉给您带来不好的体验我们会改进,2026-09-10 22:14:16
R202609000670,O202609002767,U10240,P10011,1,收到货发现有瑕疵要求换货,2026-09-05 22:46:33,否,,3,45,已收到您的反馈我们会尽快处理,2026-09-05 23:46:33
R202609000671,O202609000678,U10134,P10019,4,质量很好做工精细值得购买,2026-09-11 15:17:22,是,售后处理很快满意,2,22,非常抱歉给您带来不好的体验我们会改进,2026-09-11 17:17:22
R202609000672,O202609008327,U10131,P10018,5,绘本内容不错孩子很喜欢,2026-09-13 09:09:04,否,,3,22,非常抱歉给您带来不好的体验我们会改进,2026-09-13 10:09:04
R202609000673,O202609005319,U10473,P10003,4,保温效果很好外观也漂亮物流很快,2026-09-13 02:05:31,否,,2,35,感谢您的理解祝您生活愉快,2026-09-13 06:05:31
R202609000674,O202609001799,U10038,P10007,1,客服态度恶劣不理人,2026-09-09 13:47:45,是,售后处理很快满意,2,8,已收到您的反馈我们会尽快处理,2026-09-09 18:47:45
R202609000675,O202609001954,U10322,P10016,4,绘本内容不错孩子很喜欢,2026-09-05 18:46:05,否,,2,4,感谢您的认可欢迎下次光临,2026-09-05 22:46:05
R202609000676,O202609002175,U10471,P10007,5,保温效果很好外观也漂亮物流很快,2026-09-07 06:31:57,否,,1,35,已收到您的反馈我们会尽快处理,2026-09-07 10:31:57
R202609000677,O202609006740,U10278,P10019,1,客服态度恶劣不理人,2026-09-13 11:08:12,否,,2,2,,
R202609000678,O202609009300,U10405,P10004,3,包装有点简陋东西没问题,2026-09-11 09:00:28,否,,1,3,,
R202609000679,O202609003666,U10316,P10005,4,质量很好做工精细值得购买,2026-09-13 10:39:58,是,追评：质量比预期好,0,15,已收到您的反馈我们会尽快处理,2026-09-13 13:39:58
R202609000680,O202609005920,U10182,P10015,1,用了两天就坏了质量太差,2026-09-12 01:14:25,否,,0,45,,
R202609000681,O202609004653,U10377,P10003,4,价格实惠比实体店便宜很多,2026-09-14 04:16:29,否,,2,4,,
R202609000682,O202609004978,U10272,P10006,1,收到货发现有瑕疵要求换货,2026-09-08 17:00:13,是,售后处理很快满意,2,41,已收到您的反馈我们会尽快处理,2026-09-08 19:00:13
R202609000683,O202609008170,U10162,P10005,4,颜色正没有色差穿着舒服,2026-09-08 08:20:24,否,,1,26,,
R202609000684,O202609008103,U10298,P10016,2,用了两天就坏了质量太差,2026-09-07 10:33:37,是,追评：质量比预期好,0,43,非常抱歉给您带来不好的体验我们会改进,2026-09-07 11:33:37
R202609000685,O202609001834,U10464,P10014,4,物流超快第二天就到了包装完好,2026-09-09 09:17:25,否,,1,26,非常抱歉给您带来不好的体验我们会改进,2026-09-09 11:17:25
R202609000686,O202609008711,U10057,P10005,4,颜色正没有色差穿着舒服,2026-09-07 23:47:25,否,,2,32,非常抱歉给您带来不好的体验我们会改进,2026-09-08 03:47:25
R202609000687,O202609002327,U10206,P10020,5,价格实惠比实体店便宜很多,2026-09-14 16:04:10,否,,3,28,感谢您的理解祝您生活愉快,2026-09-14 17:04:10
R202609000688,O202609004037,U10482,P10004,1,鞋子偏小一码穿了半天脚疼,2026-09-14 00:44:50,否,,2,2,已收到您的反馈我们会尽快处理,2026-09-14 05:44:50
R202609000689,O202609006865,U10471,P10011,4,绘本内容不错孩子很喜欢,2026-09-06 19:09:46,是,用了一段时间来追评确实不错,0,23,,
R202609000690,O202609003755,U10433,P10014,4,客服态度好有问必答点赞,2026-09-13 10:51:15,否,,2,49,已收到您的反馈我们会尽快处理,2026-09-13 11:51:15
R202609000691,O202609003705,U10325,P10010,3,一般般吧没有想象中好,2026-09-13 01:00:12,否,,0,36,感谢您的理解祝您生活愉快,2026-09-13 04:00:12
R202609000692,O202609009432,U10115,P10009,5,客服态度好有问必答点赞,2026-09-14 04:26:29,否,,3,44,,
R202609000693,O202609008981,U10063,P10006,5,绘本内容不错孩子很喜欢,2026-09-08 04:55:13,否,,0,33,,
R202609000694,O202609009063,U10436,P10005,4,保温效果很好外观也漂亮物流很快,2026-09-14 02:34:23,否,,3,6,感谢您的认可欢迎下次光临,2026-09-14 06:34:23
R202609000695,O202609008123,U10141,P10017,4,颜色正没有色差穿着舒服,2026-09-14 17:24:26,是,追评：质量比预期好,1,28,,
R202609000696,O202609009669,U10285,P10018,4,物流超快第二天就到了包装完好,2026-09-09 15:50:54,是,追评：质量比预期好,1,33,感谢您的理解祝您生活愉快,2026-09-09 17:50:54
R202609000697,O202609000387,U10421,P10019,5,物流超快第二天就到了包装完好,2026-09-09 07:29:46,是,追评：质量比预期好,1,11,感谢您的认可欢迎下次光临,2026-09-09 12:29:46
R202609000698,O202609004868,U10399,P10002,5,手机性价比超高续航一天没问题推荐购买,2026-09-14 13:46:52,否,,3,20,,
R202609000699,O202609004085,U10037,P10008,4,绘本内容不错孩子很喜欢,2026-09-14 09:22:03,否,,1,38,非常抱歉给您带来不好的体验我们会改进,2026-09-14 10:22:03
R202609000700,O202609007779,U10038,P10007,3,一般般吧没有想象中好,2026-09-12 01:21:31,否,,0,16,感谢您的认可欢迎下次光临,2026-09-12 05:21:31
R202609000701,O202609007131,U10115,P10005,5,手机性价比超高续航一天没问题推荐购买,2026-09-06 18:18:17,否,,2,41,感谢您的认可欢迎下次光临,2026-09-06 19:18:17
R202609000702,O202609002728,U10099,P10018,3,质量凑合对得起这个价格,2026-09-13 10:52:24,否,,1,47,非常抱歉给您带来不好的体验我们会改进,2026-09-13 15:52:24
R202609000703,O202609000620,U10336,P10005,2,鞋子偏小一码穿了半天脚疼,2026-09-07 15:17:37,是,追评：发现了一些问题希望改进,3,10,,
R202609000704,O202609002773,U10247,P10013,4,质量很好做工精细值得购买,2026-09-11 01:31:23,否,,3,10,,
R202609000705,O202609000186,U10118,P10017,3,一般般吧没有想象中好,2026-09-05 03:54:53,否,,0,18,非常抱歉给您带来不好的体验我们会改进,2026-09-05 04:54:53
R202609000706,O202609000278,U10036,P10018,2,用了两天就坏了质量太差,2026-09-09 07:54:25,否,,2,46,,
R202609000707,O202609009947,U10100,P10004,5,物流超快第二天就到了包装完好,2026-09-09 22:58:09,是,追评：质量比预期好,3,4,感谢您的认可欢迎下次光临,2026-09-10 02:58:09
R202609000708,O202609005786,U10115,P10001,5,保温效果很好外观也漂亮物流很快,2026-09-07 02:56:33,否,,1,33,感谢您的认可欢迎下次光临,2026-09-07 04:56:33
R202609000709,O202609006446,U10291,P10014,5,保温效果很好外观也漂亮物流很快,2026-09-12 14:04:32,否,,2,0,已收到您的反馈我们会尽快处理,2026-09-12 17:04:32
R202609000710,O202609000737,U10258,P10005,4,手机性价比超高续航一天没问题推荐购买,2026-09-09 21:45:52,否,,1,50,,
R202609000711,O202609008894,U10334,P10006,3,东西还行就是发货慢了点,2026-09-13 10:27:49,否,,0,48,,
R202609000712,O202609004213,U10410,P10005,4,绘本内容不错孩子很喜欢,2026-09-13 22:18:14,否,,0,19,,
R202609000713,O202609006847,U10115,P10011,1,收到货发现有瑕疵要求换货,2026-09-05 06:17:48,是,追评：发现了一些问题希望改进,1,49,,
R202609000714,O202609003940,U10403,P10005,4,物流超快第二天就到了包装完好,2026-09-10 07:51:26,否,,3,24,,
R202609000715,O202609003321,U10439,P10008,5,物流超快第二天就到了包装完好,2026-09-14 19:35:28,是,追评：质量比预期好,1,40,已收到您的反馈我们会尽快处理,2026-09-14 22:35:28
R202609000716,O202609008813,U10426,P10015,4,颜色正没有色差穿着舒服,2026-09-09 18:38:21,是,用了一段时间来追评确实不错,1,31,非常抱歉给您带来不好的体验我们会改进,2026-09-09 21:38:21
R202609000717,O202609002525,U10336,P10015,5,保温效果很好外观也漂亮物流很快,2026-09-07 21:08:13,否,,0,47,,
R202609000718,O202609005834,U10104,P10016,5,绘本内容不错孩子很喜欢,2026-09-13 05:49:01,否,,3,42,感谢您的理解祝您生活愉快,2026-09-13 09:49:01
R202609000719,O202609003914,U10188,P10008,4,手机性价比超高续航一天没问题推荐购买,2026-09-11 02:13:34,否,,0,2,,
R202609000720,O202609004301,U10457,P10004,4,绘本内容不错孩子很喜欢,2026-09-09 16:32:11,否,,0,42,感谢您的认可欢迎下次光临,2026-09-09 18:32:11
R202609000721,O202609005020,U10241,P10003,4,颜色正没有色差穿着舒服,2026-09-13 02:28:49,是,用了一段时间来追评确实不错,3,29,已收到您的反馈我们会尽快处理,2026-09-13 03:28:49
R202609000722,O202609009454,U10334,P10018,4,价格实惠比实体店便宜很多,2026-09-12 12:32:06,否,,1,36,感谢您的理解祝您生活愉快,2026-09-12 13:32:06
R202609000723,O202609008924,U10320,P10002,4,绘本内容不错孩子很喜欢,2026-09-11 10:49:52,否,,1,11,非常抱歉给您带来不好的体验我们会改进,2026-09-11 11:49:52
R202609000724,O202609007448,U10079,P10005,4,保温效果很好外观也漂亮物流很快,2026-09-13 14:45:23,否,,0,23,非常抱歉给您带来不好的体验我们会改进,2026-09-13 19:45:23
R202609000725,O202609000196,U10317,P10018,3,质量凑合对得起这个价格,2026-09-09 21:50:59,否,,3,28,已收到您的反馈我们会尽快处理,2026-09-10 02:50:59
R202609000726,O202609005503,U10298,P10013,3,一般般吧没有想象中好,2026-09-13 07:46:18,否,,3,46,感谢您的理解祝您生活愉快,2026-09-13 09:46:18
R202609000727,O202609001260,U10039,P10012,5,物流超快第二天就到了包装完好,2026-09-13 15:06:07,否,,1,27,,
R202609000728,O202609007980,U10216,P10004,5,保温效果很好外观也漂亮物流很快,2026-09-06 04:21:24,否,,1,33,感谢您的认可欢迎下次光临,2026-09-06 05:21:24
R202609000729,O202609009679,U10442,P10016,2,用了两天就坏了质量太差,2026-09-05 17:23:20,是,追评：质量比预期好,0,20,,
R202609000730,O202609009854,U10468,P10001,3,东西还行就是发货慢了点,2026-09-14 07:10:12,是,用了一段时间来追评确实不错,2,25,非常抱歉给您带来不好的体验我们会改进,2026-09-14 10:10:12
R202609000731,O202609007217,U10201,P10016,3,质量凑合对得起这个价格,2026-09-12 01:13:23,是,用了一段时间来追评确实不错,0,6,感谢您的理解祝您生活愉快,2026-09-12 03:13:23
R202609000732,O202609005527,U10439,P10007,4,手机性价比超高续航一天没问题推荐购买,2026-09-06 07:47:11,否,,1,22,已收到您的反馈我们会尽快处理,2026-09-06 12:47:11
R202609000733,O202609001476,U10374,P10014,4,手机性价比超高续航一天没问题推荐购买,2026-09-08 06:31:44,是,售后处理很快满意,0,12,感谢您的理解祝您生活愉快,2026-09-08 08:31:44
R202609000734,O202609004731,U10148,P10003,3,东西还行就是发货慢了点,2026-09-09 11:43:11,是,用了一段时间来追评确实不错,3,13,感谢您的认可欢迎下次光临,2026-09-09 14:43:11
R202609000735,O202609001057,U10009,P10002,5,保温效果很好外观也漂亮物流很快,2026-09-12 04:28:49,否,,1,44,感谢您的理解祝您生活愉快,2026-09-12 08:28:49
R202609000736,O202609007850,U10033,P10009,3,质量凑合对得起这个价格,2026-09-07 23:44:59,否,,0,48,感谢您的认可欢迎下次光临,2026-09-08 03:44:59
R202609000737,O202609003465,U10009,P10001,1,跟描述完全不符要求退货,2026-09-07 13:53:27,否,,2,45,感谢您的理解祝您生活愉快,2026-09-07 14:53:27
R202609000738,O202609009531,U10422,P10017,4,物流超快第二天就到了包装完好,2026-09-09 14:45:16,否,,1,47,感谢您的理解祝您生活愉快,2026-09-09 18:45:16
R202609000739,O202609005514,U10414,P10003,4,价格实惠比实体店便宜很多,2026-09-09 01:47:34,否,,1,45,感谢您的认可欢迎下次光临,2026-09-09 06:47:34
R202609000740,O202609005705,U10331,P10015,5,价格实惠比实体店便宜很多,2026-09-08 22:25:10,否,,1,20,感谢您的理解祝您生活愉快,2026-09-09 03:25:10
R202609000741,O202609003635,U10109,P10002,3,包装有点简陋东西没问题,2026-09-11 20:36:36,否,,3,3,已收到您的反馈我们会尽快处理,2026-09-12 01:36:36
R202609000742,O202609006493,U10015,P10006,1,用了两天就坏了质量太差,2026-09-13 09:43:15,否,,1,30,感谢您的理解祝您生活愉快,2026-09-13 13:43:15
R202609000743,O202609001965,U10225,P10017,3,东西还行就是发货慢了点,2026-09-12 14:58:17,是,追评：发现了一些问题希望改进,0,23,已收到您的反馈我们会尽快处理,2026-09-12 19:58:17
R202609000744,O202609003909,U10168,P10017,4,物流超快第二天就到了包装完好,2026-09-06 15:06:10,是,售后处理很快满意,3,29,非常抱歉给您带来不好的体验我们会改进,2026-09-06 18:06:10
R202609000745,O202609004108,U10310,P10014,5,颜色正没有色差穿着舒服,2026-09-12 01:08:03,否,,0,42,感谢您的认可欢迎下次光临,2026-09-12 06:08:03
R202609000746,O202609006359,U10495,P10009,4,绘本内容不错孩子很喜欢,2026-09-08 13:28:47,否,,0,33,非常抱歉给您带来不好的体验我们会改进,2026-09-08 14:28:47
R202609000747,O202609003092,U10186,P10010,5,客服态度好有问必答点赞,2026-09-05 22:30:47,否,,3,43,感谢您的理解祝您生活愉快,2026-09-06 03:30:47
R202609000748,O202609007874,U10304,P10001,4,手机性价比超高续航一天没问题推荐购买,2026-09-07 20:43:25,否,,0,15,,
R202609000749,O202609008123,U10066,P10004,5,客服态度好有问必答点赞,2026-09-12 00:21:46,否,,2,29,感谢您的认可欢迎下次光临,2026-09-12 03:21:46
R202609000750,O202609000761,U10259,P10018,3,东西还行就是发货慢了点,2026-09-14 08:03:35,否,,3,8,,
R202609000751,O202609005135,U10404,P10009,5,质量很好做工精细值得购买,2026-09-08 03:37:05,否,,3,26,非常抱歉给您带来不好的体验我们会改进,2026-09-08 04:37:05
R202609000752,O202609006296,U10386,P10001,5,客服态度好有问必答点赞,2026-09-08 04:21:57,是,售后处理很快满意,0,43,,
R202609000753,O202609009411,U10241,P10005,3,质量凑合对得起这个价格,2026-09-09 21:24:58,否,,3,9,非常抱歉给您带来不好的体验我们会改进,2026-09-10 00:24:58
R202609000754,O202609000169,U10021,P10005,5,价格实惠比实体店便宜很多,2026-09-06 13:42:15,否,,2,21,已收到您的反馈我们会尽快处理,2026-09-06 16:42:15
R202609000755,O202609005372,U10300,P10008,4,颜色正没有色差穿着舒服,2026-09-13 08:31:49,否,,3,46,感谢您的认可欢迎下次光临,2026-09-13 13:31:49
R202609000756,O202609000191,U10396,P10005,2,收到货发现有瑕疵要求换货,2026-09-10 16:47:54,否,,2,15,感谢您的理解祝您生活愉快,2026-09-10 19:47:54
R202609000757,O202609005885,U10214,P10008,2,物流慢得要死等了一周,2026-09-13 13:19:38,否,,3,21,非常抱歉给您带来不好的体验我们会改进,2026-09-13 18:19:38
R202609000758,O202609000770,U10325,P10020,4,物流超快第二天就到了包装完好,2026-09-05 12:32:52,否,,0,7,感谢您的认可欢迎下次光临,2026-09-05 17:32:52
R202609000759,O202609000772,U10467,P10012,3,包装有点简陋东西没问题,2026-09-11 22:21:09,否,,0,29,,
R202609000760,O202609002545,U10326,P10004,5,质量很好做工精细值得购买,2026-09-09 08:41:16,否,,0,32,感谢您的理解祝您生活愉快,2026-09-09 11:41:16
R202609000761,O202609005847,U10255,P10009,4,绘本内容不错孩子很喜欢,2026-09-12 15:01:18,否,,3,7,,
R202609000762,O202609005072,U10256,P10002,5,物流超快第二天就到了包装完好,2026-09-08 01:26:06,否,,3,39,感谢您的理解祝您生活愉快,2026-09-08 03:26:06
R202609000763,O202609007871,U10363,P10005,4,客服态度好有问必答点赞,2026-09-10 13:51:03,否,,3,29,感谢您的认可欢迎下次光临,2026-09-10 16:51:03
R202609000764,O202609005925,U10282,P10009,5,物流超快第二天就到了包装完好,2026-09-08 20:09:09,否,,2,7,感谢您的理解祝您生活愉快,2026-09-09 00:09:09
R202609000765,O202609007476,U10311,P10020,4,绘本内容不错孩子很喜欢,2026-09-14 12:33:07,是,追评：发现了一些问题希望改进,1,47,已收到您的反馈我们会尽快处理,2026-09-14 13:33:07
R202609000766,O202609001760,U10446,P10016,4,绘本内容不错孩子很喜欢,2026-09-12 17:41:25,否,,0,39,感谢您的理解祝您生活愉快,2026-09-12 21:41:25
R202609000767,O202609007644,U10385,P10009,4,质量很好做工精细值得购买,2026-09-09 09:44:23,否,,3,26,,
R202609000768,O202609001155,U10043,P10008,5,绘本内容不错孩子很喜欢,2026-09-12 23:59:57,否,,0,50,,
R202609000769,O202609005427,U10151,P10019,4,颜色正没有色差穿着舒服,2026-09-06 15:05:14,否,,1,22,感谢您的认可欢迎下次光临,2026-09-06 18:05:14
R202609000770,O202609007115,U10274,P10011,3,质量凑合对得起这个价格,2026-09-05 05:59:32,否,,3,3,非常抱歉给您带来不好的体验我们会改进,2026-09-05 08:59:32
R202609000771,O202609008285,U10427,P10012,5,绘本内容不错孩子很喜欢,2026-09-12 06:49:49,否,,2,0,已收到您的反馈我们会尽快处理,2026-09-12 10:49:49
R202609000772,O202609009892,U10417,P10005,3,一般般吧没有想象中好,2026-09-10 22:58:37,否,,0,46,感谢您的理解祝您生活愉快,2026-09-11 03:58:37
R202609000773,O202609003140,U10261,P10007,4,客服态度好有问必答点赞,2026-09-06 02:18:58,否,,1,1,非常抱歉给您带来不好的体验我们会改进,2026-09-06 07:18:58
R202609000774,O202609004090,U10146,P10011,4,质量很好做工精细值得购买,2026-09-09 21:17:51,否,,3,20,感谢您的理解祝您生活愉快,2026-09-10 01:17:51
R202609000775,O202609003714,U10491,P10005,3,一般般吧没有想象中好,2026-09-09 10:55:48,否,,1,31,,
R202609000776,O202609008536,U10458,P10007,3,东西还行就是发货慢了点,2026-09-05 12:43:33,是,追评：质量比预期好,1,6,非常抱歉给您带来不好的体验我们会改进,2026-09-05 17:43:33
R202609000777,O202609003698,U10054,P10015,3,质量凑合对得起这个价格,2026-09-09 12:36:06,否,,2,6,非常抱歉给您带来不好的体验我们会改进,2026-09-09 15:36:06
R202609000778,O202609000030,U10464,P10016,5,颜色正没有色差穿着舒服,2026-09-11 06:17:55,是,用了一段时间来追评确实不错,3,29,,
R202609000779,O202609001603,U10056,P10012,3,一般般吧没有想象中好,2026-09-11 10:20:41,否,,2,18,感谢您的认可欢迎下次光临,2026-09-11 15:20:41
R202609000780,O202609005225,U10001,P10015,4,客服态度好有问必答点赞,2026-09-06 02:58:59,否,,3,18,感谢您的理解祝您生活愉快,2026-09-06 04:58:59
R202609000781,O202609006493,U10167,P10001,5,物流超快第二天就到了包装完好,2026-09-08 18:23:40,是,用了一段时间来追评确实不错,3,31,非常抱歉给您带来不好的体验我们会改进,2026-09-08 22:23:40
R202609000782,O202609008502,U10093,P10014,4,绘本内容不错孩子很喜欢,2026-09-11 02:14:18,否,,3,42,,
R202609000783,O202609008339,U10284,P10009,4,质量很好做工精细值得购买,2026-09-13 08:43:25,否,,0,39,,
R202609000784,O202609007410,U10472,P10005,3,包装有点简陋东西没问题,2026-09-13 16:00:21,否,,3,23,感谢您的理解祝您生活愉快,2026-09-13 20:00:21
R202609000785,O202609006024,U10256,P10020,5,物流超快第二天就到了包装完好,2026-09-05 18:11:36,否,,1,0,非常抱歉给您带来不好的体验我们会改进,2026-09-05 20:11:36
R202609000786,O202609004430,U10295,P10005,4,客服态度好有问必答点赞,2026-09-09 15:29:00,否,,0,23,感谢您的理解祝您生活愉快,2026-09-09 20:29:00
R202609000787,O202609009929,U10151,P10009,5,颜色正没有色差穿着舒服,2026-09-08 19:10:11,否,,0,13,非常抱歉给您带来不好的体验我们会改进,2026-09-08 21:10:11
R202609000788,O202609001037,U10473,P10012,3,包装有点简陋东西没问题,2026-09-13 09:35:25,否,,2,14,感谢您的认可欢迎下次光临,2026-09-13 14:35:25
R202609000789,O202609004708,U10479,P10016,3,一般般吧没有想象中好,2026-09-13 00:16:26,否,,0,17,感谢您的认可欢迎下次光临,2026-09-13 05:16:26
R202609000790,O202609000167,U10387,P10007,4,物流超快第二天就到了包装完好,2026-09-13 00:24:38,否,,1,26,,
R202609000791,O202609006027,U10240,P10011,4,价格实惠比实体店便宜很多,2026-09-08 12:14:28,否,,3,18,,
R202609000792,O202609005519,U10228,P10003,4,保温效果很好外观也漂亮物流很快,2026-09-12 02:33:40,否,,0,2,感谢您的认可欢迎下次光临,2026-09-12 04:33:40
R202609000793,O202609006456,U10132,P10017,4,保温效果很好外观也漂亮物流很快,2026-09-05 09:17:10,否,,3,36,已收到您的反馈我们会尽快处理,2026-09-05 11:17:10
R202609000794,O202609003196,U10477,P10012,5,颜色正没有色差穿着舒服,2026-09-08 11:33:01,是,追评：质量比预期好,3,19,感谢您的理解祝您生活愉快,2026-09-08 16:33:01
R202609000795,O202609002847,U10135,P10007,2,物流慢得要死等了一周,2026-09-12 19:38:23,否,,3,18,,
R202609000796,O202609007756,U10193,P10020,5,保温效果很好外观也漂亮物流很快,2026-09-10 17:16:21,是,售后处理很快满意,1,47,,
R202609000797,O202609002853,U10199,P10001,4,质量很好做工精细值得购买,2026-09-13 08:19:24,否,,1,50,非常抱歉给您带来不好的体验我们会改进,2026-09-13 12:19:24
R202609000798,O202609003260,U10414,P10012,4,价格实惠比实体店便宜很多,2026-09-06 19:52:28,是,售后处理很快满意,2,26,,
R202609000799,O202609005570,U10121,P10012,3,东西还行就是发货慢了点,2026-09-09 00:53:13,否,,0,3,感谢您的理解祝您生活愉快,2026-09-09 01:53:13
R202609000800,O202609004984,U10269,P10002,5,质量很好做工精细值得购买,2026-09-07 12:20:13,是,售后处理很快满意,0,10,已收到您的反馈我们会尽快处理,2026-09-07 17:20:13
R202609000801,O202609008796,U10177,P10002,1,客服态度恶劣不理人,2026-09-06 05:51:56,否,,1,14,,
R202609000802,O202609007334,U10180,P10016,5,物流超快第二天就到了包装完好,2026-09-13 20:39:18,否,,1,36,感谢您的认可欢迎下次光临,2026-09-14 00:39:18
R202609000803,O202609007209,U10464,P10018,5,物流超快第二天就到了包装完好,2026-09-10 14:49:53,否,,1,5,非常抱歉给您带来不好的体验我们会改进,2026-09-10 17:49:53
R202609000804,O202609006542,U10313,P10014,2,客服态度恶劣不理人,2026-09-11 15:19:24,否,,1,22,感谢您的认可欢迎下次光临,2026-09-11 19:19:24
R202609000805,O202609003505,U10062,P10018,5,价格实惠比实体店便宜很多,2026-09-11 00:46:30,否,,2,1,已收到您的反馈我们会尽快处理,2026-09-11 05:46:30
R202609000806,O202609006556,U10209,P10019,4,颜色正没有色差穿着舒服,2026-09-08 14:30:35,是,追评：发现了一些问题希望改进,2,31,已收到您的反馈我们会尽快处理,2026-09-08 15:30:35
R202609000807,O202609003909,U10197,P10013,5,绘本内容不错孩子很喜欢,2026-09-12 01:30:34,否,,2,48,非常抱歉给您带来不好的体验我们会改进,2026-09-12 03:30:34
R202609000808,O202609009232,U10100,P10015,5,质量很好做工精细值得购买,2026-09-07 04:05:15,否,,0,8,已收到您的反馈我们会尽快处理,2026-09-07 09:05:15
R202609000809,O202609009208,U10403,P10010,4,质量很好做工精细值得购买,2026-09-05 11:22:21,否,,1,31,,
R202609000810,O202609008028,U10023,P10002,5,物流超快第二天就到了包装完好,2026-09-07 23:08:38,否,,2,38,,
R202609000811,O202609002908,U10182,P10010,5,颜色正没有色差穿着舒服,2026-09-10 12:36:36,是,追评：发现了一些问题希望改进,1,39,,
R202609000812,O202609000101,U10035,P10008,4,绘本内容不错孩子很喜欢,2026-09-06 19:42:12,是,追评：发现了一些问题希望改进,0,49,感谢您的理解祝您生活愉快,2026-09-06 20:42:12
R202609000813,O202609003866,U10033,P10012,1,跟描述完全不符要求退货,2026-09-06 20:12:26,否,,1,46,感谢您的认可欢迎下次光临,2026-09-07 01:12:26
R202609000814,O202609000920,U10494,P10018,3,质量凑合对得起这个价格,2026-09-09 22:37:04,否,,3,11,感谢您的理解祝您生活愉快,2026-09-09 23:37:04
R202609000815,O202609005360,U10010,P10007,4,保温效果很好外观也漂亮物流很快,2026-09-14 04:34:12,否,,0,10,,
R202609000816,O202609003975,U10338,P10019,4,物流超快第二天就到了包装完好,2026-09-12 14:50:24,否,,1,8,感谢您的认可欢迎下次光临,2026-09-12 15:50:24
R202609000817,O202609007403,U10431,P10003,3,质量凑合对得起这个价格,2026-09-11 13:11:55,是,追评：质量比预期好,1,12,感谢您的理解祝您生活愉快,2026-09-11 14:11:55
R202609000818,O202609003526,U10444,P10009,1,收到货发现有瑕疵要求换货,2026-09-14 23:16:38,否,,1,48,非常抱歉给您带来不好的体验我们会改进,2026-09-15 03:16:38
R202609000819,O202609007023,U10030,P10008,4,颜色正没有色差穿着舒服,2026-09-14 00:38:02,否,,0,11,已收到您的反馈我们会尽快处理,2026-09-14 01:38:02
R202609000820,O202609000108,U10052,P10004,3,一般般吧没有想象中好,2026-09-09 15:28:29,否,,3,3,感谢您的认可欢迎下次光临,2026-09-09 16:28:29
R202609000821,O202609003483,U10180,P10004,1,跟描述完全不符要求退货,2026-09-10 23:22:30,否,,1,1,已收到您的反馈我们会尽快处理,2026-09-11 03:22:30
R202609000822,O202609005067,U10116,P10015,3,质量凑合对得起这个价格,2026-09-05 20:29:26,否,,3,7,,
R202609000823,O202609001548,U10388,P10019,3,质量凑合对得起这个价格,2026-09-13 12:51:40,否,,1,23,感谢您的认可欢迎下次光临,2026-09-13 16:51:40
R202609000824,O202609001968,U10162,P10017,4,绘本内容不错孩子很喜欢,2026-09-14 14:58:47,否,,3,18,,
R202609000825,O202609005405,U10042,P10003,5,保温效果很好外观也漂亮物流很快,2026-09-05 02:12:41,否,,1,46,,
R202609000826,O202609003484,U10295,P10007,4,保温效果很好外观也漂亮物流很快,2026-09-09 23:10:56,否,,0,25,,
R202609000827,O202609008450,U10124,P10011,1,用了两天就坏了质量太差,2026-09-13 19:23:36,否,,1,20,,
R202609000828,O202609008506,U10027,P10014,3,质量凑合对得起这个价格,2026-09-09 03:44:22,否,,0,41,已收到您的反馈我们会尽快处理,2026-09-09 06:44:22
R202609000829,O202609003040,U10416,P10017,3,一般般吧没有想象中好,2026-09-14 03:52:53,否,,0,17,,
R202609000830,O202609008534,U10344,P10011,2,客服态度恶劣不理人,2026-09-07 18:34:54,否,,3,30,感谢您的认可欢迎下次光临,2026-09-07 20:34:54
R202609000831,O202609009733,U10028,P10014,5,保温效果很好外观也漂亮物流很快,2026-09-13 20:12:08,否,,0,13,,
R202609000832,O202609008899,U10172,P10003,5,绘本内容不错孩子很喜欢,2026-09-05 07:59:56,否,,1,43,,
R202609000833,O202609007088,U10365,P10013,5,手机性价比超高续航一天没问题推荐购买,2026-09-11 14:33:26,否,,0,48,已收到您的反馈我们会尽快处理,2026-09-11 17:33:26
R202609000834,O202609003339,U10417,P10002,5,质量很好做工精细值得购买,2026-09-12 12:50:25,否,,0,18,感谢您的理解祝您生活愉快,2026-09-12 15:50:25
R202609000835,O202609005425,U10007,P10009,4,客服态度好有问必答点赞,2026-09-10 12:56:29,否,,0,4,,
R202609000836,O202609006802,U10136,P10008,5,手机性价比超高续航一天没问题推荐购买,2026-09-05 12:24:19,否,,2,30,,
R202609000837,O202609006902,U10035,P10016,2,客服态度恶劣不理人,2026-09-07 01:03:23,否,,0,36,已收到您的反馈我们会尽快处理,2026-09-07 04:03:23
R202609000838,O202609002395,U10081,P10016,4,物流超快第二天就到了包装完好,2026-09-13 04:33:17,否,,1,39,,
R202609000839,O202609003760,U10213,P10011,2,客服态度恶劣不理人,2026-09-14 23:38:55,否,,1,41,已收到您的反馈我们会尽快处理,2026-09-15 00:38:55
R202609000840,O202609000011,U10255,P10008,4,物流超快第二天就到了包装完好,2026-09-13 16:40:54,否,,0,7,感谢您的认可欢迎下次光临,2026-09-13 19:40:54
R202609000841,O202609008409,U10414,P10002,2,收到货发现有瑕疵要求换货,2026-09-13 02:45:22,否,,2,23,感谢您的认可欢迎下次光临,2026-09-13 07:45:22
R202609000842,O202609007174,U10099,P10009,5,保温效果很好外观也漂亮物流很快,2026-09-07 07:25:15,否,,3,24,已收到您的反馈我们会尽快处理,2026-09-07 09:25:15
R202609000843,O202609009652,U10369,P10005,2,客服态度恶劣不理人,2026-09-05 03:08:03,否,,1,44,感谢您的理解祝您生活愉快,2026-09-05 06:08:03
R202609000844,O202609008896,U10490,P10009,5,手机性价比超高续航一天没问题推荐购买,2026-09-14 18:43:33,否,,0,47,非常抱歉给您带来不好的体验我们会改进,2026-09-14 20:43:33
R202609000845,O202609008407,U10143,P10020,5,价格实惠比实体店便宜很多,2026-09-05 15:08:47,否,,3,24,已收到您的反馈我们会尽快处理,2026-09-05 18:08:47
R202609000846,O202609009114,U10327,P10006,4,客服态度好有问必答点赞,2026-09-09 06:19:47,否,,3,50,感谢您的理解祝您生活愉快,2026-09-09 11:19:47
R202609000847,O202609008988,U10114,P10002,5,手机性价比超高续航一天没问题推荐购买,2026-09-07 11:01:42,否,,0,10,感谢您的理解祝您生活愉快,2026-09-07 13:01:42
R202609000848,O202609008757,U10319,P10004,5,保温效果很好外观也漂亮物流很快,2026-09-14 01:29:36,否,,2,11,,
R202609000849,O202609002715,U10221,P10020,1,收到货发现有瑕疵要求换货,2026-09-05 23:10:07,是,追评：质量比预期好,3,32,已收到您的反馈我们会尽快处理,2026-09-06 00:10:07
R202609000850,O202609009239,U10004,P10004,4,客服态度好有问必答点赞,2026-09-05 21:57:31,否,,0,1,已收到您的反馈我们会尽快处理,2026-09-06 02:57:31
R202609000851,O202609003935,U10131,P10009,3,质量凑合对得起这个价格,2026-09-08 19:25:23,否,,2,0,感谢您的认可欢迎下次光临,2026-09-08 20:25:23
R202609000852,O202609002189,U10007,P10001,5,颜色正没有色差穿着舒服,2026-09-10 03:03:53,是,追评：质量比预期好,3,43,已收到您的反馈我们会尽快处理,2026-09-10 08:03:53
R202609000853,O202609007651,U10244,P10008,4,价格实惠比实体店便宜很多,2026-09-05 22:38:59,否,,0,30,已收到您的反馈我们会尽快处理,2026-09-06 03:38:59
R202609000854,O202609002967,U10298,P10005,5,价格实惠比实体店便宜很多,2026-09-12 00:32:18,否,,1,42,,
R202609000855,O202609003449,U10145,P10016,5,绘本内容不错孩子很喜欢,2026-09-06 23:48:31,否,,1,45,,
R202609000856,O202609007248,U10048,P10007,4,手机性价比超高续航一天没问题推荐购买,2026-09-13 19:54:14,否,,0,34,,
R202609000857,O202609004145,U10160,P10012,2,鞋子偏小一码穿了半天脚疼,2026-09-13 09:47:46,是,用了一段时间来追评确实不错,2,43,,
R202609000858,O202609008703,U10298,P10006,5,绘本内容不错孩子很喜欢,2026-09-12 22:15:31,否,,0,35,,
R202609000859,O202609005658,U10267,P10015,4,绘本内容不错孩子很喜欢,2026-09-05 07:54:39,是,用了一段时间来追评确实不错,1,10,,
R202609000860,O202609006028,U10496,P10013,5,价格实惠比实体店便宜很多,2026-09-05 22:28:34,否,,3,39,,
R202609000861,O202609003878,U10007,P10003,5,价格实惠比实体店便宜很多,2026-09-14 09:10:41,是,追评：质量比预期好,1,25,,
R202609000862,O202609007244,U10279,P10016,5,物流超快第二天就到了包装完好,2026-09-12 21:27:06,否,,3,20,已收到您的反馈我们会尽快处理,2026-09-13 00:27:06
R202609000863,O202609004945,U10365,P10014,5,质量很好做工精细值得购买,2026-09-08 19:28:23,否,,2,21,感谢您的理解祝您生活愉快,2026-09-08 22:28:23
R202609000864,O202609005112,U10188,P10018,5,客服态度好有问必答点赞,2026-09-11 05:13:09,是,追评：发现了一些问题希望改进,1,44,已收到您的反馈我们会尽快处理,2026-09-11 06:13:09
R202609000865,O202609008044,U10440,P10013,1,用了两天就坏了质量太差,2026-09-06 13:02:17,否,,3,2,已收到您的反馈我们会尽快处理,2026-09-06 16:02:17
R202609000866,O202609006296,U10067,P10009,5,客服态度好有问必答点赞,2026-09-06 09:44:40,否,,1,6,,
R202609000867,O202609002560,U10363,P10012,4,价格实惠比实体店便宜很多,2026-09-09 18:44:09,否,,0,22,,
R202609000868,O202609004878,U10257,P10015,5,手机性价比超高续航一天没问题推荐购买,2026-09-08 02:43:40,否,,1,42,非常抱歉给您带来不好的体验我们会改进,2026-09-08 05:43:40
R202609000869,O202609001004,U10471,P10018,4,物流超快第二天就到了包装完好,2026-09-13 04:04:47,否,,3,44,,
R202609000870,O202609001578,U10425,P10017,5,手机性价比超高续航一天没问题推荐购买,2026-09-07 11:11:22,否,,3,2,,
R202609000871,O202609007475,U10108,P10007,4,绘本内容不错孩子很喜欢,2026-09-05 07:30:55,否,,3,37,已收到您的反馈我们会尽快处理,2026-09-05 08:30:55
R202609000872,O202609001404,U10122,P10010,5,价格实惠比实体店便宜很多,2026-09-06 19:14:00,否,,2,36,非常抱歉给您带来不好的体验我们会改进,2026-09-06 23:14:00
R202609000873,O202609002763,U10446,P10005,4,客服态度好有问必答点赞,2026-09-05 23:18:47,否,,3,48,,
R202609000874,O202609006167,U10070,P10018,4,质量很好做工精细值得购买,2026-09-14 13:04:59,否,,1,21,感谢您的认可欢迎下次光临,2026-09-14 17:04:59
R202609000875,O202609004391,U10193,P10009,2,鞋子偏小一码穿了半天脚疼,2026-09-12 08:44:45,否,,0,46,感谢您的理解祝您生活愉快,2026-09-12 09:44:45
R202609000876,O202609005161,U10199,P10007,4,颜色正没有色差穿着舒服,2026-09-07 09:14:44,否,,1,38,非常抱歉给您带来不好的体验我们会改进,2026-09-07 12:14:44
R202609000877,O202609007345,U10240,P10007,4,手机性价比超高续航一天没问题推荐购买,2026-09-05 09:29:58,是,追评：质量比预期好,1,32,,
R202609000878,O202609002703,U10499,P10001,5,价格实惠比实体店便宜很多,2026-09-06 04:20:27,否,,1,35,已收到您的反馈我们会尽快处理,2026-09-06 07:20:27
R202609000879,O202609009572,U10328,P10007,5,客服态度好有问必答点赞,2026-09-05 06:07:42,否,,0,44,已收到您的反馈我们会尽快处理,2026-09-05 11:07:42
R202609000880,O202609006849,U10318,P10006,4,质量很好做工精细值得购买,2026-09-06 21:40:42,否,,3,14,感谢您的理解祝您生活愉快,2026-09-07 00:40:42
R202609000881,O202609004421,U10269,P10014,4,价格实惠比实体店便宜很多,2026-09-05 10:05:30,是,售后处理很快满意,3,10,已收到您的反馈我们会尽快处理,2026-09-05 11:05:30
R202609000882,O202609006532,U10401,P10013,4,手机性价比超高续航一天没问题推荐购买,2026-09-08 08:32:18,否,,0,6,感谢您的理解祝您生活愉快,2026-09-08 10:32:18
R202609000883,O202609007177,U10360,P10005,5,颜色正没有色差穿着舒服,2026-09-11 14:35:52,否,,2,28,,
R202609000884,O202609008713,U10307,P10016,4,绘本内容不错孩子很喜欢,2026-09-05 17:41:30,否,,3,47,已收到您的反馈我们会尽快处理,2026-09-05 21:41:30
R202609000885,O202609006868,U10493,P10014,3,东西还行就是发货慢了点,2026-09-09 08:47:21,否,,1,18,,
R202609000886,O202609003615,U10136,P10012,4,保温效果很好外观也漂亮物流很快,2026-09-13 10:41:30,否,,2,19,感谢您的认可欢迎下次光临,2026-09-13 15:41:30
R202609000887,O202609003838,U10209,P10011,4,绘本内容不错孩子很喜欢,2026-09-11 00:34:14,是,用了一段时间来追评确实不错,0,26,感谢您的认可欢迎下次光临,2026-09-11 04:34:14
R202609000888,O202609002065,U10268,P10011,2,收到货发现有瑕疵要求换货,2026-09-11 10:54:31,否,,3,25,,
R202609000889,O202609006858,U10435,P10012,4,手机性价比超高续航一天没问题推荐购买,2026-09-12 10:38:28,是,追评：质量比预期好,0,29,感谢您的理解祝您生活愉快,2026-09-12 14:38:28
R202609000890,O202609006499,U10367,P10006,5,手机性价比超高续航一天没问题推荐购买,2026-09-14 10:29:13,是,追评：质量比预期好,2,20,非常抱歉给您带来不好的体验我们会改进,2026-09-14 11:29:13
R202609000891,O202609001334,U10479,P10018,5,颜色正没有色差穿着舒服,2026-09-14 22:49:52,否,,2,27,,
R202609000892,O202609006986,U10214,P10007,4,物流超快第二天就到了包装完好,2026-09-10 12:37:18,否,,1,43,感谢您的认可欢迎下次光临,2026-09-10 13:37:18
R202609000893,O202609006220,U10366,P10001,1,客服态度恶劣不理人,2026-09-05 14:19:21,否,,0,27,,
R202609000894,O202609008109,U10396,P10005,5,手机性价比超高续航一天没问题推荐购买,2026-09-10 19:31:55,否,,0,50,已收到您的反馈我们会尽快处理,2026-09-10 23:31:55
R202609000895,O202609005894,U10312,P10020,4,颜色正没有色差穿着舒服,2026-09-06 23:52:30,否,,2,41,已收到您的反馈我们会尽快处理,2026-09-07 04:52:30
R202609000896,O202609002336,U10291,P10006,3,东西还行就是发货慢了点,2026-09-08 04:09:45,否,,1,11,已收到您的反馈我们会尽快处理,2026-09-08 06:09:45
R202609000897,O202609006745,U10030,P10020,2,鞋子偏小一码穿了半天脚疼,2026-09-07 17:01:24,是,用了一段时间来追评确实不错,1,26,非常抱歉给您带来不好的体验我们会改进,2026-09-07 20:01:24
R202609000898,O202609001313,U10265,P10001,4,绘本内容不错孩子很喜欢,2026-09-09 06:49:41,是,用了一段时间来追评确实不错,2,19,感谢您的理解祝您生活愉快,2026-09-09 09:49:41
R202609000899,O202609001298,U10466,P10006,5,绘本内容不错孩子很喜欢,2026-09-09 00:00:47,是,售后处理很快满意,2,31,非常抱歉给您带来不好的体验我们会改进,2026-09-09 05:00:47
R202609000900,O202609000194,U10335,P10016,5,绘本内容不错孩子很喜欢,2026-09-08 22:02:56,否,,1,9,感谢您的理解祝您生活愉快,2026-09-09 01:02:56
R202609000901,O202609002024,U10354,P10014,4,质量很好做工精细值得购买,2026-09-14 02:34:28,否,,2,17,感谢您的认可欢迎下次光临,2026-09-14 03:34:28
R202609000902,O202609007567,U10063,P10003,3,质量凑合对得起这个价格,2026-09-08 10:04:05,否,,2,3,已收到您的反馈我们会尽快处理,2026-09-08 13:04:05
R202609000903,O202609008286,U10400,P10006,3,包装有点简陋东西没问题,2026-09-09 00:43:06,否,,0,47,感谢您的理解祝您生活愉快,2026-09-09 02:43:06
R202609000904,O202609005495,U10463,P10016,1,物流慢得要死等了一周,2026-09-07 03:43:32,是,追评：发现了一些问题希望改进,1,17,感谢您的理解祝您生活愉快,2026-09-07 05:43:32
R202609000905,O202609005937,U10221,P10018,5,物流超快第二天就到了包装完好,2026-09-10 10:37:28,否,,1,0,,
R202609000906,O202609003357,U10478,P10002,3,包装有点简陋东西没问题,2026-09-14 04:21:57,否,,2,3,,
R202609000907,O202609000349,U10123,P10006,4,保温效果很好外观也漂亮物流很快,2026-09-07 06:55:24,否,,0,17,感谢您的理解祝您生活愉快,2026-09-07 07:55:24
R202609000908,O202609007413,U10078,P10004,5,物流超快第二天就到了包装完好,2026-09-07 00:59:41,是,追评：发现了一些问题希望改进,3,6,已收到您的反馈我们会尽快处理,2026-09-07 01:59:41
R202609000909,O202609000575,U10460,P10008,3,一般般吧没有想象中好,2026-09-08 07:30:43,否,,3,50,已收到您的反馈我们会尽快处理,2026-09-08 09:30:43
R202609000910,O202609008620,U10497,P10010,5,客服态度好有问必答点赞,2026-09-10 10:53:21,否,,1,41,感谢您的认可欢迎下次光临,2026-09-10 13:53:21
R202609000911,O202609003674,U10175,P10003,4,手机性价比超高续航一天没问题推荐购买,2026-09-14 10:57:27,是,追评：发现了一些问题希望改进,3,28,已收到您的反馈我们会尽快处理,2026-09-14 13:57:27
R202609000912,O202609006574,U10398,P10002,3,东西还行就是发货慢了点,2026-09-09 18:01:36,否,,1,20,,
R202609000913,O202609001267,U10198,P10002,4,价格实惠比实体店便宜很多,2026-09-07 01:04:39,否,,2,3,,
R202609000914,O202609000033,U10185,P10013,5,价格实惠比实体店便宜很多,2026-09-14 14:56:21,否,,0,2,非常抱歉给您带来不好的体验我们会改进,2026-09-14 18:56:21
R202609000915,O202609005896,U10149,P10017,4,保温效果很好外观也漂亮物流很快,2026-09-12 00:05:35,否,,0,36,,
R202609000916,O202609008483,U10030,P10002,3,包装有点简陋东西没问题,2026-09-10 23:09:31,否,,2,19,非常抱歉给您带来不好的体验我们会改进,2026-09-11 04:09:31
R202609000917,O202609000781,U10291,P10016,3,东西还行就是发货慢了点,2026-09-08 16:32:28,否,,0,7,已收到您的反馈我们会尽快处理,2026-09-08 18:32:28
R202609000918,O202609004937,U10181,P10016,5,颜色正没有色差穿着舒服,2026-09-09 09:21:18,否,,0,9,,
R202609000919,O202609009029,U10084,P10006,3,一般般吧没有想象中好,2026-09-12 17:38:41,是,售后处理很快满意,0,29,感谢您的理解祝您生活愉快,2026-09-12 18:38:41
R202609000920,O202609006761,U10213,P10009,3,东西还行就是发货慢了点,2026-09-10 06:27:04,是,追评：质量比预期好,2,43,非常抱歉给您带来不好的体验我们会改进,2026-09-10 10:27:04
R202609000921,O202609004288,U10374,P10020,4,价格实惠比实体店便宜很多,2026-09-10 23:33:39,否,,1,22,感谢您的理解祝您生活愉快,2026-09-11 04:33:39
R202609000922,O202609001107,U10403,P10009,5,手机性价比超高续航一天没问题推荐购买,2026-09-11 06:22:32,否,,2,50,感谢您的理解祝您生活愉快,2026-09-11 09:22:32
R202609000923,O202609006473,U10099,P10001,4,手机性价比超高续航一天没问题推荐购买,2026-09-12 09:00:41,是,追评：质量比预期好,2,17,,
R202609000924,O202609005956,U10412,P10001,5,客服态度好有问必答点赞,2026-09-14 16:58:51,是,用了一段时间来追评确实不错,0,21,感谢您的认可欢迎下次光临,2026-09-14 18:58:51
R202609000925,O202609003650,U10109,P10009,5,绘本内容不错孩子很喜欢,2026-09-12 22:11:27,是,用了一段时间来追评确实不错,0,12,非常抱歉给您带来不好的体验我们会改进,2026-09-13 01:11:27
R202609000926,O202609001167,U10074,P10003,4,绘本内容不错孩子很喜欢,2026-09-12 16:41:36,否,,2,24,感谢您的理解祝您生活愉快,2026-09-12 18:41:36
R202609000927,O202609005851,U10457,P10020,4,质量很好做工精细值得购买,2026-09-11 21:15:03,否,,1,21,感谢您的认可欢迎下次光临,2026-09-11 23:15:03
R202609000928,O202609009687,U10073,P10011,5,质量很好做工精细值得购买,2026-09-05 22:50:12,否,,3,47,,
R202609000929,O202609008614,U10157,P10020,5,保温效果很好外观也漂亮物流很快,2026-09-14 04:01:29,否,,0,49,,
R202609000930,O202609004209,U10086,P10001,4,绘本内容不错孩子很喜欢,2026-09-10 07:48:16,否,,1,19,,
R202609000931,O202609007260,U10457,P10002,4,手机性价比超高续航一天没问题推荐购买,2026-09-06 00:59:32,是,追评：质量比预期好,1,38,感谢您的认可欢迎下次光临,2026-09-06 02:59:32
R202609000932,O202609003235,U10322,P10012,4,绘本内容不错孩子很喜欢,2026-09-07 06:25:33,是,追评：发现了一些问题希望改进,2,11,感谢您的理解祝您生活愉快,2026-09-07 09:25:33
R202609000933,O202609007303,U10163,P10005,5,物流超快第二天就到了包装完好,2026-09-14 09:55:20,否,,1,24,感谢您的理解祝您生活愉快,2026-09-14 13:55:20
R202609000934,O202609005945,U10195,P10005,4,物流超快第二天就到了包装完好,2026-09-11 08:37:27,是,追评：发现了一些问题希望改进,2,33,非常抱歉给您带来不好的体验我们会改进,2026-09-11 09:37:27
R202609000935,O202609000935,U10230,P10017,1,鞋子偏小一码穿了半天脚疼,2026-09-12 02:54:59,否,,2,35,感谢您的认可欢迎下次光临,2026-09-12 03:54:59
R202609000936,O202609009943,U10428,P10011,5,颜色正没有色差穿着舒服,2026-09-10 00:09:42,否,,1,12,感谢您的认可欢迎下次光临,2026-09-10 05:09:42
R202609000937,O202609007470,U10054,P10008,4,手机性价比超高续航一天没问题推荐购买,2026-09-05 20:27:54,否,,2,21,感谢您的认可欢迎下次光临,2026-09-05 23:27:54
R202609000938,O202609002854,U10167,P10004,3,一般般吧没有想象中好,2026-09-14 05:17:17,否,,0,24,感谢您的理解祝您生活愉快,2026-09-14 06:17:17
R202609000939,O202609004006,U10167,P10019,4,绘本内容不错孩子很喜欢,2026-09-10 23:35:01,是,售后处理很快满意,3,18,非常抱歉给您带来不好的体验我们会改进,2026-09-11 01:35:01
R202609000940,O202609004195,U10054,P10020,5,客服态度好有问必答点赞,2026-09-06 16:46:21,否,,3,23,已收到您的反馈我们会尽快处理,2026-09-06 18:46:21
R202609000941,O202609007691,U10155,P10018,4,绘本内容不错孩子很喜欢,2026-09-09 16:54:56,是,追评：发现了一些问题希望改进,1,0,感谢您的理解祝您生活愉快,2026-09-09 17:54:56
R202609000942,O202609001511,U10353,P10008,2,用了两天就坏了质量太差,2026-09-09 17:37:57,否,,1,29,非常抱歉给您带来不好的体验我们会改进,2026-09-09 21:37:57
R202609000943,O202609006701,U10034,P10005,5,客服态度好有问必答点赞,2026-09-06 07:16:52,否,,0,21,感谢您的认可欢迎下次光临,2026-09-06 08:16:52
R202609000944,O202609008722,U10452,P10007,3,一般般吧没有想象中好,2026-09-09 10:29:35,是,用了一段时间来追评确实不错,2,11,,
R202609000945,O202609006704,U10003,P10011,3,一般般吧没有想象中好,2026-09-11 04:36:45,是,追评：发现了一些问题希望改进,3,12,非常抱歉给您带来不好的体验我们会改进,2026-09-11 09:36:45
R202609000946,O202609004834,U10382,P10017,4,质量很好做工精细值得购买,2026-09-12 01:53:51,是,售后处理很快满意,3,30,,
R202609000947,O202609008887,U10274,P10005,3,一般般吧没有想象中好,2026-09-11 21:59:58,否,,2,14,已收到您的反馈我们会尽快处理,2026-09-11 23:59:58
R202609000948,O202609006920,U10091,P10011,4,绘本内容不错孩子很喜欢,2026-09-12 23:20:44,否,,1,16,已收到您的反馈我们会尽快处理,2026-09-13 04:20:44
R202609000949,O202609001523,U10228,P10014,3,东西还行就是发货慢了点,2026-09-09 19:49:59,是,用了一段时间来追评确实不错,2,25,,
R202609000950,O202609007751,U10333,P10017,4,物流超快第二天就到了包装完好,2026-09-08 12:20:23,否,,1,25,感谢您的理解祝您生活愉快,2026-09-08 16:20:23
R202609000951,O202609000966,U10354,P10004,1,物流慢得要死等了一周,2026-09-05 18:35:55,否,,2,14,非常抱歉给您带来不好的体验我们会改进,2026-09-05 19:35:55
R202609000952,O202609002635,U10163,P10014,2,客服态度恶劣不理人,2026-09-05 06:33:19,否,,2,38,感谢您的理解祝您生活愉快,2026-09-05 09:33:19
R202609000953,O202609006440,U10496,P10011,3,包装有点简陋东西没问题,2026-09-14 23:39:04,否,,0,25,非常抱歉给您带来不好的体验我们会改进,2026-09-15 04:39:04
R202609000954,O202609007260,U10294,P10001,5,绘本内容不错孩子很喜欢,2026-09-07 22:27:02,否,,0,32,,
R202609000955,O202609002752,U10263,P10012,3,东西还行就是发货慢了点,2026-09-06 06:49:07,否,,2,37,已收到您的反馈我们会尽快处理,2026-09-06 08:49:07
R202609000956,O202609009916,U10414,P10011,5,物流超快第二天就到了包装完好,2026-09-08 09:29:16,否,,2,35,,
R202609000957,O202609007440,U10416,P10018,5,绘本内容不错孩子很喜欢,2026-09-07 00:03:15,是,售后处理很快满意,1,3,感谢您的理解祝您生活愉快,2026-09-07 01:03:15
R202609000958,O202609003810,U10373,P10005,4,手机性价比超高续航一天没问题推荐购买,2026-09-07 07:03:56,否,,3,17,,
R202609000959,O202609008091,U10267,P10016,4,绘本内容不错孩子很喜欢,2026-09-06 20:30:20,否,,1,50,,
R202609000960,O202609003124,U10446,P10010,1,收到货发现有瑕疵要求换货,2026-09-14 03:16:22,否,,2,33,,
R202609000961,O202609006854,U10066,P10015,1,鞋子偏小一码穿了半天脚疼,2026-09-12 21:33:57,否,,2,1,感谢您的认可欢迎下次光临,2026-09-13 02:33:57
R202609000962,O202609007308,U10477,P10012,5,客服态度好有问必答点赞,2026-09-10 00:25:39,否,,2,8,,
R202609000963,O202609006117,U10447,P10010,5,物流超快第二天就到了包装完好,2026-09-09 19:31:08,是,用了一段时间来追评确实不错,3,31,感谢您的认可欢迎下次光临,2026-09-10 00:31:08
R202609000964,O202609008817,U10018,P10003,4,颜色正没有色差穿着舒服,2026-09-06 12:43:15,否,,1,33,感谢您的认可欢迎下次光临,2026-09-06 16:43:15
R202609000965,O202609001493,U10329,P10012,5,物流超快第二天就到了包装完好,2026-09-08 18:23:17,否,,2,44,已收到您的反馈我们会尽快处理,2026-09-08 22:23:17
R202609000966,O202609001094,U10005,P10002,3,包装有点简陋东西没问题,2026-09-14 16:51:05,否,,1,23,,
R202609000967,O202609005690,U10055,P10012,4,物流超快第二天就到了包装完好,2026-09-10 08:06:29,否,,0,12,已收到您的反馈我们会尽快处理,2026-09-10 13:06:29
R202609000968,O202609007686,U10049,P10014,4,价格实惠比实体店便宜很多,2026-09-10 03:57:05,否,,2,11,,
R202609000969,O202609002083,U10347,P10009,2,跟描述完全不符要求退货,2026-09-13 21:54:51,否,,3,35,,
R202609000970,O202609005130,U10091,P10008,3,一般般吧没有想象中好,2026-09-06 12:46:10,否,,0,39,非常抱歉给您带来不好的体验我们会改进,2026-09-06 16:46:10
R202609000971,O202609008650,U10034,P10015,5,颜色正没有色差穿着舒服,2026-09-06 21:41:34,否,,3,41,非常抱歉给您带来不好的体验我们会改进,2026-09-07 01:41:34
R202609000972,O202609000279,U10030,P10013,4,保温效果很好外观也漂亮物流很快,2026-09-12 09:04:36,否,,0,41,感谢您的理解祝您生活愉快,2026-09-12 13:04:36
R202609000973,O202609005926,U10170,P10010,1,客服态度恶劣不理人,2026-09-12 01:45:38,否,,0,6,感谢您的理解祝您生活愉快,2026-09-12 04:45:38
R202609000974,O202609004374,U10385,P10011,5,质量很好做工精细值得购买,2026-09-11 22:54:28,否,,0,18,,
R202609000975,O202609004199,U10315,P10008,3,一般般吧没有想象中好,2026-09-07 06:21:05,是,售后处理很快满意,3,13,已收到您的反馈我们会尽快处理,2026-09-07 07:21:05
R202609000976,O202609002887,U10484,P10001,4,质量很好做工精细值得购买,2026-09-07 13:59:20,否,,3,31,,
R202609000977,O202609001232,U10449,P10020,3,东西还行就是发货慢了点,2026-09-10 00:58:00,是,售后处理很快满意,2,48,感谢您的认可欢迎下次光临,2026-09-10 03:58:00
R202609000978,O202609007728,U10011,P10005,5,物流超快第二天就到了包装完好,2026-09-10 10:18:59,否,,3,41,非常抱歉给您带来不好的体验我们会改进,2026-09-10 14:18:59
R202609000979,O202609004887,U10451,P10016,5,物流超快第二天就到了包装完好,2026-09-11 16:53:48,是,追评：质量比预期好,3,48,非常抱歉给您带来不好的体验我们会改进,2026-09-11 17:53:48
R202609000980,O202609009283,U10084,P10013,5,手机性价比超高续航一天没问题推荐购买,2026-09-08 17:55:07,否,,2,10,,
R202609000981,O202609003077,U10140,P10015,5,质量很好做工精细值得购买,2026-09-13 01:06:51,否,,2,50,,
R202609000982,O202609007841,U10059,P10017,5,客服态度好有问必答点赞,2026-09-09 23:13:25,是,售后处理很快满意,1,26,,
R202609000983,O202609008359,U10212,P10017,1,用了两天就坏了质量太差,2026-09-10 04:39:21,否,,0,8,感谢您的理解祝您生活愉快,2026-09-10 09:39:21
R202609000984,O202609007391,U10472,P10002,4,质量很好做工精细值得购买,2026-09-10 07:47:28,否,,1,34,感谢您的理解祝您生活愉快,2026-09-10 09:47:28
R202609000985,O202609006564,U10237,P10007,5,保温效果很好外观也漂亮物流很快,2026-09-06 12:01:50,否,,3,31,,
R202609000986,O202609006666,U10285,P10012,5,绘本内容不错孩子很喜欢,2026-09-09 05:24:39,否,,1,50,感谢您的认可欢迎下次光临,2026-09-09 06:24:39
R202609000987,O202609002640,U10149,P10011,4,物流超快第二天就到了包装完好,2026-09-13 16:05:47,否,,0,44,感谢您的理解祝您生活愉快,2026-09-13 18:05:47
R202609000988,O202609007376,U10339,P10020,1,鞋子偏小一码穿了半天脚疼,2026-09-13 05:34:16,是,用了一段时间来追评确实不错,2,2,已收到您的反馈我们会尽快处理,2026-09-13 06:34:16
R202609000989,O202609006252,U10499,P10018,5,绘本内容不错孩子很喜欢,2026-09-06 12:39:57,否,,0,14,非常抱歉给您带来不好的体验我们会改进,2026-09-06 17:39:57
R202609000990,O202609002912,U10456,P10014,5,质量很好做工精细值得购买,2026-09-13 08:07:02,是,售后处理很快满意,1,31,感谢您的认可欢迎下次光临,2026-09-13 10:07:02
R202609000991,O202609006699,U10189,P10006,3,包装有点简陋东西没问题,2026-09-08 21:50:15,否,,3,21,已收到您的反馈我们会尽快处理,2026-09-09 01:50:15
R202609000992,O202609001845,U10106,P10011,5,手机性价比超高续航一天没问题推荐购买,2026-09-07 12:46:17,是,售后处理很快满意,0,3,已收到您的反馈我们会尽快处理,2026-09-07 17:46:17
R202609000993,O202609000223,U10169,P10014,5,客服态度好有问必答点赞,2026-09-08 03:22:47,否,,3,19,,
R202609000994,O202609006243,U10026,P10008,3,质量凑合对得起这个价格,2026-09-12 13:57:35,否,,0,25,感谢您的理解祝您生活愉快,2026-09-12 16:57:35
R202609000995,O202609003051,U10341,P10020,4,颜色正没有色差穿着舒服,2026-09-06 21:56:02,否,,2,43,,
R202609000996,O202609006784,U10487,P10016,1,收到货发现有瑕疵要求换货,2026-09-12 16:48:08,否,,2,41,非常抱歉给您带来不好的体验我们会改进,2026-09-12 17:48:08
R202609000997,O202609003017,U10295,P10001,3,一般般吧没有想象中好,2026-09-12 23:12:18,否,,2,40,,
R202609000998,O202609007019,U10388,P10019,4,质量很好做工精细值得购买,2026-09-08 17:06:32,是,用了一段时间来追评确实不错,1,50,感谢您的理解祝您生活愉快,2026-09-08 18:06:32
R202609000999,O202609008664,U10238,P10017,4,质量很好做工精细值得购买,2026-09-07 10:26:23,否,,3,7,感谢您的认可欢迎下次光临,2026-09-07 15:26:23
R202609001000,O202609003031,U10378,P10012,5,客服态度好有问必答点赞,2026-09-06 00:49:14,否,,1,19,,
R202609001001,O202609000589,U10246,P10002,5,保温效果很好外观也漂亮物流很快,2026-09-13 18:27:39,否,,1,12,,
R202609001002,O202609004919,U10298,P10012,5,保温效果很好外观也漂亮物流很快,2026-09-08 15:14:39,否,,2,2,,
R202609001003,O202609002840,U10399,P10019,1,物流慢得要死等了一周,2026-09-14 03:06:21,否,,1,30,非常抱歉给您带来不好的体验我们会改进,2026-09-14 05:06:21
R202609001004,O202609005222,U10220,P10012,1,物流慢得要死等了一周,2026-09-11 04:40:38,是,追评：质量比预期好,0,33,,
R202609001005,O202609008737,U10404,P10018,2,用了两天就坏了质量太差,2026-09-10 17:35:58,否,,0,38,感谢您的理解祝您生活愉快,2026-09-10 22:35:58
R202609001006,O202609001959,U10386,P10018,5,颜色正没有色差穿着舒服,2026-09-05 18:25:59,否,,1,13,非常抱歉给您带来不好的体验我们会改进,2026-09-05 21:25:59
R202609001007,O202609006167,U10037,P10015,3,质量凑合对得起这个价格,2026-09-09 19:16:35,否,,3,23,非常抱歉给您带来不好的体验我们会改进,2026-09-09 22:16:35
R202609001008,O202609005891,U10276,P10014,3,东西还行就是发货慢了点,2026-09-12 13:27:17,否,,3,46,非常抱歉给您带来不好的体验我们会改进,2026-09-12 15:27:17
R202609001009,O202609007741,U10197,P10014,1,用了两天就坏了质量太差,2026-09-08 11:15:39,否,,3,4,感谢您的认可欢迎下次光临,2026-09-08 12:15:39
R202609001010,O202609004349,U10331,P10002,3,一般般吧没有想象中好,2026-09-05 01:13:53,是,用了一段时间来追评确实不错,2,34,感谢您的认可欢迎下次光临,2026-09-05 03:13:53
R202609001011,O202609001297,U10054,P10006,5,绘本内容不错孩子很喜欢,2026-09-10 12:45:52,否,,0,49,已收到您的反馈我们会尽快处理,2026-09-10 17:45:52
R202609001012,O202609000026,U10430,P10018,4,质量很好做工精细值得购买,2026-09-06 22:16:57,否,,0,10,感谢您的理解祝您生活愉快,2026-09-07 01:16:57
R202609001013,O202609007730,U10308,P10008,3,包装有点简陋东西没问题,2026-09-07 12:22:06,否,,1,42,已收到您的反馈我们会尽快处理,2026-09-07 16:22:06
R202609001014,O202609007348,U10066,P10012,4,客服态度好有问必答点赞,2026-09-06 00:25:16,否,,2,12,已收到您的反馈我们会尽快处理,2026-09-06 03:25:16
R202609001015,O202609000841,U10333,P10001,5,客服态度好有问必答点赞,2026-09-06 13:44:17,否,,3,20,,
R202609001016,O202609002753,U10037,P10018,3,包装有点简陋东西没问题,2026-09-07 12:17:09,否,,3,26,感谢您的理解祝您生活愉快,2026-09-07 14:17:09
R202609001017,O202609002294,U10238,P10001,2,客服态度恶劣不理人,2026-09-06 12:30:40,否,,0,26,,
R202609001018,O202609008149,U10050,P10018,1,客服态度恶劣不理人,2026-09-08 12:06:12,否,,2,33,已收到您的反馈我们会尽快处理,2026-09-08 16:06:12
R202609001019,O202609001793,U10248,P10014,5,颜色正没有色差穿着舒服,2026-09-07 17:20:50,否,,3,2,,
R202609001020,O202609006682,U10377,P10014,4,颜色正没有色差穿着舒服,2026-09-13 07:18:42,否,,2,9,,
R202609001021,O202609007174,U10368,P10002,4,保温效果很好外观也漂亮物流很快,2026-09-10 20:13:07,否,,1,40,已收到您的反馈我们会尽快处理,2026-09-10 23:13:07
R202609001022,O202609009178,U10239,P10020,3,质量凑合对得起这个价格,2026-09-12 22:45:03,否,,2,16,非常抱歉给您带来不好的体验我们会改进,2026-09-13 03:45:03
R202609001023,O202609002368,U10015,P10017,3,质量凑合对得起这个价格,2026-09-10 16:43:27,否,,2,47,感谢您的理解祝您生活愉快,2026-09-10 18:43:27
R202609001024,O202609009303,U10317,P10005,4,绘本内容不错孩子很喜欢,2026-09-06 06:12:45,否,,2,23,感谢您的理解祝您生活愉快,2026-09-06 07:12:45
R202609001025,O202609000537,U10117,P10003,4,质量很好做工精细值得购买,2026-09-12 17:31:47,是,用了一段时间来追评确实不错,0,22,,
R202609001026,O202609001577,U10291,P10002,5,质量很好做工精细值得购买,2026-09-06 17:42:24,否,,0,45,,
R202609001027,O202609006924,U10061,P10016,3,一般般吧没有想象中好,2026-09-07 08:16:30,否,,2,30,已收到您的反馈我们会尽快处理,2026-09-07 12:16:30
R202609001028,O202609009533,U10425,P10009,5,绘本内容不错孩子很喜欢,2026-09-10 10:57:58,否,,2,34,已收到您的反馈我们会尽快处理,2026-09-10 14:57:58
R202609001029,O202609000361,U10500,P10011,3,东西还行就是发货慢了点,2026-09-09 09:12:12,否,,0,5,感谢您的理解祝您生活愉快,2026-09-09 12:12:12
R202609001030,O202609005667,U10180,P10004,3,一般般吧没有想象中好,2026-09-13 16:54:29,否,,0,31,,
R202609001031,O202609007986,U10221,P10011,5,颜色正没有色差穿着舒服,2026-09-14 19:31:37,否,,3,27,非常抱歉给您带来不好的体验我们会改进,2026-09-14 23:31:37
R202609001032,O202609003067,U10389,P10007,2,用了两天就坏了质量太差,2026-09-07 10:47:56,否,,1,37,,
R202609001033,O202609004250,U10474,P10009,5,保温效果很好外观也漂亮物流很快,2026-09-05 20:42:15,是,用了一段时间来追评确实不错,2,8,非常抱歉给您带来不好的体验我们会改进,2026-09-06 01:42:15
R202609001034,O202609004921,U10219,P10019,4,手机性价比超高续航一天没问题推荐购买,2026-09-14 20:06:40,是,追评：质量比预期好,2,6,已收到您的反馈我们会尽快处理,2026-09-14 22:06:40
R202609001035,O202609004632,U10449,P10019,4,保温效果很好外观也漂亮物流很快,2026-09-09 17:31:35,否,,1,40,已收到您的反馈我们会尽快处理,2026-09-09 22:31:35
R202609001036,O202609007384,U10056,P10015,5,客服态度好有问必答点赞,2026-09-06 11:02:59,否,,0,14,已收到您的反馈我们会尽快处理,2026-09-06 12:02:59
R202609001037,O202609006668,U10027,P10001,4,绘本内容不错孩子很喜欢,2026-09-14 18:07:02,否,,0,50,感谢您的理解祝您生活愉快,2026-09-14 23:07:02
R202609001038,O202609007711,U10078,P10008,5,质量很好做工精细值得购买,2026-09-07 05:04:16,否,,1,41,非常抱歉给您带来不好的体验我们会改进,2026-09-07 09:04:16
R202609001039,O202609006380,U10462,P10019,4,质量很好做工精细值得购买,2026-09-11 13:04:52,否,,3,18,非常抱歉给您带来不好的体验我们会改进,2026-09-11 18:04:52
R202609001040,O202609003242,U10144,P10018,5,质量很好做工精细值得购买,2026-09-14 21:57:48,是,用了一段时间来追评确实不错,2,45,,
R202609001041,O202609000138,U10402,P10018,4,绘本内容不错孩子很喜欢,2026-09-06 17:57:32,是,追评：发现了一些问题希望改进,2,22,非常抱歉给您带来不好的体验我们会改进,2026-09-06 21:57:32
R202609001042,O202609007494,U10132,P10006,5,质量很好做工精细值得购买,2026-09-07 22:34:41,否,,1,31,已收到您的反馈我们会尽快处理,2026-09-08 03:34:41
R202609001043,O202609007318,U10470,P10014,4,物流超快第二天就到了包装完好,2026-09-09 09:00:28,否,,2,47,感谢您的认可欢迎下次光临,2026-09-09 14:00:28
R202609001044,O202609002847,U10356,P10017,4,颜色正没有色差穿着舒服,2026-09-12 20:41:39,否,,2,26,感谢您的理解祝您生活愉快,2026-09-13 00:41:39
R202609001045,O202609001007,U10163,P10010,4,价格实惠比实体店便宜很多,2026-09-05 09:51:06,否,,1,33,,
R202609001046,O202609004998,U10256,P10014,4,质量很好做工精细值得购买,2026-09-09 09:41:55,否,,0,36,已收到您的反馈我们会尽快处理,2026-09-09 12:41:55
R202609001047,O202609005103,U10386,P10003,4,质量很好做工精细值得购买,2026-09-05 10:32:24,是,追评：质量比预期好,1,26,非常抱歉给您带来不好的体验我们会改进,2026-09-05 15:32:24
R202609001048,O202609006099,U10165,P10015,4,保温效果很好外观也漂亮物流很快,2026-09-06 06:43:04,否,,3,40,,
R202609001049,O202609009882,U10183,P10012,3,包装有点简陋东西没问题,2026-09-05 22:06:57,否,,2,30,,
R202609001050,O202609008105,U10393,P10018,3,一般般吧没有想象中好,2026-09-06 18:28:39,否,,0,7,已收到您的反馈我们会尽快处理,2026-09-06 19:28:39
R202609001051,O202609006742,U10221,P10005,1,鞋子偏小一码穿了半天脚疼,2026-09-06 18:18:44,否,,3,15,已收到您的反馈我们会尽快处理,2026-09-06 22:18:44
R202609001052,O202609009462,U10325,P10003,4,绘本内容不错孩子很喜欢,2026-09-09 16:07:38,否,,3,26,感谢您的认可欢迎下次光临,2026-09-09 18:07:38
R202609001053,O202609004884,U10420,P10013,3,质量凑合对得起这个价格,2026-09-13 17:27:43,否,,1,40,感谢您的认可欢迎下次光临,2026-09-13 18:27:43
R202609001054,O202609005981,U10117,P10004,4,客服态度好有问必答点赞,2026-09-09 14:19:22,是,售后处理很快满意,0,24,非常抱歉给您带来不好的体验我们会改进,2026-09-09 16:19:22
R202609001055,O202609004517,U10080,P10003,5,客服态度好有问必答点赞,2026-09-07 06:37:07,否,,1,3,非常抱歉给您带来不好的体验我们会改进,2026-09-07 09:37:07
R202609001056,O202609005628,U10247,P10017,5,保温效果很好外观也漂亮物流很快,2026-09-08 03:13:16,否,,2,14,已收到您的反馈我们会尽快处理,2026-09-08 08:13:16
R202609001057,O202609005861,U10375,P10016,1,物流慢得要死等了一周,2026-09-07 07:56:46,是,用了一段时间来追评确实不错,1,8,感谢您的认可欢迎下次光临,2026-09-07 08:56:46
R202609001058,O202609004287,U10053,P10007,3,质量凑合对得起这个价格,2026-09-07 19:20:07,否,,2,22,感谢您的理解祝您生活愉快,2026-09-07 23:20:07
R202609001059,O202609000736,U10269,P10003,5,物流超快第二天就到了包装完好,2026-09-11 13:59:22,否,,2,29,,
R202609001060,O202609003622,U10403,P10012,5,手机性价比超高续航一天没问题推荐购买,2026-09-06 19:49:04,否,,1,31,非常抱歉给您带来不好的体验我们会改进,2026-09-07 00:49:04
R202609001061,O202609007093,U10003,P10010,5,绘本内容不错孩子很喜欢,2026-09-12 09:07:06,否,,2,44,,
R202609001062,O202609002137,U10294,P10017,4,客服态度好有问必答点赞,2026-09-09 21:18:04,否,,1,23,感谢您的理解祝您生活愉快,2026-09-10 02:18:04
R202609001063,O202609009171,U10299,P10014,2,物流慢得要死等了一周,2026-09-12 03:36:32,否,,2,27,感谢您的理解祝您生活愉快,2026-09-12 05:36:32
R202609001064,O202609000159,U10063,P10002,2,跟描述完全不符要求退货,2026-09-06 02:36:12,否,,3,3,,
R202609001065,O202609009949,U10240,P10003,5,保温效果很好外观也漂亮物流很快,2026-09-11 06:17:28,否,,3,6,感谢您的认可欢迎下次光临,2026-09-11 11:17:28
R202609001066,O202609009479,U10124,P10016,5,颜色正没有色差穿着舒服,2026-09-11 23:15:24,否,,0,39,已收到您的反馈我们会尽快处理,2026-09-12 02:15:24
R202609001067,O202609001536,U10254,P10008,2,客服态度恶劣不理人,2026-09-14 22:05:57,否,,3,11,感谢您的认可欢迎下次光临,2026-09-15 03:05:57
R202609001068,O202609004663,U10489,P10011,5,颜色正没有色差穿着舒服,2026-09-13 10:33:17,否,,3,45,,
R202609001069,O202609000331,U10431,P10010,3,东西还行就是发货慢了点,2026-09-10 16:26:41,否,,1,17,,
R202609001070,O202609008468,U10447,P10002,4,物流超快第二天就到了包装完好,2026-09-14 17:56:11,否,,0,4,感谢您的认可欢迎下次光临,2026-09-14 18:56:11
R202609001071,O202609009431,U10162,P10010,4,绘本内容不错孩子很喜欢,2026-09-12 15:12:25,否,,3,23,感谢您的认可欢迎下次光临,2026-09-12 20:12:25
R202609001072,O202609003639,U10119,P10020,4,手机性价比超高续航一天没问题推荐购买,2026-09-09 10:02:22,否,,1,14,已收到您的反馈我们会尽快处理,2026-09-09 11:02:22
R202609001073,O202609009545,U10215,P10019,5,质量很好做工精细值得购买,2026-09-08 21:25:08,否,,0,45,已收到您的反馈我们会尽快处理,2026-09-08 23:25:08
R202609001074,O202609006339,U10032,P10009,4,价格实惠比实体店便宜很多,2026-09-13 15:20:00,否,,1,35,,
R202609001075,O202609009665,U10206,P10004,4,手机性价比超高续航一天没问题推荐购买,2026-09-13 04:21:01,否,,0,1,已收到您的反馈我们会尽快处理,2026-09-13 08:21:01
R202609001076,O202609001683,U10091,P10008,2,收到货发现有瑕疵要求换货,2026-09-14 11:24:26,是,用了一段时间来追评确实不错,2,6,,
R202609001077,O202609007965,U10218,P10006,5,质量很好做工精细值得购买,2026-09-11 13:44:07,是,用了一段时间来追评确实不错,2,28,已收到您的反馈我们会尽快处理,2026-09-11 14:44:07
R202609001078,O202609003801,U10235,P10003,5,保温效果很好外观也漂亮物流很快,2026-09-09 14:29:42,是,用了一段时间来追评确实不错,0,22,已收到您的反馈我们会尽快处理,2026-09-09 18:29:42
R202609001079,O202609004350,U10491,P10019,4,手机性价比超高续航一天没问题推荐购买,2026-09-08 05:11:45,否,,1,27,非常抱歉给您带来不好的体验我们会改进,2026-09-08 08:11:45
R202609001080,O202609005312,U10395,P10006,2,物流慢得要死等了一周,2026-09-05 18:12:04,否,,3,25,,
R202609001081,O202609001199,U10073,P10006,5,质量很好做工精细值得购买,2026-09-14 07:11:33,是,追评：发现了一些问题希望改进,2,22,,
R202609001082,O202609002241,U10433,P10012,5,质量很好做工精细值得购买,2026-09-09 14:46:45,是,售后处理很快满意,0,24,感谢您的认可欢迎下次光临,2026-09-09 18:46:45
R202609001083,O202609004996,U10180,P10008,2,用了两天就坏了质量太差,2026-09-08 07:28:47,否,,0,25,已收到您的反馈我们会尽快处理,2026-09-08 08:28:47
R202609001084,O202609008831,U10285,P10016,4,价格实惠比实体店便宜很多,2026-09-12 23:53:12,否,,1,24,已收到您的反馈我们会尽快处理,2026-09-13 01:53:12
R202609001085,O202609009265,U10232,P10008,1,收到货发现有瑕疵要求换货,2026-09-13 13:28:51,否,,0,48,,
R202609001086,O202609002433,U10343,P10002,4,颜色正没有色差穿着舒服,2026-09-05 05:19:53,是,用了一段时间来追评确实不错,0,44,已收到您的反馈我们会尽快处理,2026-09-05 07:19:53
R202609001087,O202609009159,U10405,P10003,5,客服态度好有问必答点赞,2026-09-14 20:30:01,否,,1,19,非常抱歉给您带来不好的体验我们会改进,2026-09-14 23:30:01
R202609001088,O202609003602,U10279,P10012,4,物流超快第二天就到了包装完好,2026-09-11 15:55:50,否,,0,19,,
R202609001089,O202609005888,U10249,P10014,1,跟描述完全不符要求退货,2026-09-14 09:59:49,否,,1,2,,
R202609001090,O202609000875,U10100,P10016,5,客服态度好有问必答点赞,2026-09-13 21:25:36,是,追评：发现了一些问题希望改进,1,14,非常抱歉给您带来不好的体验我们会改进,2026-09-13 23:25:36
R202609001091,O202609001346,U10233,P10018,4,客服态度好有问必答点赞,2026-09-06 02:22:49,是,追评：质量比预期好,1,40,感谢您的理解祝您生活愉快,2026-09-06 03:22:49
R202609001092,O202609007822,U10045,P10016,3,一般般吧没有想象中好,2026-09-09 14:14:26,否,,3,1,,
R202609001093,O202609008900,U10433,P10015,5,价格实惠比实体店便宜很多,2026-09-05 05:08:56,否,,3,42,,
R202609001094,O202609003594,U10368,P10004,4,颜色正没有色差穿着舒服,2026-09-06 05:13:47,否,,0,2,感谢您的认可欢迎下次光临,2026-09-06 10:13:47
R202609001095,O202609003821,U10213,P10011,3,包装有点简陋东西没问题,2026-09-11 05:38:32,否,,3,44,非常抱歉给您带来不好的体验我们会改进,2026-09-11 10:38:32
R202609001096,O202609001098,U10376,P10019,4,绘本内容不错孩子很喜欢,2026-09-09 00:51:08,否,,3,8,,
R202609001097,O202609000676,U10132,P10005,5,手机性价比超高续航一天没问题推荐购买,2026-09-12 19:05:16,否,,1,6,感谢您的理解祝您生活愉快,2026-09-12 22:05:16
R202609001098,O202609009702,U10029,P10008,2,跟描述完全不符要求退货,2026-09-09 03:58:20,是,用了一段时间来追评确实不错,2,42,感谢您的理解祝您生活愉快,2026-09-09 07:58:20
R202609001099,O202609004195,U10221,P10016,1,鞋子偏小一码穿了半天脚疼,2026-09-11 11:11:43,是,追评：质量比预期好,0,28,,
R202609001100,O202609005770,U10060,P10015,4,手机性价比超高续航一天没问题推荐购买,2026-09-06 09:57:59,否,,2,0,,
R202609001101,O202609009826,U10303,P10016,4,质量很好做工精细值得购买,2026-09-14 22:45:45,否,,0,46,感谢您的理解祝您生活愉快,2026-09-15 00:45:45
R202609001102,O202609006989,U10288,P10020,5,质量很好做工精细值得购买,2026-09-14 12:12:00,是,追评：质量比预期好,1,24,感谢您的认可欢迎下次光临,2026-09-14 13:12:00
R202609001103,O202609006952,U10450,P10010,5,手机性价比超高续航一天没问题推荐购买,2026-09-10 09:07:50,否,,1,50,,
R202609001104,O202609000863,U10319,P10014,3,质量凑合对得起这个价格,2026-09-07 01:36:34,否,,2,32,感谢您的认可欢迎下次光临,2026-09-07 02:36:34
R202609001105,O202609001131,U10099,P10008,4,物流超快第二天就到了包装完好,2026-09-11 09:01:38,否,,1,13,非常抱歉给您带来不好的体验我们会改进,2026-09-11 12:01:38
R202609001106,O202609008615,U10095,P10012,1,物流慢得要死等了一周,2026-09-11 06:27:01,否,,3,43,,
R202609001107,O202609007987,U10261,P10010,4,手机性价比超高续航一天没问题推荐购买,2026-09-08 11:46:15,否,,1,25,已收到您的反馈我们会尽快处理,2026-09-08 15:46:15
R202609001108,O202609007628,U10388,P10013,2,客服态度恶劣不理人,2026-09-11 04:51:12,否,,2,41,已收到您的反馈我们会尽快处理,2026-09-11 07:51:12
R202609001109,O202609009625,U10422,P10019,3,质量凑合对得起这个价格,2026-09-10 10:46:49,是,售后处理很快满意,2,47,感谢您的认可欢迎下次光临,2026-09-10 11:46:49
R202609001110,O202609003401,U10130,P10015,2,鞋子偏小一码穿了半天脚疼,2026-09-07 23:00:49,是,追评：发现了一些问题希望改进,0,20,非常抱歉给您带来不好的体验我们会改进,2026-09-08 00:00:49
R202609001111,O202609000834,U10151,P10017,4,手机性价比超高续航一天没问题推荐购买,2026-09-09 19:41:27,是,用了一段时间来追评确实不错,1,29,感谢您的认可欢迎下次光临,2026-09-10 00:41:27
R202609001112,O202609006717,U10128,P10019,3,质量凑合对得起这个价格,2026-09-08 11:13:55,否,,2,34,,
R202609001113,O202609004920,U10386,P10017,4,保温效果很好外观也漂亮物流很快,2026-09-07 18:09:34,否,,2,24,,
R202609001114,O202609000947,U10199,P10005,4,保温效果很好外观也漂亮物流很快,2026-09-06 11:37:18,否,,2,17,感谢您的理解祝您生活愉快,2026-09-06 12:37:18
R202609001115,O202609000531,U10071,P10012,4,物流超快第二天就到了包装完好,2026-09-09 20:27:53,否,,0,27,,
R202609001116,O202609005861,U10105,P10001,5,客服态度好有问必答点赞,2026-09-09 05:51:45,否,,3,0,感谢您的认可欢迎下次光临,2026-09-09 07:51:45
R202609001117,O202609006311,U10128,P10019,5,保温效果很好外观也漂亮物流很快,2026-09-06 12:44:49,否,,2,12,已收到您的反馈我们会尽快处理,2026-09-06 16:44:49
R202609001118,O202609003237,U10473,P10005,3,一般般吧没有想象中好,2026-09-11 18:24:25,否,,1,29,感谢您的认可欢迎下次光临,2026-09-11 23:24:25
R202609001119,O202609001827,U10445,P10013,5,质量很好做工精细值得购买,2026-09-06 15:18:22,否,,0,22,,
R202609001120,O202609009433,U10100,P10007,1,鞋子偏小一码穿了半天脚疼,2026-09-09 21:56:03,否,,2,14,已收到您的反馈我们会尽快处理,2026-09-10 02:56:03
R202609001121,O202609000008,U10336,P10013,1,用了两天就坏了质量太差,2026-09-12 04:39:13,否,,2,30,,
R202609001122,O202609000557,U10394,P10006,4,质量很好做工精细值得购买,2026-09-14 00:07:56,是,用了一段时间来追评确实不错,1,10,感谢您的理解祝您生活愉快,2026-09-14 01:07:56
R202609001123,O202609007546,U10439,P10008,1,用了两天就坏了质量太差,2026-09-10 05:23:12,否,,3,9,感谢您的认可欢迎下次光临,2026-09-10 07:23:12
R202609001124,O202609009066,U10309,P10016,5,物流超快第二天就到了包装完好,2026-09-08 18:06:09,否,,0,28,感谢您的认可欢迎下次光临,2026-09-08 19:06:09
R202609001125,O202609006691,U10171,P10003,3,包装有点简陋东西没问题,2026-09-14 05:57:10,否,,2,50,已收到您的反馈我们会尽快处理,2026-09-14 10:57:10
R202609001126,O202609001641,U10314,P10002,3,一般般吧没有想象中好,2026-09-05 21:25:44,否,,3,47,,
R202609001127,O202609009060,U10163,P10015,4,质量很好做工精细值得购买,2026-09-07 15:07:51,否,,3,43,感谢您的认可欢迎下次光临,2026-09-07 16:07:51
R202609001128,O202609005329,U10342,P10007,5,客服态度好有问必答点赞,2026-09-06 06:06:19,否,,3,3,,
R202609001129,O202609003669,U10264,P10011,3,质量凑合对得起这个价格,2026-09-11 15:35:56,是,售后处理很快满意,0,39,,
R202609001130,O202609000873,U10441,P10016,5,价格实惠比实体店便宜很多,2026-09-11 13:43:28,是,追评：质量比预期好,2,0,感谢您的认可欢迎下次光临,2026-09-11 16:43:28
R202609001131,O202609006577,U10326,P10005,5,价格实惠比实体店便宜很多,2026-09-11 04:05:43,否,,2,44,非常抱歉给您带来不好的体验我们会改进,2026-09-11 09:05:43
R202609001132,O202609004785,U10102,P10011,5,物流超快第二天就到了包装完好,2026-09-14 06:31:39,否,,0,23,非常抱歉给您带来不好的体验我们会改进,2026-09-14 10:31:39
R202609001133,O202609004158,U10155,P10017,4,绘本内容不错孩子很喜欢,2026-09-10 23:11:38,否,,2,1,非常抱歉给您带来不好的体验我们会改进,2026-09-11 00:11:38
R202609001134,O202609001256,U10187,P10011,5,客服态度好有问必答点赞,2026-09-14 10:40:18,否,,1,13,感谢您的理解祝您生活愉快,2026-09-14 13:40:18
R202609001135,O202609004136,U10353,P10001,3,东西还行就是发货慢了点,2026-09-08 04:16:08,是,售后处理很快满意,2,9,,
R202609001136,O202609003525,U10360,P10017,3,质量凑合对得起这个价格,2026-09-05 18:59:18,否,,0,10,,
R202609001137,O202609009536,U10060,P10018,4,物流超快第二天就到了包装完好,2026-09-06 13:20:24,是,追评：发现了一些问题希望改进,1,2,,
R202609001138,O202609003628,U10499,P10010,5,客服态度好有问必答点赞,2026-09-06 02:37:48,否,,0,35,感谢您的认可欢迎下次光临,2026-09-06 03:37:48
R202609001139,O202609002413,U10479,P10001,2,鞋子偏小一码穿了半天脚疼,2026-09-05 09:32:18,否,,1,16,已收到您的反馈我们会尽快处理,2026-09-05 14:32:18
R202609001140,O202609005300,U10006,P10003,3,东西还行就是发货慢了点,2026-09-13 05:06:49,否,,0,45,非常抱歉给您带来不好的体验我们会改进,2026-09-13 08:06:49
R202609001141,O202609006342,U10004,P10008,1,客服态度恶劣不理人,2026-09-14 14:36:14,否,,1,5,感谢您的认可欢迎下次光临,2026-09-14 15:36:14
R202609001142,O202609009642,U10490,P10006,4,手机性价比超高续航一天没问题推荐购买,2026-09-12 09:57:33,是,追评：质量比预期好,2,12,非常抱歉给您带来不好的体验我们会改进,2026-09-12 10:57:33
R202609001143,O202609009452,U10486,P10014,1,鞋子偏小一码穿了半天脚疼,2026-09-07 00:38:15,是,用了一段时间来追评确实不错,2,14,感谢您的认可欢迎下次光临,2026-09-07 04:38:15
R202609001144,O202609009860,U10057,P10003,5,质量很好做工精细值得购买,2026-09-05 00:02:44,否,,2,6,已收到您的反馈我们会尽快处理,2026-09-05 03:02:44
R202609001145,O202609006888,U10033,P10002,1,物流慢得要死等了一周,2026-09-14 08:41:28,否,,0,4,感谢您的认可欢迎下次光临,2026-09-14 09:41:28
R202609001146,O202609008277,U10098,P10016,4,物流超快第二天就到了包装完好,2026-09-08 21:51:27,否,,1,42,感谢您的认可欢迎下次光临,2026-09-09 00:51:27
R202609001147,O202609005586,U10013,P10012,5,质量很好做工精细值得购买,2026-09-06 18:44:38,否,,0,19,,
R202609001148,O202609008388,U10013,P10011,5,客服态度好有问必答点赞,2026-09-12 16:34:31,否,,0,47,感谢您的认可欢迎下次光临,2026-09-12 17:34:31
R202609001149,O202609003105,U10120,P10016,4,颜色正没有色差穿着舒服,2026-09-05 04:56:24,否,,1,18,感谢您的理解祝您生活愉快,2026-09-05 08:56:24
R202609001150,O202609009199,U10499,P10017,5,物流超快第二天就到了包装完好,2026-09-14 13:44:47,否,,1,38,非常抱歉给您带来不好的体验我们会改进,2026-09-14 18:44:47
R202609001151,O202609006618,U10119,P10011,3,一般般吧没有想象中好,2026-09-11 22:33:30,是,用了一段时间来追评确实不错,0,9,感谢您的认可欢迎下次光临,2026-09-12 02:33:30
R202609001152,O202609009801,U10121,P10003,3,质量凑合对得起这个价格,2026-09-07 03:01:21,否,,0,43,,
R202609001153,O202609009318,U10128,P10014,5,手机性价比超高续航一天没问题推荐购买,2026-09-06 16:07:47,否,,2,37,已收到您的反馈我们会尽快处理,2026-09-06 19:07:47
R202609001154,O202609000912,U10287,P10009,4,颜色正没有色差穿着舒服,2026-09-08 13:53:21,否,,2,38,感谢您的理解祝您生活愉快,2026-09-08 15:53:21
R202609001155,O202609007928,U10253,P10017,5,保温效果很好外观也漂亮物流很快,2026-09-06 07:22:17,否,,1,31,已收到您的反馈我们会尽快处理,2026-09-06 08:22:17
R202609001156,O202609008001,U10131,P10014,5,手机性价比超高续航一天没问题推荐购买,2026-09-12 02:28:17,否,,2,13,,
R202609001157,O202609002722,U10078,P10015,2,客服态度恶劣不理人,2026-09-10 12:30:25,否,,1,1,感谢您的认可欢迎下次光临,2026-09-10 15:30:25
R202609001158,O202609005161,U10366,P10008,4,价格实惠比实体店便宜很多,2026-09-06 12:06:06,否,,1,14,非常抱歉给您带来不好的体验我们会改进,2026-09-06 13:06:06
R202609001159,O202609001337,U10022,P10012,5,客服态度好有问必答点赞,2026-09-10 18:32:36,否,,3,6,已收到您的反馈我们会尽快处理,2026-09-10 23:32:36
R202609001160,O202609009790,U10090,P10010,5,保温效果很好外观也漂亮物流很快,2026-09-07 07:41:54,否,,0,6,,
R202609001161,O202609004124,U10283,P10006,4,价格实惠比实体店便宜很多,2026-09-09 05:23:05,否,,3,50,已收到您的反馈我们会尽快处理,2026-09-09 06:23:05
R202609001162,O202609009632,U10057,P10001,4,价格实惠比实体店便宜很多,2026-09-12 13:15:59,否,,3,0,,
R202609001163,O202609001844,U10431,P10019,5,颜色正没有色差穿着舒服,2026-09-12 05:49:50,否,,0,26,感谢您的认可欢迎下次光临,2026-09-12 07:49:50
R202609001164,O202609005546,U10110,P10009,4,质量很好做工精细值得购买,2026-09-10 00:04:52,是,追评：发现了一些问题希望改进,0,49,感谢您的认可欢迎下次光临,2026-09-10 04:04:52
R202609001165,O202609002203,U10334,P10017,5,质量很好做工精细值得购买,2026-09-11 16:45:00,否,,3,36,已收到您的反馈我们会尽快处理,2026-09-11 17:45:00
R202609001166,O202609002855,U10258,P10013,5,保温效果很好外观也漂亮物流很快,2026-09-11 06:29:33,否,,0,32,感谢您的理解祝您生活愉快,2026-09-11 07:29:33
R202609001167,O202609007961,U10366,P10008,5,保温效果很好外观也漂亮物流很快,2026-09-10 17:36:37,否,,1,19,感谢您的理解祝您生活愉快,2026-09-10 21:36:37
R202609001168,O202609007285,U10404,P10006,4,颜色正没有色差穿着舒服,2026-09-07 06:28:25,否,,3,41,感谢您的理解祝您生活愉快,2026-09-07 09:28:25
R202609001169,O202609009481,U10344,P10002,3,包装有点简陋东西没问题,2026-09-06 12:43:45,否,,2,42,非常抱歉给您带来不好的体验我们会改进,2026-09-06 14:43:45
R202609001170,O202609000561,U10285,P10011,4,客服态度好有问必答点赞,2026-09-09 17:54:42,否,,0,13,非常抱歉给您带来不好的体验我们会改进,2026-09-09 20:54:42
R202609001171,O202609006206,U10139,P10015,1,跟描述完全不符要求退货,2026-09-13 18:43:26,否,,2,23,,
R202609001172,O202609001828,U10472,P10017,5,物流超快第二天就到了包装完好,2026-09-13 08:41:27,否,,1,48,感谢您的认可欢迎下次光临,2026-09-13 11:41:27
R202609001173,O202609006486,U10428,P10011,5,价格实惠比实体店便宜很多,2026-09-05 22:25:12,否,,1,0,,
R202609001174,O202609002291,U10382,P10005,4,质量很好做工精细值得购买,2026-09-06 08:23:58,否,,1,4,感谢您的认可欢迎下次光临,2026-09-06 09:23:58
R202609001175,O202609005668,U10303,P10001,2,用了两天就坏了质量太差,2026-09-14 17:58:35,否,,3,19,,
R202609001176,O202609008931,U10256,P10001,4,客服态度好有问必答点赞,2026-09-06 06:11:07,是,追评：质量比预期好,2,5,感谢您的理解祝您生活愉快,2026-09-06 08:11:07
R202609001177,O202609006313,U10164,P10015,4,物流超快第二天就到了包装完好,2026-09-05 11:36:02,否,,1,8,,
R202609001178,O202609009861,U10010,P10017,5,物流超快第二天就到了包装完好,2026-09-13 02:21:30,否,,3,16,已收到您的反馈我们会尽快处理,2026-09-13 04:21:30
R202609001179,O202609008643,U10203,P10012,3,东西还行就是发货慢了点,2026-09-06 01:28:59,否,,1,8,,
R202609001180,O202609002308,U10014,P10001,4,客服态度好有问必答点赞,2026-09-09 19:39:58,否,,1,28,,
R202609001181,O202609009605,U10418,P10010,4,绘本内容不错孩子很喜欢,2026-09-08 05:42:43,否,,2,47,已收到您的反馈我们会尽快处理,2026-09-08 10:42:43
R202609001182,O202609008445,U10146,P10016,5,保温效果很好外观也漂亮物流很快,2026-09-08 18:24:32,否,,0,18,感谢您的理解祝您生活愉快,2026-09-08 21:24:32
R202609001183,O202609004097,U10130,P10016,3,包装有点简陋东西没问题,2026-09-09 01:16:22,是,售后处理很快满意,1,24,感谢您的理解祝您生活愉快,2026-09-09 04:16:22
R202609001184,O202609003380,U10455,P10015,4,绘本内容不错孩子很喜欢,2026-09-10 21:08:53,否,,3,23,,
R202609001185,O202609008454,U10144,P10009,5,手机性价比超高续航一天没问题推荐购买,2026-09-08 11:31:15,否,,3,50,感谢您的认可欢迎下次光临,2026-09-08 13:31:15
R202609001186,O202609001309,U10415,P10010,1,客服态度恶劣不理人,2026-09-10 15:31:18,否,,0,8,,
R202609001187,O202609009705,U10113,P10004,2,收到货发现有瑕疵要求换货,2026-09-13 17:07:10,否,,1,17,感谢您的认可欢迎下次光临,2026-09-13 20:07:10
R202609001188,O202609006114,U10373,P10012,5,绘本内容不错孩子很喜欢,2026-09-08 11:01:23,是,售后处理很快满意,3,2,已收到您的反馈我们会尽快处理,2026-09-08 13:01:23
R202609001189,O202609005542,U10455,P10010,4,客服态度好有问必答点赞,2026-09-13 07:26:34,否,,0,37,,
R202609001190,O202609000862,U10474,P10018,5,物流超快第二天就到了包装完好,2026-09-13 16:28:43,是,用了一段时间来追评确实不错,2,5,已收到您的反馈我们会尽快处理,2026-09-13 18:28:43
R202609001191,O202609007502,U10116,P10013,4,颜色正没有色差穿着舒服,2026-09-11 13:02:09,否,,0,19,感谢您的理解祝您生活愉快,2026-09-11 17:02:09
R202609001192,O202609002264,U10097,P10010,3,东西还行就是发货慢了点,2026-09-09 11:16:32,否,,1,21,非常抱歉给您带来不好的体验我们会改进,2026-09-09 16:16:32
R202609001193,O202609002223,U10380,P10017,5,手机性价比超高续航一天没问题推荐购买,2026-09-14 08:15:08,否,,2,24,感谢您的认可欢迎下次光临,2026-09-14 12:15:08
R202609001194,O202609007996,U10143,P10013,5,价格实惠比实体店便宜很多,2026-09-08 06:25:10,否,,0,2,,
R202609001195,O202609008988,U10381,P10006,1,客服态度恶劣不理人,2026-09-09 00:14:34,否,,1,6,非常抱歉给您带来不好的体验我们会改进,2026-09-09 03:14:34
R202609001196,O202609004479,U10177,P10017,4,客服态度好有问必答点赞,2026-09-11 16:23:56,否,,0,46,感谢您的认可欢迎下次光临,2026-09-11 18:23:56
R202609001197,O202609006795,U10068,P10007,2,跟描述完全不符要求退货,2026-09-09 09:39:44,否,,3,30,感谢您的理解祝您生活愉快,2026-09-09 14:39:44
R202609001198,O202609003026,U10081,P10016,3,东西还行就是发货慢了点,2026-09-11 20:48:42,否,,1,31,感谢您的认可欢迎下次光临,2026-09-12 00:48:42
R202609001199,O202609001101,U10139,P10017,4,物流超快第二天就到了包装完好,2026-09-14 03:07:56,否,,1,40,感谢您的认可欢迎下次光临,2026-09-14 04:07:56
R202609001200,O202609006653,U10049,P10003,4,价格实惠比实体店便宜很多,2026-09-11 07:06:26,否,,1,11,已收到您的反馈我们会尽快处理,2026-09-11 10:06:26
R202609001201,O202609003088,U10222,P10018,3,一般般吧没有想象中好,2026-09-09 11:18:12,否,,3,40,,
R202609001202,O202609000386,U10290,P10010,5,绘本内容不错孩子很喜欢,2026-09-13 12:31:54,否,,2,23,感谢您的理解祝您生活愉快,2026-09-13 13:31:54
R202609001203,O202609006635,U10229,P10006,2,用了两天就坏了质量太差,2026-09-10 08:11:12,否,,0,5,已收到您的反馈我们会尽快处理,2026-09-10 13:11:12
R202609001204,O202609004507,U10320,P10004,1,物流慢得要死等了一周,2026-09-06 12:58:07,否,,0,50,感谢您的认可欢迎下次光临,2026-09-06 17:58:07
R202609001205,O202609005972,U10221,P10014,2,用了两天就坏了质量太差,2026-09-08 10:58:49,否,,1,40,,
R202609001206,O202609007284,U10398,P10002,4,物流超快第二天就到了包装完好,2026-09-10 06:12:38,否,,0,33,已收到您的反馈我们会尽快处理,2026-09-10 08:12:38
R202609001207,O202609005560,U10191,P10017,1,收到货发现有瑕疵要求换货,2026-09-11 04:21:54,否,,2,37,感谢您的认可欢迎下次光临,2026-09-11 05:21:54
R202609001208,O202609008865,U10393,P10010,5,颜色正没有色差穿着舒服,2026-09-13 23:00:34,是,追评：质量比预期好,2,3,感谢您的认可欢迎下次光临,2026-09-14 00:00:34
R202609001209,O202609002634,U10137,P10006,5,物流超快第二天就到了包装完好,2026-09-09 16:00:51,否,,0,34,感谢您的认可欢迎下次光临,2026-09-09 19:00:51
R202609001210,O202609000957,U10285,P10006,3,包装有点简陋东西没问题,2026-09-14 10:06:34,否,,2,23,已收到您的反馈我们会尽快处理,2026-09-14 15:06:34
R202609001211,O202609007869,U10339,P10003,5,客服态度好有问必答点赞,2026-09-14 08:36:50,否,,1,3,,
R202609001212,O202609005887,U10144,P10007,1,物流慢得要死等了一周,2026-09-06 18:32:41,是,追评：发现了一些问题希望改进,3,26,非常抱歉给您带来不好的体验我们会改进,2026-09-06 19:32:41
R202609001213,O202609006160,U10332,P10012,5,手机性价比超高续航一天没问题推荐购买,2026-09-11 21:02:51,否,,0,28,,
R202609001214,O202609001906,U10363,P10006,4,手机性价比超高续航一天没问题推荐购买,2026-09-13 14:50:51,否,,3,47,,
R202609001215,O202609009983,U10478,P10001,5,质量很好做工精细值得购买,2026-09-05 17:09:59,否,,2,20,,
R202609001216,O202609002126,U10018,P10002,5,保温效果很好外观也漂亮物流很快,2026-09-06 12:43:36,否,,3,39,,
R202609001217,O202609000389,U10078,P10016,3,质量凑合对得起这个价格,2026-09-13 01:44:56,否,,1,11,已收到您的反馈我们会尽快处理,2026-09-13 03:44:56
R202609001218,O202609005498,U10346,P10003,5,价格实惠比实体店便宜很多,2026-09-07 00:14:31,是,售后处理很快满意,1,0,感谢您的理解祝您生活愉快,2026-09-07 01:14:31
R202609001219,O202609003156,U10193,P10020,4,价格实惠比实体店便宜很多,2026-09-11 19:08:57,是,追评：质量比预期好,0,29,已收到您的反馈我们会尽快处理,2026-09-11 20:08:57
R202609001220,O202609001377,U10224,P10012,4,客服态度好有问必答点赞,2026-09-09 13:21:28,否,,3,35,感谢您的认可欢迎下次光临,2026-09-09 17:21:28
R202609001221,O202609009856,U10206,P10019,4,质量很好做工精细值得购买,2026-09-12 17:28:28,是,追评：质量比预期好,0,35,非常抱歉给您带来不好的体验我们会改进,2026-09-12 18:28:28
R202609001222,O202609002189,U10450,P10018,2,物流慢得要死等了一周,2026-09-07 07:46:20,否,,0,49,非常抱歉给您带来不好的体验我们会改进,2026-09-07 09:46:20
R202609001223,O202609009105,U10161,P10003,3,质量凑合对得起这个价格,2026-09-08 00:16:01,否,,0,22,,
R202609001224,O202609005654,U10073,P10012,3,东西还行就是发货慢了点,2026-09-12 19:10:31,否,,0,8,,
R202609001225,O202609005303,U10305,P10005,4,物流超快第二天就到了包装完好,2026-09-10 13:32:21,是,追评：质量比预期好,0,30,感谢您的认可欢迎下次光临,2026-09-10 14:32:21
R202609001226,O202609005460,U10314,P10011,5,颜色正没有色差穿着舒服,2026-09-12 20:40:37,是,售后处理很快满意,1,26,非常抱歉给您带来不好的体验我们会改进,2026-09-12 21:40:37
R202609001227,O202609002425,U10373,P10014,5,绘本内容不错孩子很喜欢,2026-09-06 19:56:51,是,售后处理很快满意,1,50,感谢您的认可欢迎下次光临,2026-09-06 21:56:51
R202609001228,O202609001525,U10302,P10002,4,手机性价比超高续航一天没问题推荐购买,2026-09-08 01:20:17,否,,0,18,感谢您的认可欢迎下次光临,2026-09-08 04:20:17
R202609001229,O202609003466,U10280,P10004,5,客服态度好有问必答点赞,2026-09-05 16:46:26,否,,3,26,已收到您的反馈我们会尽快处理,2026-09-05 17:46:26
R202609001230,O202609007331,U10152,P10018,4,绘本内容不错孩子很喜欢,2026-09-05 06:26:54,否,,0,38,,
R202609001231,O202609007406,U10247,P10014,5,颜色正没有色差穿着舒服,2026-09-06 14:00:05,否,,0,25,已收到您的反馈我们会尽快处理,2026-09-06 19:00:05
R202609001232,O202609004383,U10207,P10009,5,绘本内容不错孩子很喜欢,2026-09-08 02:01:52,否,,2,34,感谢您的理解祝您生活愉快,2026-09-08 07:01:52
R202609001233,O202609007514,U10114,P10020,5,客服态度好有问必答点赞,2026-09-11 00:15:15,是,追评：质量比预期好,1,14,,
R202609001234,O202609000621,U10494,P10002,2,鞋子偏小一码穿了半天脚疼,2026-09-07 21:50:22,否,,0,42,感谢您的认可欢迎下次光临,2026-09-08 02:50:22
R202609001235,O202609002923,U10493,P10001,4,颜色正没有色差穿着舒服,2026-09-13 21:26:46,否,,2,30,,
R202609001236,O202609002135,U10377,P10011,5,保温效果很好外观也漂亮物流很快,2026-09-07 01:45:51,否,,0,28,感谢您的理解祝您生活愉快,2026-09-07 04:45:51
R202609001237,O202609005904,U10378,P10012,4,手机性价比超高续航一天没问题推荐购买,2026-09-12 12:46:06,否,,1,37,感谢您的理解祝您生活愉快,2026-09-12 14:46:06
R202609001238,O202609001633,U10173,P10002,3,东西还行就是发货慢了点,2026-09-10 04:16:09,否,,1,30,感谢您的认可欢迎下次光临,2026-09-10 07:16:09
R202609001239,O202609007287,U10295,P10018,3,东西还行就是发货慢了点,2026-09-11 11:40:08,否,,2,39,已收到您的反馈我们会尽快处理,2026-09-11 15:40:08
R202609001240,O202609006770,U10019,P10002,5,颜色正没有色差穿着舒服,2026-09-05 11:25:55,否,,2,3,感谢您的理解祝您生活愉快,2026-09-05 12:25:55
R202609001241,O202609000264,U10238,P10008,3,包装有点简陋东西没问题,2026-09-12 02:11:47,否,,1,47,感谢您的理解祝您生活愉快,2026-09-12 06:11:47
R202609001242,O202609005256,U10384,P10004,5,客服态度好有问必答点赞,2026-09-08 02:58:32,否,,1,4,非常抱歉给您带来不好的体验我们会改进,2026-09-08 06:58:32
R202609001243,O202609000667,U10234,P10018,5,价格实惠比实体店便宜很多,2026-09-11 15:35:23,否,,0,33,已收到您的反馈我们会尽快处理,2026-09-11 19:35:23
R202609001244,O202609007649,U10364,P10002,5,质量很好做工精细值得购买,2026-09-13 09:21:03,否,,2,22,,
R202609001245,O202609000232,U10135,P10006,4,质量很好做工精细值得购买,2026-09-13 12:34:03,是,追评：质量比预期好,1,49,非常抱歉给您带来不好的体验我们会改进,2026-09-13 14:34:03
R202609001246,O202609006811,U10175,P10018,4,绘本内容不错孩子很喜欢,2026-09-13 11:26:26,否,,0,34,感谢您的认可欢迎下次光临,2026-09-13 13:26:26
R202609001247,O202609002611,U10324,P10014,5,绘本内容不错孩子很喜欢,2026-09-07 08:15:30,否,,0,25,非常抱歉给您带来不好的体验我们会改进,2026-09-07 12:15:30
R202609001248,O202609000120,U10100,P10002,4,手机性价比超高续航一天没问题推荐购买,2026-09-10 21:38:55,否,,1,12,感谢您的认可欢迎下次光临,2026-09-11 01:38:55
R202609001249,O202609006513,U10249,P10004,4,颜色正没有色差穿着舒服,2026-09-05 13:06:05,否,,1,16,感谢您的认可欢迎下次光临,2026-09-05 18:06:05
R202609001250,O202609003094,U10460,P10020,5,绘本内容不错孩子很喜欢,2026-09-12 01:27:12,否,,3,15,已收到您的反馈我们会尽快处理,2026-09-12 02:27:12
R202609001251,O202609002174,U10133,P10001,1,客服态度恶劣不理人,2026-09-08 21:53:46,否,,2,3,非常抱歉给您带来不好的体验我们会改进,2026-09-08 23:53:46
R202609001252,O202609008943,U10215,P10019,5,物流超快第二天就到了包装完好,2026-09-14 07:39:26,否,,3,42,非常抱歉给您带来不好的体验我们会改进,2026-09-14 12:39:26
R202609001253,O202609005220,U10110,P10013,5,保温效果很好外观也漂亮物流很快,2026-09-09 03:06:09,是,用了一段时间来追评确实不错,0,41,非常抱歉给您带来不好的体验我们会改进,2026-09-09 06:06:09
R202609001254,O202609007534,U10279,P10001,1,客服态度恶劣不理人,2026-09-05 10:12:47,是,追评：质量比预期好,2,13,感谢您的理解祝您生活愉快,2026-09-05 12:12:47
R202609001255,O202609009039,U10107,P10015,4,绘本内容不错孩子很喜欢,2026-09-08 17:49:57,否,,3,20,,
R202609001256,O202609003334,U10256,P10002,3,质量凑合对得起这个价格,2026-09-13 12:38:06,否,,0,16,感谢您的理解祝您生活愉快,2026-09-13 14:38:06
R202609001257,O202609006131,U10485,P10015,3,包装有点简陋东西没问题,2026-09-14 21:14:43,否,,1,4,已收到您的反馈我们会尽快处理,2026-09-15 00:14:43
R202609001258,O202609000871,U10087,P10017,4,手机性价比超高续航一天没问题推荐购买,2026-09-08 14:49:10,否,,3,8,,
R202609001259,O202609003567,U10308,P10005,5,绘本内容不错孩子很喜欢,2026-09-06 23:41:44,否,,0,30,,
R202609001260,O202609004805,U10322,P10002,5,保温效果很好外观也漂亮物流很快,2026-09-10 13:52:41,否,,0,36,感谢您的理解祝您生活愉快,2026-09-10 15:52:41
R202609001261,O202609001633,U10458,P10015,3,包装有点简陋东西没问题,2026-09-11 04:32:49,是,用了一段时间来追评确实不错,2,39,感谢您的理解祝您生活愉快,2026-09-11 07:32:49
R202609001262,O202609009678,U10475,P10003,5,颜色正没有色差穿着舒服,2026-09-11 12:02:43,否,,0,29,感谢您的理解祝您生活愉快,2026-09-11 13:02:43
R202609001263,O202609009139,U10025,P10018,5,颜色正没有色差穿着舒服,2026-09-09 03:08:43,否,,0,25,非常抱歉给您带来不好的体验我们会改进,2026-09-09 06:08:43
R202609001264,O202609008527,U10451,P10017,4,质量很好做工精细值得购买,2026-09-06 04:23:46,否,,0,42,,
R202609001265,O202609004304,U10330,P10011,5,质量很好做工精细值得购买,2026-09-09 08:05:24,否,,1,24,感谢您的理解祝您生活愉快,2026-09-09 12:05:24
R202609001266,O202609002882,U10246,P10018,4,物流超快第二天就到了包装完好,2026-09-14 18:45:55,否,,2,8,感谢您的理解祝您生活愉快,2026-09-14 23:45:55
R202609001267,O202609003028,U10437,P10006,3,包装有点简陋东西没问题,2026-09-12 13:40:07,否,,1,11,,
R202609001268,O202609009605,U10266,P10001,4,客服态度好有问必答点赞,2026-09-12 17:40:33,否,,0,16,,
R202609001269,O202609006569,U10284,P10010,5,保温效果很好外观也漂亮物流很快,2026-09-09 19:36:35,否,,1,31,已收到您的反馈我们会尽快处理,2026-09-10 00:36:35
R202609001270,O202609002750,U10082,P10009,2,跟描述完全不符要求退货,2026-09-10 05:56:00,是,用了一段时间来追评确实不错,3,13,感谢您的理解祝您生活愉快,2026-09-10 08:56:00
R202609001271,O202609000829,U10306,P10005,5,颜色正没有色差穿着舒服,2026-09-07 14:43:41,否,,0,39,非常抱歉给您带来不好的体验我们会改进,2026-09-07 17:43:41
R202609001272,O202609006821,U10458,P10008,5,价格实惠比实体店便宜很多,2026-09-09 10:19:59,否,,3,42,,
R202609001273,O202609005603,U10447,P10016,4,绘本内容不错孩子很喜欢,2026-09-06 19:16:59,否,,1,16,已收到您的反馈我们会尽快处理,2026-09-06 23:16:59
R202609001274,O202609001261,U10216,P10004,3,一般般吧没有想象中好,2026-09-06 18:48:13,否,,1,31,,
R202609001275,O202609008139,U10499,P10002,5,质量很好做工精细值得购买,2026-09-05 19:11:49,否,,0,33,非常抱歉给您带来不好的体验我们会改进,2026-09-05 23:11:49
R202609001276,O202609009709,U10368,P10010,4,质量很好做工精细值得购买,2026-09-07 11:40:51,否,,1,30,非常抱歉给您带来不好的体验我们会改进,2026-09-07 13:40:51
R202609001277,O202609008411,U10061,P10013,4,物流超快第二天就到了包装完好,2026-09-10 01:21:33,否,,0,5,感谢您的理解祝您生活愉快,2026-09-10 03:21:33
R202609001278,O202609005572,U10272,P10010,5,保温效果很好外观也漂亮物流很快,2026-09-09 07:31:07,是,售后处理很快满意,0,21,已收到您的反馈我们会尽快处理,2026-09-09 12:31:07
R202609001279,O202609003866,U10481,P10006,3,东西还行就是发货慢了点,2026-09-10 03:20:08,否,,3,29,感谢您的认可欢迎下次光临,2026-09-10 04:20:08
R202609001280,O202609008642,U10355,P10010,4,物流超快第二天就到了包装完好,2026-09-10 10:27:27,否,,0,9,,
R202609001281,O202609005951,U10190,P10007,5,质量很好做工精细值得购买,2026-09-08 23:51:36,否,,3,16,,
R202609001282,O202609005614,U10388,P10008,3,质量凑合对得起这个价格,2026-09-14 04:07:55,否,,2,34,已收到您的反馈我们会尽快处理,2026-09-14 06:07:55
R202609001283,O202609004762,U10066,P10006,1,客服态度恶劣不理人,2026-09-08 00:44:20,否,,0,12,,
R202609001284,O202609003291,U10209,P10009,5,保温效果很好外观也漂亮物流很快,2026-09-09 13:43:56,是,售后处理很快满意,1,47,感谢您的认可欢迎下次光临,2026-09-09 14:43:56
R202609001285,O202609006871,U10234,P10012,1,物流慢得要死等了一周,2026-09-07 06:17:25,否,,2,46,,
R202609001286,O202609004296,U10142,P10020,4,价格实惠比实体店便宜很多,2026-09-11 20:33:39,否,,2,50,非常抱歉给您带来不好的体验我们会改进,2026-09-11 21:33:39
R202609001287,O202609003440,U10413,P10012,3,质量凑合对得起这个价格,2026-09-11 03:15:03,否,,0,0,非常抱歉给您带来不好的体验我们会改进,2026-09-11 08:15:03
R202609001288,O202609002888,U10358,P10002,5,保温效果很好外观也漂亮物流很快,2026-09-06 14:08:11,否,,3,5,感谢您的认可欢迎下次光临,2026-09-06 15:08:11
R202609001289,O202609000072,U10069,P10017,5,颜色正没有色差穿着舒服,2026-09-12 09:18:36,否,,1,39,,
R202609001290,O202609002554,U10138,P10016,4,绘本内容不错孩子很喜欢,2026-09-06 14:20:02,是,追评：发现了一些问题希望改进,2,7,感谢您的认可欢迎下次光临,2026-09-06 15:20:02
R202609001291,O202609004407,U10195,P10013,5,绘本内容不错孩子很喜欢,2026-09-11 11:11:49,否,,0,47,,
R202609001292,O202609000231,U10442,P10006,1,跟描述完全不符要求退货,2026-09-11 06:30:43,否,,2,37,非常抱歉给您带来不好的体验我们会改进,2026-09-11 10:30:43
R202609001293,O202609002746,U10307,P10017,5,保温效果很好外观也漂亮物流很快,2026-09-09 10:45:06,否,,1,12,,
R202609001294,O202609001906,U10395,P10011,5,客服态度好有问必答点赞,2026-09-14 19:54:15,是,售后处理很快满意,2,19,感谢您的认可欢迎下次光临,2026-09-14 21:54:15
R202609001295,O202609002410,U10329,P10002,3,包装有点简陋东西没问题,2026-09-09 15:16:20,否,,1,31,非常抱歉给您带来不好的体验我们会改进,2026-09-09 16:16:20
R202609001296,O202609003741,U10054,P10011,4,物流超快第二天就到了包装完好,2026-09-07 09:57:39,是,用了一段时间来追评确实不错,1,41,非常抱歉给您带来不好的体验我们会改进,2026-09-07 11:57:39
R202609001297,O202609006191,U10333,P10015,4,保温效果很好外观也漂亮物流很快,2026-09-08 14:37:02,否,,0,33,已收到您的反馈我们会尽快处理,2026-09-08 19:37:02
R202609001298,O202609008400,U10007,P10017,4,颜色正没有色差穿着舒服,2026-09-14 15:39:15,是,用了一段时间来追评确实不错,0,30,非常抱歉给您带来不好的体验我们会改进,2026-09-14 16:39:15
R202609001299,O202609003049,U10044,P10012,3,质量凑合对得起这个价格,2026-09-06 07:09:47,否,,1,10,感谢您的理解祝您生活愉快,2026-09-06 09:09:47
R202609001300,O202609008816,U10162,P10001,5,绘本内容不错孩子很喜欢,2026-09-14 09:32:53,否,,0,27,,
R202609001301,O202609006397,U10321,P10013,4,价格实惠比实体店便宜很多,2026-09-10 13:38:28,否,,3,32,感谢您的认可欢迎下次光临,2026-09-10 15:38:28
R202609001302,O202609006506,U10297,P10012,3,包装有点简陋东西没问题,2026-09-14 11:39:55,否,,3,32,,
R202609001303,O202609007632,U10400,P10002,3,包装有点简陋东西没问题,2026-09-05 20:52:19,否,,3,36,,
R202609001304,O202609003002,U10058,P10006,3,质量凑合对得起这个价格,2026-09-07 03:24:16,否,,0,40,感谢您的认可欢迎下次光临,2026-09-07 06:24:16
R202609001305,O202609001716,U10160,P10020,4,绘本内容不错孩子很喜欢,2026-09-13 16:55:50,否,,1,2,感谢您的理解祝您生活愉快,2026-09-13 19:55:50
R202609001306,O202609005020,U10131,P10007,5,质量很好做工精细值得购买,2026-09-13 21:38:25,否,,0,23,已收到您的反馈我们会尽快处理,2026-09-13 23:38:25
R202609001307,O202609008967,U10297,P10018,4,客服态度好有问必答点赞,2026-09-05 00:03:34,否,,2,33,,
R202609001308,O202609007405,U10441,P10010,4,颜色正没有色差穿着舒服,2026-09-12 21:50:13,否,,0,44,感谢您的理解祝您生活愉快,2026-09-12 23:50:13
R202609001309,O202609000945,U10382,P10001,5,价格实惠比实体店便宜很多,2026-09-11 02:06:43,否,,3,37,感谢您的理解祝您生活愉快,2026-09-11 05:06:43
R202609001310,O202609001207,U10180,P10007,5,物流超快第二天就到了包装完好,2026-09-10 15:11:16,否,,1,7,,
R202609001311,O202609005419,U10315,P10017,2,收到货发现有瑕疵要求换货,2026-09-14 01:13:33,否,,1,49,感谢您的理解祝您生活愉快,2026-09-14 04:13:33
R202609001312,O202609005236,U10068,P10014,5,价格实惠比实体店便宜很多,2026-09-08 00:56:41,否,,1,23,感谢您的认可欢迎下次光临,2026-09-08 02:56:41
R202609001313,O202609008111,U10280,P10007,5,绘本内容不错孩子很喜欢,2026-09-10 19:18:53,否,,1,42,感谢您的认可欢迎下次光临,2026-09-10 22:18:53
R202609001314,O202609008545,U10333,P10020,5,绘本内容不错孩子很喜欢,2026-09-06 21:58:47,否,,0,39,感谢您的理解祝您生活愉快,2026-09-07 02:58:47
R202609001315,O202609009559,U10015,P10004,4,物流超快第二天就到了包装完好,2026-09-10 21:53:39,否,,0,33,非常抱歉给您带来不好的体验我们会改进,2026-09-11 02:53:39
R202609001316,O202609003492,U10335,P10004,5,绘本内容不错孩子很喜欢,2026-09-06 21:28:16,否,,3,35,,
R202609001317,O202609005653,U10331,P10016,3,一般般吧没有想象中好,2026-09-09 11:17:16,否,,0,23,非常抱歉给您带来不好的体验我们会改进,2026-09-09 12:17:16
R202609001318,O202609004058,U10109,P10006,4,客服态度好有问必答点赞,2026-09-14 23:49:10,是,用了一段时间来追评确实不错,0,35,已收到您的反馈我们会尽快处理,2026-09-15 03:49:10
R202609001319,O202609005300,U10094,P10006,5,物流超快第二天就到了包装完好,2026-09-09 08:00:08,否,,1,28,感谢您的认可欢迎下次光临,2026-09-09 10:00:08
R202609001320,O202609006370,U10208,P10003,4,物流超快第二天就到了包装完好,2026-09-09 23:31:58,否,,0,41,感谢您的认可欢迎下次光临,2026-09-10 01:31:58
R202609001321,O202609004723,U10454,P10012,4,价格实惠比实体店便宜很多,2026-09-06 04:47:53,是,追评：发现了一些问题希望改进,3,43,感谢您的理解祝您生活愉快,2026-09-06 08:47:53
R202609001322,O202609004319,U10203,P10015,4,物流超快第二天就到了包装完好,2026-09-09 20:17:49,否,,2,12,非常抱歉给您带来不好的体验我们会改进,2026-09-10 00:17:49
R202609001323,O202609007021,U10202,P10001,5,颜色正没有色差穿着舒服,2026-09-12 21:31:20,是,售后处理很快满意,0,19,已收到您的反馈我们会尽快处理,2026-09-13 01:31:20
R202609001324,O202609006097,U10011,P10015,4,颜色正没有色差穿着舒服,2026-09-06 21:15:01,否,,0,27,感谢您的理解祝您生活愉快,2026-09-07 01:15:01
R202609001325,O202609002490,U10252,P10017,4,颜色正没有色差穿着舒服,2026-09-07 23:53:44,否,,2,28,感谢您的认可欢迎下次光临,2026-09-08 04:53:44
R202609001326,O202609007897,U10153,P10014,5,颜色正没有色差穿着舒服,2026-09-10 03:59:04,否,,0,36,,
R202609001327,O202609008320,U10069,P10014,5,手机性价比超高续航一天没问题推荐购买,2026-09-08 13:00:56,否,,3,32,非常抱歉给您带来不好的体验我们会改进,2026-09-08 18:00:56
R202609001328,O202609005958,U10154,P10004,4,质量很好做工精细值得购买,2026-09-08 07:21:54,否,,2,3,已收到您的反馈我们会尽快处理,2026-09-08 11:21:54
R202609001329,O202609008419,U10450,P10010,4,客服态度好有问必答点赞,2026-09-12 18:09:20,否,,1,35,非常抱歉给您带来不好的体验我们会改进,2026-09-12 19:09:20
R202609001330,O202609000658,U10407,P10008,3,包装有点简陋东西没问题,2026-09-12 08:32:27,否,,0,30,,
R202609001331,O202609008446,U10107,P10001,2,收到货发现有瑕疵要求换货,2026-09-08 17:03:21,否,,3,13,感谢您的认可欢迎下次光临,2026-09-08 19:03:21
R202609001332,O202609003529,U10283,P10009,4,手机性价比超高续航一天没问题推荐购买,2026-09-10 16:14:19,否,,1,41,感谢您的认可欢迎下次光临,2026-09-10 19:14:19
R202609001333,O202609006168,U10268,P10018,4,手机性价比超高续航一天没问题推荐购买,2026-09-05 07:53:52,否,,3,0,非常抱歉给您带来不好的体验我们会改进,2026-09-05 11:53:52
R202609001334,O202609008869,U10360,P10012,5,手机性价比超高续航一天没问题推荐购买,2026-09-11 10:08:32,否,,1,22,感谢您的认可欢迎下次光临,2026-09-11 11:08:32
R202609001335,O202609002568,U10275,P10016,4,价格实惠比实体店便宜很多,2026-09-06 15:38:20,否,,2,27,感谢您的理解祝您生活愉快,2026-09-06 20:38:20
R202609001336,O202609009009,U10417,P10016,4,颜色正没有色差穿着舒服,2026-09-10 12:42:24,否,,3,40,已收到您的反馈我们会尽快处理,2026-09-10 17:42:24
R202609001337,O202609008967,U10428,P10018,5,绘本内容不错孩子很喜欢,2026-09-05 09:09:58,是,用了一段时间来追评确实不错,1,31,已收到您的反馈我们会尽快处理,2026-09-05 13:09:58
R202609001338,O202609002220,U10025,P10003,4,手机性价比超高续航一天没问题推荐购买,2026-09-13 22:52:35,否,,2,21,,
R202609001339,O202609002227,U10238,P10014,4,手机性价比超高续航一天没问题推荐购买,2026-09-14 10:08:16,是,用了一段时间来追评确实不错,3,27,,
R202609001340,O202609009875,U10121,P10010,5,绘本内容不错孩子很喜欢,2026-09-06 14:49:11,是,售后处理很快满意,2,32,已收到您的反馈我们会尽快处理,2026-09-06 15:49:11
R202609001341,O202609007091,U10322,P10008,5,保温效果很好外观也漂亮物流很快,2026-09-06 16:27:21,是,追评：发现了一些问题希望改进,1,8,,
R202609001342,O202609002416,U10210,P10016,2,物流慢得要死等了一周,2026-09-06 06:58:05,否,,0,0,感谢您的认可欢迎下次光临,2026-09-06 11:58:05
R202609001343,O202609008203,U10152,P10009,2,客服态度恶劣不理人,2026-09-05 07:21:50,否,,3,49,感谢您的认可欢迎下次光临,2026-09-05 08:21:50
R202609001344,O202609001484,U10443,P10009,2,物流慢得要死等了一周,2026-09-09 12:47:05,否,,1,45,,
R202609001345,O202609003823,U10009,P10006,4,价格实惠比实体店便宜很多,2026-09-05 19:20:20,否,,2,19,,
R202609001346,O202609008248,U10386,P10018,5,客服态度好有问必答点赞,2026-09-05 02:06:14,否,,1,46,已收到您的反馈我们会尽快处理,2026-09-05 07:06:14
R202609001347,O202609000204,U10274,P10007,1,客服态度恶劣不理人,2026-09-08 02:55:38,否,,3,47,已收到您的反馈我们会尽快处理,2026-09-08 06:55:38
R202609001348,O202609000924,U10465,P10018,4,手机性价比超高续航一天没问题推荐购买,2026-09-13 08:08:27,否,,0,35,已收到您的反馈我们会尽快处理,2026-09-13 09:08:27
R202609001349,O202609000395,U10227,P10003,4,手机性价比超高续航一天没问题推荐购买,2026-09-06 16:49:44,是,追评：质量比预期好,0,11,,
R202609001350,O202609005980,U10355,P10007,4,物流超快第二天就到了包装完好,2026-09-10 03:32:11,是,售后处理很快满意,3,27,非常抱歉给您带来不好的体验我们会改进,2026-09-10 06:32:11
R202609001351,O202609008559,U10352,P10013,4,颜色正没有色差穿着舒服,2026-09-06 12:34:19,是,用了一段时间来追评确实不错,2,25,,
R202609001352,O202609001920,U10164,P10017,5,质量很好做工精细值得购买,2026-09-08 17:42:57,否,,3,11,已收到您的反馈我们会尽快处理,2026-09-08 19:42:57
R202609001353,O202609007639,U10479,P10007,4,客服态度好有问必答点赞,2026-09-06 04:39:20,是,追评：质量比预期好,1,13,非常抱歉给您带来不好的体验我们会改进,2026-09-06 07:39:20
R202609001354,O202609003611,U10236,P10001,4,客服态度好有问必答点赞,2026-09-11 02:25:58,否,,3,22,感谢您的理解祝您生活愉快,2026-09-11 05:25:58
R202609001355,O202609001847,U10144,P10016,2,用了两天就坏了质量太差,2026-09-09 06:34:46,是,追评：发现了一些问题希望改进,1,30,感谢您的理解祝您生活愉快,2026-09-09 09:34:46
R202609001356,O202609009530,U10138,P10007,3,包装有点简陋东西没问题,2026-09-10 02:53:11,否,,1,37,,
R202609001357,O202609005139,U10252,P10001,3,包装有点简陋东西没问题,2026-09-06 16:24:49,否,,2,1,,
R202609001358,O202609000344,U10083,P10019,5,颜色正没有色差穿着舒服,2026-09-13 00:49:02,否,,0,50,,
R202609001359,O202609003838,U10401,P10006,3,包装有点简陋东西没问题,2026-09-07 19:33:04,否,,1,44,已收到您的反馈我们会尽快处理,2026-09-07 22:33:04
R202609001360,O202609002482,U10172,P10019,3,包装有点简陋东西没问题,2026-09-09 01:48:30,否,,3,6,,
R202609001361,O202609008148,U10132,P10005,4,价格实惠比实体店便宜很多,2026-09-08 03:26:00,是,用了一段时间来追评确实不错,0,22,,
R202609001362,O202609000486,U10495,P10020,2,用了两天就坏了质量太差,2026-09-06 15:12:36,否,,1,42,,
R202609001363,O202609009158,U10208,P10009,3,质量凑合对得起这个价格,2026-09-10 16:41:39,否,,3,2,感谢您的认可欢迎下次光临,2026-09-10 17:41:39
R202609001364,O202609008214,U10415,P10009,3,质量凑合对得起这个价格,2026-09-06 20:58:07,否,,1,21,感谢您的理解祝您生活愉快,2026-09-07 01:58:07
R202609001365,O202609009194,U10368,P10012,5,颜色正没有色差穿着舒服,2026-09-14 00:21:39,是,用了一段时间来追评确实不错,1,22,感谢您的理解祝您生活愉快,2026-09-14 04:21:39
R202609001366,O202609005387,U10465,P10007,4,价格实惠比实体店便宜很多,2026-09-12 10:12:58,否,,0,4,非常抱歉给您带来不好的体验我们会改进,2026-09-12 11:12:58
R202609001367,O202609001598,U10282,P10020,5,保温效果很好外观也漂亮物流很快,2026-09-05 06:49:26,否,,0,43,已收到您的反馈我们会尽快处理,2026-09-05 10:49:26
R202609001368,O202609004375,U10182,P10009,3,质量凑合对得起这个价格,2026-09-12 19:04:24,否,,1,28,感谢您的认可欢迎下次光临,2026-09-12 22:04:24
R202609001369,O202609007080,U10245,P10012,4,颜色正没有色差穿着舒服,2026-09-10 22:37:25,否,,0,9,,
R202609001370,O202609002445,U10396,P10010,4,保温效果很好外观也漂亮物流很快,2026-09-07 21:21:53,是,追评：质量比预期好,0,0,已收到您的反馈我们会尽快处理,2026-09-07 22:21:53
R202609001371,O202609006776,U10074,P10010,4,手机性价比超高续航一天没问题推荐购买,2026-09-12 00:24:29,否,,1,16,感谢您的理解祝您生活愉快,2026-09-12 04:24:29
R202609001372,O202609000107,U10079,P10020,4,绘本内容不错孩子很喜欢,2026-09-06 02:15:41,否,,3,37,,
R202609001373,O202609008575,U10196,P10019,5,保温效果很好外观也漂亮物流很快,2026-09-08 20:37:20,否,,3,5,已收到您的反馈我们会尽快处理,2026-09-08 23:37:20
R202609001374,O202609001986,U10220,P10013,3,东西还行就是发货慢了点,2026-09-05 10:44:06,否,,2,17,非常抱歉给您带来不好的体验我们会改进,2026-09-05 12:44:06
R202609001375,O202609008173,U10286,P10015,5,保温效果很好外观也漂亮物流很快,2026-09-07 09:47:33,否,,1,16,已收到您的反馈我们会尽快处理,2026-09-07 11:47:33
R202609001376,O202609000490,U10324,P10019,2,鞋子偏小一码穿了半天脚疼,2026-09-05 17:49:16,否,,0,46,感谢您的认可欢迎下次光临,2026-09-05 19:49:16
R202609001377,O202609008529,U10351,P10012,5,价格实惠比实体店便宜很多,2026-09-06 06:21:12,否,,2,5,已收到您的反馈我们会尽快处理,2026-09-06 09:21:12
R202609001378,O202609009822,U10021,P10013,5,绘本内容不错孩子很喜欢,2026-09-07 10:41:23,是,售后处理很快满意,3,38,非常抱歉给您带来不好的体验我们会改进,2026-09-07 15:41:23
R202609001379,O202609004656,U10011,P10015,5,保温效果很好外观也漂亮物流很快,2026-09-06 08:15:58,是,追评：质量比预期好,3,21,感谢您的理解祝您生活愉快,2026-09-06 09:15:58
R202609001380,O202609001002,U10468,P10015,5,物流超快第二天就到了包装完好,2026-09-09 12:06:43,否,,2,24,感谢您的认可欢迎下次光临,2026-09-09 14:06:43
R202609001381,O202609004097,U10175,P10001,5,价格实惠比实体店便宜很多,2026-09-14 01:54:20,否,,3,3,感谢您的理解祝您生活愉快,2026-09-14 03:54:20
R202609001382,O202609003432,U10103,P10015,3,一般般吧没有想象中好,2026-09-13 08:09:33,否,,0,18,,
R202609001383,O202609002471,U10382,P10004,4,颜色正没有色差穿着舒服,2026-09-13 07:14:18,否,,2,8,感谢您的认可欢迎下次光临,2026-09-13 11:14:18
R202609001384,O202609004156,U10202,P10019,4,客服态度好有问必答点赞,2026-09-13 14:28:09,否,,1,12,,
R202609001385,O202609003825,U10308,P10012,3,东西还行就是发货慢了点,2026-09-13 23:26:40,否,,3,26,已收到您的反馈我们会尽快处理,2026-09-14 01:26:40
R202609001386,O202609008323,U10119,P10020,4,颜色正没有色差穿着舒服,2026-09-05 06:34:57,否,,0,3,感谢您的认可欢迎下次光临,2026-09-05 08:34:57
R202609001387,O202609000614,U10022,P10018,4,物流超快第二天就到了包装完好,2026-09-06 12:53:43,否,,0,7,感谢您的认可欢迎下次光临,2026-09-06 13:53:43
R202609001388,O202609002280,U10497,P10018,5,手机性价比超高续航一天没问题推荐购买,2026-09-06 23:43:33,否,,0,27,非常抱歉给您带来不好的体验我们会改进,2026-09-07 02:43:33
R202609001389,O202609000824,U10001,P10015,5,质量很好做工精细值得购买,2026-09-14 12:04:10,否,,1,14,已收到您的反馈我们会尽快处理,2026-09-14 16:04:10
R202609001390,O202609008386,U10361,P10012,4,客服态度好有问必答点赞,2026-09-08 03:11:18,否,,1,29,,
R202609001391,O202609009147,U10231,P10020,4,客服态度好有问必答点赞,2026-09-13 20:31:00,否,,3,50,,
R202609001392,O202609000380,U10029,P10003,2,客服态度恶劣不理人,2026-09-09 09:31:59,否,,2,5,感谢您的认可欢迎下次光临,2026-09-09 12:31:59
R202609001393,O202609000484,U10328,P10001,5,绘本内容不错孩子很喜欢,2026-09-07 18:42:23,否,,1,3,非常抱歉给您带来不好的体验我们会改进,2026-09-07 23:42:23
R202609001394,O202609006177,U10465,P10019,3,质量凑合对得起这个价格,2026-09-05 13:22:42,否,,2,18,感谢您的理解祝您生活愉快,2026-09-05 18:22:42
R202609001395,O202609000612,U10475,P10017,3,包装有点简陋东西没问题,2026-09-11 02:49:20,否,,0,0,感谢您的理解祝您生活愉快,2026-09-11 03:49:20
R202609001396,O202609003972,U10413,P10015,2,收到货发现有瑕疵要求换货,2026-09-14 06:29:39,否,,2,20,感谢您的认可欢迎下次光临,2026-09-14 10:29:39
R202609001397,O202609008714,U10476,P10015,3,东西还行就是发货慢了点,2026-09-11 19:18:34,是,追评：发现了一些问题希望改进,2,15,,
R202609001398,O202609009235,U10355,P10014,3,包装有点简陋东西没问题,2026-09-12 05:52:40,否,,0,12,感谢您的理解祝您生活愉快,2026-09-12 08:52:40
R202609001399,O202609003144,U10205,P10004,2,鞋子偏小一码穿了半天脚疼,2026-09-06 22:59:44,否,,2,21,非常抱歉给您带来不好的体验我们会改进,2026-09-07 01:59:44
R202609001400,O202609004533,U10021,P10002,5,物流超快第二天就到了包装完好,2026-09-11 19:12:46,否,,0,48,,
R202609001401,O202609000681,U10278,P10018,4,价格实惠比实体店便宜很多,2026-09-11 08:01:16,否,,3,39,非常抱歉给您带来不好的体验我们会改进,2026-09-11 11:01:16
R202609001402,O202609006257,U10130,P10017,5,客服态度好有问必答点赞,2026-09-06 13:34:08,否,,0,14,,
R202609001403,O202609006040,U10399,P10020,5,价格实惠比实体店便宜很多,2026-09-12 14:25:34,是,追评：质量比预期好,1,3,非常抱歉给您带来不好的体验我们会改进,2026-09-12 18:25:34
R202609001404,O202609004315,U10032,P10017,1,用了两天就坏了质量太差,2026-09-09 01:28:42,否,,2,38,感谢您的理解祝您生活愉快,2026-09-09 02:28:42
R202609001405,O202609009649,U10114,P10017,3,一般般吧没有想象中好,2026-09-08 18:36:27,否,,1,21,,
R202609001406,O202609003070,U10039,P10010,4,手机性价比超高续航一天没问题推荐购买,2026-09-06 18:24:08,否,,3,27,感谢您的认可欢迎下次光临,2026-09-06 21:24:08
R202609001407,O202609009721,U10465,P10016,5,价格实惠比实体店便宜很多,2026-09-13 00:03:41,否,,1,10,,
R202609001408,O202609008550,U10250,P10005,4,客服态度好有问必答点赞,2026-09-11 04:43:18,是,追评：质量比预期好,2,13,感谢您的认可欢迎下次光临,2026-09-11 05:43:18
R202609001409,O202609001488,U10247,P10003,5,手机性价比超高续航一天没问题推荐购买,2026-09-08 05:02:57,否,,0,1,已收到您的反馈我们会尽快处理,2026-09-08 08:02:57
R202609001410,O202609002858,U10051,P10013,3,东西还行就是发货慢了点,2026-09-14 20:27:40,否,,1,17,,
R202609001411,O202609003386,U10112,P10004,4,手机性价比超高续航一天没问题推荐购买,2026-09-08 03:21:50,是,追评：发现了一些问题希望改进,1,17,非常抱歉给您带来不好的体验我们会改进,2026-09-08 08:21:50
R202609001412,O202609006957,U10066,P10015,3,一般般吧没有想象中好,2026-09-06 12:35:37,否,,0,3,感谢您的理解祝您生活愉快,2026-09-06 13:35:37
R202609001413,O202609006450,U10079,P10019,3,一般般吧没有想象中好,2026-09-10 13:23:22,否,,0,31,,
R202609001414,O202609004002,U10458,P10007,3,东西还行就是发货慢了点,2026-09-05 00:44:01,否,,1,44,非常抱歉给您带来不好的体验我们会改进,2026-09-05 01:44:01
R202609001415,O202609005456,U10291,P10014,2,用了两天就坏了质量太差,2026-09-05 23:44:39,否,,1,16,,
R202609001416,O202609008452,U10185,P10009,2,鞋子偏小一码穿了半天脚疼,2026-09-07 01:24:10,否,,1,3,感谢您的认可欢迎下次光临,2026-09-07 06:24:10
R202609001417,O202609003759,U10130,P10015,5,客服态度好有问必答点赞,2026-09-13 04:21:18,否,,2,46,已收到您的反馈我们会尽快处理,2026-09-13 09:21:18
R202609001418,O202609002445,U10342,P10007,5,客服态度好有问必答点赞,2026-09-05 09:38:36,否,,1,3,非常抱歉给您带来不好的体验我们会改进,2026-09-05 13:38:36
R202609001419,O202609004609,U10455,P10013,3,一般般吧没有想象中好,2026-09-07 14:55:05,否,,1,3,感谢您的认可欢迎下次光临,2026-09-07 15:55:05
R202609001420,O202609005155,U10120,P10001,3,东西还行就是发货慢了点,2026-09-09 05:39:47,否,,3,34,已收到您的反馈我们会尽快处理,2026-09-09 10:39:47
R202609001421,O202609003337,U10301,P10015,2,物流慢得要死等了一周,2026-09-06 02:54:21,否,,0,37,,
R202609001422,O202609005659,U10315,P10003,4,颜色正没有色差穿着舒服,2026-09-06 18:58:22,否,,3,26,感谢您的理解祝您生活愉快,2026-09-06 23:58:22
R202609001423,O202609008318,U10344,P10012,4,颜色正没有色差穿着舒服,2026-09-12 12:45:16,是,追评：发现了一些问题希望改进,3,45,感谢您的认可欢迎下次光临,2026-09-12 16:45:16
R202609001424,O202609000736,U10008,P10017,4,保温效果很好外观也漂亮物流很快,2026-09-11 07:51:29,否,,2,1,,
R202609001425,O202609002020,U10248,P10011,5,手机性价比超高续航一天没问题推荐购买,2026-09-12 02:12:33,否,,0,16,感谢您的理解祝您生活愉快,2026-09-12 06:12:33
R202609001426,O202609009282,U10063,P10013,5,颜色正没有色差穿着舒服,2026-09-07 22:22:23,否,,3,9,感谢您的认可欢迎下次光临,2026-09-08 03:22:23
R202609001427,O202609000292,U10232,P10012,3,包装有点简陋东西没问题,2026-09-10 08:31:46,否,,2,36,感谢您的理解祝您生活愉快,2026-09-10 10:31:46
R202609001428,O202609000107,U10180,P10019,1,鞋子偏小一码穿了半天脚疼,2026-09-06 23:56:07,否,,2,43,感谢您的理解祝您生活愉快,2026-09-07 00:56:07
R202609001429,O202609007945,U10343,P10005,1,客服态度恶劣不理人,2026-09-06 16:43:42,否,,0,42,感谢您的理解祝您生活愉快,2026-09-06 21:43:42
R202609001430,O202609000099,U10350,P10004,4,手机性价比超高续航一天没问题推荐购买,2026-09-07 16:49:56,否,,3,8,,
R202609001431,O202609004290,U10160,P10005,5,绘本内容不错孩子很喜欢,2026-09-09 23:17:43,是,售后处理很快满意,3,17,已收到您的反馈我们会尽快处理,2026-09-10 00:17:43
R202609001432,O202609004843,U10386,P10015,5,价格实惠比实体店便宜很多,2026-09-06 21:47:41,否,,3,44,非常抱歉给您带来不好的体验我们会改进,2026-09-07 00:47:41
R202609001433,O202609005269,U10194,P10006,5,手机性价比超高续航一天没问题推荐购买,2026-09-08 05:10:13,是,售后处理很快满意,1,16,非常抱歉给您带来不好的体验我们会改进,2026-09-08 08:10:13
R202609001434,O202609007612,U10164,P10015,5,颜色正没有色差穿着舒服,2026-09-09 15:21:48,否,,2,32,已收到您的反馈我们会尽快处理,2026-09-09 19:21:48
R202609001435,O202609008089,U10432,P10017,4,客服态度好有问必答点赞,2026-09-10 04:26:20,否,,1,42,感谢您的认可欢迎下次光临,2026-09-10 09:26:20
R202609001436,O202609007041,U10019,P10017,4,颜色正没有色差穿着舒服,2026-09-06 02:43:28,否,,3,31,,
R202609001437,O202609006117,U10191,P10019,3,质量凑合对得起这个价格,2026-09-07 06:08:57,否,,2,2,感谢您的理解祝您生活愉快,2026-09-07 08:08:57
R202609001438,O202609000892,U10049,P10003,5,手机性价比超高续航一天没问题推荐购买,2026-09-06 10:18:20,否,,2,29,已收到您的反馈我们会尽快处理,2026-09-06 12:18:20
R202609001439,O202609007389,U10286,P10002,1,鞋子偏小一码穿了半天脚疼,2026-09-06 00:23:16,否,,1,6,,
R202609001440,O202609006950,U10039,P10014,4,价格实惠比实体店便宜很多,2026-09-13 12:01:04,否,,3,9,,
R202609001441,O202609000749,U10242,P10007,5,绘本内容不错孩子很喜欢,2026-09-08 04:40:27,否,,2,6,,
R202609001442,O202609002989,U10494,P10007,5,保温效果很好外观也漂亮物流很快,2026-09-11 12:25:33,否,,1,48,已收到您的反馈我们会尽快处理,2026-09-11 13:25:33
R202609001443,O202609006487,U10343,P10009,3,包装有点简陋东西没问题,2026-09-12 19:11:33,否,,2,35,感谢您的认可欢迎下次光临,2026-09-13 00:11:33
R202609001444,O202609001932,U10170,P10015,4,价格实惠比实体店便宜很多,2026-09-10 18:39:38,否,,0,13,,
R202609001445,O202609004103,U10422,P10010,4,保温效果很好外观也漂亮物流很快,2026-09-09 08:14:00,否,,0,33,,
R202609001446,O202609003341,U10195,P10018,5,颜色正没有色差穿着舒服,2026-09-14 15:06:36,否,,3,7,感谢您的认可欢迎下次光临,2026-09-14 17:06:36
R202609001447,O202609002710,U10177,P10020,5,手机性价比超高续航一天没问题推荐购买,2026-09-09 21:21:00,否,,0,20,感谢您的理解祝您生活愉快,2026-09-10 02:21:00
R202609001448,O202609008929,U10061,P10017,2,客服态度恶劣不理人,2026-09-14 16:36:05,否,,1,6,,
R202609001449,O202609006027,U10265,P10012,4,物流超快第二天就到了包装完好,2026-09-07 05:50:54,否,,1,9,感谢您的认可欢迎下次光临,2026-09-07 09:50:54
R202609001450,O202609002236,U10396,P10019,4,绘本内容不错孩子很喜欢,2026-09-14 09:48:49,否,,0,45,,
R202609001451,O202609004586,U10004,P10016,5,手机性价比超高续航一天没问题推荐购买,2026-09-10 12:39:09,否,,3,17,感谢您的认可欢迎下次光临,2026-09-10 14:39:09
R202609001452,O202609003096,U10246,P10002,2,客服态度恶劣不理人,2026-09-06 19:52:27,否,,0,32,非常抱歉给您带来不好的体验我们会改进,2026-09-06 23:52:27
R202609001453,O202609001113,U10098,P10002,3,东西还行就是发货慢了点,2026-09-07 11:22:07,否,,1,26,感谢您的认可欢迎下次光临,2026-09-07 14:22:07
R202609001454,O202609004391,U10386,P10014,5,客服态度好有问必答点赞,2026-09-07 07:07:01,是,追评：质量比预期好,2,6,非常抱歉给您带来不好的体验我们会改进,2026-09-07 11:07:01
R202609001455,O202609000228,U10230,P10020,5,物流超快第二天就到了包装完好,2026-09-05 12:11:03,否,,1,26,感谢您的认可欢迎下次光临,2026-09-05 13:11:03
R202609001456,O202609000468,U10092,P10004,3,包装有点简陋东西没问题,2026-09-07 21:12:39,否,,0,14,已收到您的反馈我们会尽快处理,2026-09-08 02:12:39
R202609001457,O202609004953,U10434,P10009,1,鞋子偏小一码穿了半天脚疼,2026-09-07 12:02:28,否,,1,40,非常抱歉给您带来不好的体验我们会改进,2026-09-07 14:02:28
R202609001458,O202609008483,U10001,P10018,5,价格实惠比实体店便宜很多,2026-09-06 18:34:47,否,,3,30,,
R202609001459,O202609000325,U10371,P10013,5,手机性价比超高续航一天没问题推荐购买,2026-09-08 12:29:25,是,追评：质量比预期好,3,12,感谢您的理解祝您生活愉快,2026-09-08 16:29:25
R202609001460,O202609004245,U10130,P10009,5,物流超快第二天就到了包装完好,2026-09-08 10:42:06,否,,3,6,,
R202609001461,O202609005199,U10161,P10016,4,客服态度好有问必答点赞,2026-09-14 04:30:32,否,,2,39,已收到您的反馈我们会尽快处理,2026-09-14 05:30:32
R202609001462,O202609004530,U10191,P10001,3,一般般吧没有想象中好,2026-09-11 21:09:48,否,,3,30,感谢您的理解祝您生活愉快,2026-09-12 00:09:48
R202609001463,O202609000972,U10027,P10015,5,质量很好做工精细值得购买,2026-09-08 09:26:49,是,追评：质量比预期好,2,28,已收到您的反馈我们会尽快处理,2026-09-08 10:26:49
R202609001464,O202609007107,U10401,P10008,4,物流超快第二天就到了包装完好,2026-09-13 21:07:22,否,,2,3,感谢您的理解祝您生活愉快,2026-09-13 22:07:22
R202609001465,O202609009949,U10404,P10004,5,质量很好做工精细值得购买,2026-09-14 10:44:20,否,,2,34,已收到您的反馈我们会尽快处理,2026-09-14 11:44:20
R202609001466,O202609001868,U10071,P10004,4,客服态度好有问必答点赞,2026-09-12 02:54:24,否,,1,27,,
R202609001467,O202609006570,U10302,P10001,5,客服态度好有问必答点赞,2026-09-14 05:31:23,否,,0,21,,
R202609001468,O202609009802,U10351,P10002,3,东西还行就是发货慢了点,2026-09-06 20:38:46,是,售后处理很快满意,3,33,非常抱歉给您带来不好的体验我们会改进,2026-09-07 01:38:46
R202609001469,O202609002316,U10069,P10019,3,质量凑合对得起这个价格,2026-09-11 05:03:00,否,,2,29,,
R202609001470,O202609001923,U10336,P10008,4,物流超快第二天就到了包装完好,2026-09-14 08:31:41,否,,1,23,已收到您的反馈我们会尽快处理,2026-09-14 09:31:41
R202609001471,O202609009722,U10256,P10004,5,颜色正没有色差穿着舒服,2026-09-12 23:48:38,否,,3,19,,
R202609001472,O202609004075,U10122,P10020,4,手机性价比超高续航一天没问题推荐购买,2026-09-13 18:15:33,否,,1,1,非常抱歉给您带来不好的体验我们会改进,2026-09-13 22:15:33
R202609001473,O202609008547,U10314,P10012,3,东西还行就是发货慢了点,2026-09-09 21:14:43,否,,2,2,,
R202609001474,O202609005708,U10361,P10011,2,收到货发现有瑕疵要求换货,2026-09-07 10:54:41,否,,1,5,感谢您的理解祝您生活愉快,2026-09-07 12:54:41
R202609001475,O202609009428,U10391,P10005,4,物流超快第二天就到了包装完好,2026-09-13 06:25:45,否,,1,15,非常抱歉给您带来不好的体验我们会改进,2026-09-13 10:25:45
R202609001476,O202609009640,U10032,P10008,4,颜色正没有色差穿着舒服,2026-09-08 13:37:18,否,,3,22,已收到您的反馈我们会尽快处理,2026-09-08 15:37:18
R202609001477,O202609003950,U10226,P10013,1,用了两天就坏了质量太差,2026-09-09 05:10:19,否,,2,32,感谢您的理解祝您生活愉快,2026-09-09 08:10:19
R202609001478,O202609006359,U10009,P10015,4,颜色正没有色差穿着舒服,2026-09-06 03:29:26,是,追评：质量比预期好,2,15,感谢您的认可欢迎下次光临,2026-09-06 05:29:26
R202609001479,O202609002679,U10472,P10014,4,物流超快第二天就到了包装完好,2026-09-14 03:59:36,否,,3,38,已收到您的反馈我们会尽快处理,2026-09-14 05:59:36
R202609001480,O202609009299,U10098,P10002,5,颜色正没有色差穿着舒服,2026-09-14 14:07:56,否,,0,2,感谢您的认可欢迎下次光临,2026-09-14 16:07:56
R202609001481,O202609003386,U10429,P10007,5,绘本内容不错孩子很喜欢,2026-09-11 22:34:59,否,,2,8,,
R202609001482,O202609005816,U10216,P10004,5,手机性价比超高续航一天没问题推荐购买,2026-09-12 09:11:50,否,,0,27,感谢您的理解祝您生活愉快,2026-09-12 13:11:50
R202609001483,O202609007799,U10251,P10007,5,手机性价比超高续航一天没问题推荐购买,2026-09-14 09:58:53,否,,2,47,,
R202609001484,O202609004618,U10060,P10001,3,质量凑合对得起这个价格,2026-09-07 05:27:52,否,,1,2,,
R202609001485,O202609008345,U10380,P10015,4,颜色正没有色差穿着舒服,2026-09-05 12:10:37,是,售后处理很快满意,3,41,感谢您的认可欢迎下次光临,2026-09-05 17:10:37
R202609001486,O202609009775,U10292,P10015,4,保温效果很好外观也漂亮物流很快,2026-09-12 12:24:07,否,,3,13,感谢您的理解祝您生活愉快,2026-09-12 15:24:07
R202609001487,O202609003631,U10238,P10004,2,物流慢得要死等了一周,2026-09-10 19:52:50,否,,0,35,感谢您的认可欢迎下次光临,2026-09-10 20:52:50
R202609001488,O202609005601,U10432,P10005,4,手机性价比超高续航一天没问题推荐购买,2026-09-06 19:48:14,否,,1,28,感谢您的认可欢迎下次光临,2026-09-06 23:48:14
R202609001489,O202609008316,U10269,P10008,4,颜色正没有色差穿着舒服,2026-09-12 21:35:52,是,用了一段时间来追评确实不错,0,18,感谢您的理解祝您生活愉快,2026-09-12 23:35:52
R202609001490,O202609007597,U10286,P10018,4,保温效果很好外观也漂亮物流很快,2026-09-07 11:01:02,否,,0,14,,
R202609001491,O202609005788,U10474,P10003,3,一般般吧没有想象中好,2026-09-14 08:40:13,否,,2,37,,
R202609001492,O202609006702,U10119,P10008,4,价格实惠比实体店便宜很多,2026-09-06 21:48:01,否,,0,27,感谢您的理解祝您生活愉快,2026-09-07 00:48:01
R202609001493,O202609004083,U10326,P10005,5,颜色正没有色差穿着舒服,2026-09-09 01:00:48,否,,2,32,非常抱歉给您带来不好的体验我们会改进,2026-09-09 05:00:48
R202609001494,O202609005718,U10488,P10006,3,一般般吧没有想象中好,2026-09-11 05:33:39,否,,3,14,,
R202609001495,O202609003068,U10356,P10011,2,客服态度恶劣不理人,2026-09-13 13:00:09,否,,2,10,非常抱歉给您带来不好的体验我们会改进,2026-09-13 15:00:09
R202609001496,O202609001591,U10386,P10009,5,手机性价比超高续航一天没问题推荐购买,2026-09-06 05:42:57,是,追评：发现了一些问题希望改进,0,13,已收到您的反馈我们会尽快处理,2026-09-06 07:42:57
R202609001497,O202609005032,U10059,P10011,1,物流慢得要死等了一周,2026-09-05 14:34:41,否,,3,13,,
R202609001498,O202609000306,U10230,P10004,3,东西还行就是发货慢了点,2026-09-14 13:30:48,否,,1,21,非常抱歉给您带来不好的体验我们会改进,2026-09-14 17:30:48
R202609001499,O202609007884,U10079,P10001,3,一般般吧没有想象中好,2026-09-13 12:44:20,否,,1,15,非常抱歉给您带来不好的体验我们会改进,2026-09-13 15:44:20
R202609001500,O202609005762,U10445,P10015,5,物流超快第二天就到了包装完好,2026-09-13 11:59:28,是,追评：发现了一些问题希望改进,3,35,已收到您的反馈我们会尽快处理,2026-09-13 13:59:28
R202609001501,O202609005514,U10071,P10001,4,质量很好做工精细值得购买,2026-09-10 06:25:20,否,,3,47,感谢您的认可欢迎下次光临,2026-09-10 07:25:20
R202609001502,O202609003209,U10045,P10019,4,价格实惠比实体店便宜很多,2026-09-10 21:46:34,是,售后处理很快满意,2,38,,
R202609001503,O202609001972,U10434,P10006,5,手机性价比超高续航一天没问题推荐购买,2026-09-06 20:40:26,否,,0,10,,
R202609001504,O202609001360,U10169,P10019,5,颜色正没有色差穿着舒服,2026-09-08 12:52:20,否,,3,2,,
R202609001505,O202609007248,U10048,P10002,5,客服态度好有问必答点赞,2026-09-06 16:05:16,否,,1,40,感谢您的理解祝您生活愉快,2026-09-06 17:05:16
R202609001506,O202609000053,U10157,P10019,4,手机性价比超高续航一天没问题推荐购买,2026-09-06 15:39:35,否,,3,45,,
R202609001507,O202609005077,U10481,P10008,4,质量很好做工精细值得购买,2026-09-08 20:34:35,否,,1,15,感谢您的理解祝您生活愉快,2026-09-08 22:34:35
R202609001508,O202609000456,U10183,P10011,4,绘本内容不错孩子很喜欢,2026-09-13 04:30:38,否,,1,24,非常抱歉给您带来不好的体验我们会改进,2026-09-13 06:30:38
R202609001509,O202609006339,U10378,P10002,5,价格实惠比实体店便宜很多,2026-09-12 07:17:13,否,,3,27,,
R202609001510,O202609009355,U10121,P10014,5,客服态度好有问必答点赞,2026-09-09 14:09:13,否,,0,32,非常抱歉给您带来不好的体验我们会改进,2026-09-09 15:09:13
R202609001511,O202609002200,U10008,P10003,3,一般般吧没有想象中好,2026-09-05 08:41:05,否,,2,46,,
R202609001512,O202609006083,U10015,P10017,5,绘本内容不错孩子很喜欢,2026-09-14 15:39:55,否,,3,17,感谢您的理解祝您生活愉快,2026-09-14 17:39:55
R202609001513,O202609003447,U10260,P10019,5,绘本内容不错孩子很喜欢,2026-09-06 17:52:12,否,,2,28,已收到您的反馈我们会尽快处理,2026-09-06 20:52:12
R202609001514,O202609007879,U10338,P10003,4,保温效果很好外观也漂亮物流很快,2026-09-07 17:11:22,否,,1,47,,
R202609001515,O202609008380,U10086,P10008,4,手机性价比超高续航一天没问题推荐购买,2026-09-11 02:46:09,是,追评：质量比预期好,3,36,已收到您的反馈我们会尽快处理,2026-09-11 04:46:09
R202609001516,O202609003431,U10283,P10008,4,保温效果很好外观也漂亮物流很快,2026-09-06 19:05:42,否,,2,39,,
R202609001517,O202609000073,U10265,P10011,4,保温效果很好外观也漂亮物流很快,2026-09-13 01:48:56,否,,0,14,感谢您的认可欢迎下次光临,2026-09-13 04:48:56
R202609001518,O202609003662,U10484,P10007,3,质量凑合对得起这个价格,2026-09-11 17:27:00,否,,2,47,,
R202609001519,O202609000367,U10176,P10008,4,手机性价比超高续航一天没问题推荐购买,2026-09-05 20:50:29,否,,0,43,,
R202609001520,O202609004627,U10209,P10020,5,绘本内容不错孩子很喜欢,2026-09-09 15:00:10,否,,2,41,已收到您的反馈我们会尽快处理,2026-09-09 19:00:10
R202609001521,O202609008341,U10204,P10016,3,包装有点简陋东西没问题,2026-09-08 13:40:13,否,,3,30,非常抱歉给您带来不好的体验我们会改进,2026-09-08 14:40:13
R202609001522,O202609005714,U10350,P10011,5,物流超快第二天就到了包装完好,2026-09-13 19:03:06,否,,1,24,非常抱歉给您带来不好的体验我们会改进,2026-09-13 22:03:06
R202609001523,O202609005237,U10017,P10018,4,质量很好做工精细值得购买,2026-09-07 21:10:51,否,,0,39,非常抱歉给您带来不好的体验我们会改进,2026-09-08 02:10:51
R202609001524,O202609000857,U10490,P10016,2,鞋子偏小一码穿了半天脚疼,2026-09-07 19:00:16,是,追评：发现了一些问题希望改进,2,30,感谢您的认可欢迎下次光临,2026-09-07 23:00:16
R202609001525,O202609006187,U10204,P10008,3,包装有点简陋东西没问题,2026-09-09 20:03:07,否,,2,17,感谢您的认可欢迎下次光临,2026-09-09 23:03:07
R202609001526,O202609003253,U10050,P10002,4,手机性价比超高续航一天没问题推荐购买,2026-09-09 03:46:18,否,,1,40,,
R202609001527,O202609000880,U10106,P10006,5,手机性价比超高续航一天没问题推荐购买,2026-09-12 23:20:47,否,,3,27,感谢您的理解祝您生活愉快,2026-09-13 02:20:47
R202609001528,O202609002813,U10330,P10010,5,保温效果很好外观也漂亮物流很快,2026-09-10 03:12:32,否,,0,50,非常抱歉给您带来不好的体验我们会改进,2026-09-10 05:12:32
R202609001529,O202609001402,U10177,P10017,4,颜色正没有色差穿着舒服,2026-09-14 13:21:43,否,,2,44,非常抱歉给您带来不好的体验我们会改进,2026-09-14 17:21:43
R202609001530,O202609000044,U10200,P10019,5,绘本内容不错孩子很喜欢,2026-09-07 08:29:57,否,,1,5,已收到您的反馈我们会尽快处理,2026-09-07 10:29:57
R202609001531,O202609007884,U10055,P10019,5,绘本内容不错孩子很喜欢,2026-09-11 12:06:24,是,用了一段时间来追评确实不错,2,41,非常抱歉给您带来不好的体验我们会改进,2026-09-11 16:06:24
R202609001532,O202609001355,U10022,P10013,5,绘本内容不错孩子很喜欢,2026-09-10 07:23:25,否,,2,11,非常抱歉给您带来不好的体验我们会改进,2026-09-10 10:23:25
R202609001533,O202609005315,U10297,P10019,4,手机性价比超高续航一天没问题推荐购买,2026-09-05 21:30:04,否,,1,24,感谢您的理解祝您生活愉快,2026-09-06 00:30:04
R202609001534,O202609004905,U10315,P10014,5,客服态度好有问必答点赞,2026-09-10 21:23:57,是,售后处理很快满意,3,22,非常抱歉给您带来不好的体验我们会改进,2026-09-10 22:23:57
R202609001535,O202609005414,U10009,P10008,4,价格实惠比实体店便宜很多,2026-09-09 06:06:28,否,,1,45,,
R202609001536,O202609006544,U10033,P10006,1,用了两天就坏了质量太差,2026-09-08 09:18:54,否,,1,45,已收到您的反馈我们会尽快处理,2026-09-08 13:18:54
R202609001537,O202609001053,U10434,P10019,5,价格实惠比实体店便宜很多,2026-09-14 15:06:14,否,,0,26,,
R202609001538,O202609005190,U10041,P10005,4,质量很好做工精细值得购买,2026-09-12 22:05:23,否,,1,30,感谢您的理解祝您生活愉快,2026-09-13 01:05:23
R202609001539,O202609002342,U10212,P10010,4,物流超快第二天就到了包装完好,2026-09-13 19:16:32,否,,1,3,已收到您的反馈我们会尽快处理,2026-09-13 20:16:32
R202609001540,O202609005866,U10122,P10007,5,物流超快第二天就到了包装完好,2026-09-14 12:49:02,否,,3,18,已收到您的反馈我们会尽快处理,2026-09-14 17:49:02
R202609001541,O202609001248,U10147,P10010,2,收到货发现有瑕疵要求换货,2026-09-13 14:21:31,否,,2,32,感谢您的认可欢迎下次光临,2026-09-13 17:21:31
R202609001542,O202609005445,U10223,P10020,5,保温效果很好外观也漂亮物流很快,2026-09-06 22:57:16,否,,2,0,已收到您的反馈我们会尽快处理,2026-09-07 00:57:16
R202609001543,O202609009791,U10442,P10016,4,价格实惠比实体店便宜很多,2026-09-09 22:36:37,否,,0,19,感谢您的认可欢迎下次光临,2026-09-10 03:36:37
R202609001544,O202609006598,U10243,P10012,5,手机性价比超高续航一天没问题推荐购买,2026-09-08 10:23:36,否,,0,28,已收到您的反馈我们会尽快处理,2026-09-08 13:23:36
R202609001545,O202609007045,U10046,P10010,4,质量很好做工精细值得购买,2026-09-09 15:50:13,否,,0,13,已收到您的反馈我们会尽快处理,2026-09-09 18:50:13
R202609001546,O202609001150,U10108,P10015,5,保温效果很好外观也漂亮物流很快,2026-09-09 05:41:52,否,,2,46,,
R202609001547,O202609002134,U10104,P10011,5,物流超快第二天就到了包装完好,2026-09-10 14:38:23,否,,3,40,感谢您的认可欢迎下次光临,2026-09-10 17:38:23
R202609001548,O202609006013,U10289,P10002,5,价格实惠比实体店便宜很多,2026-09-12 01:30:45,否,,0,0,已收到您的反馈我们会尽快处理,2026-09-12 05:30:45
R202609001549,O202609006784,U10288,P10019,4,物流超快第二天就到了包装完好,2026-09-12 20:01:55,否,,3,7,,
R202609001550,O202609002126,U10111,P10005,2,跟描述完全不符要求退货,2026-09-09 11:25:07,是,追评：质量比预期好,2,38,非常抱歉给您带来不好的体验我们会改进,2026-09-09 13:25:07
R202609001551,O202609002020,U10200,P10008,4,物流超快第二天就到了包装完好,2026-09-05 18:08:44,否,,1,43,非常抱歉给您带来不好的体验我们会改进,2026-09-05 21:08:44
R202609001552,O202609007079,U10067,P10001,4,绘本内容不错孩子很喜欢,2026-09-06 06:12:46,否,,3,26,,
R202609001553,O202609006418,U10238,P10001,4,手机性价比超高续航一天没问题推荐购买,2026-09-06 19:07:04,否,,2,23,感谢您的理解祝您生活愉快,2026-09-06 22:07:04
R202609001554,O202609003376,U10411,P10018,4,颜色正没有色差穿着舒服,2026-09-14 20:29:03,否,,1,47,感谢您的认可欢迎下次光临,2026-09-14 22:29:03
R202609001555,O202609004931,U10035,P10011,3,质量凑合对得起这个价格,2026-09-07 07:18:40,否,,3,18,感谢您的认可欢迎下次光临,2026-09-07 08:18:40
R202609001556,O202609004878,U10189,P10003,4,物流超快第二天就到了包装完好,2026-09-07 02:31:47,否,,2,39,非常抱歉给您带来不好的体验我们会改进,2026-09-07 04:31:47
R202609001557,O202609001956,U10474,P10020,4,保温效果很好外观也漂亮物流很快,2026-09-06 19:19:25,否,,0,0,已收到您的反馈我们会尽快处理,2026-09-06 21:19:25
R202609001558,O202609008624,U10500,P10005,5,颜色正没有色差穿着舒服,2026-09-08 01:33:47,否,,3,4,,
R202609001559,O202609009974,U10268,P10013,3,包装有点简陋东西没问题,2026-09-06 03:27:10,否,,0,0,,
R202609001560,O202609009980,U10003,P10020,5,颜色正没有色差穿着舒服,2026-09-12 06:35:15,否,,2,39,,
R202609001561,O202609000281,U10331,P10014,4,物流超快第二天就到了包装完好,2026-09-09 22:36:34,是,售后处理很快满意,2,1,感谢您的理解祝您生活愉快,2026-09-09 23:36:34
R202609001562,O202609001158,U10248,P10015,4,质量很好做工精细值得购买,2026-09-10 10:55:51,否,,3,4,非常抱歉给您带来不好的体验我们会改进,2026-09-10 15:55:51
R202609001563,O202609003471,U10455,P10010,3,包装有点简陋东西没问题,2026-09-07 07:44:27,否,,0,31,非常抱歉给您带来不好的体验我们会改进,2026-09-07 09:44:27
R202609001564,O202609005686,U10122,P10010,4,手机性价比超高续航一天没问题推荐购买,2026-09-11 06:54:09,否,,3,44,已收到您的反馈我们会尽快处理,2026-09-11 11:54:09
R202609001565,O202609006102,U10362,P10001,3,包装有点简陋东西没问题,2026-09-06 06:26:21,否,,0,7,非常抱歉给您带来不好的体验我们会改进,2026-09-06 07:26:21
R202609001566,O202609008847,U10110,P10012,4,手机性价比超高续航一天没问题推荐购买,2026-09-08 01:43:19,否,,0,2,感谢您的认可欢迎下次光临,2026-09-08 06:43:19
R202609001567,O202609004827,U10033,P10002,3,一般般吧没有想象中好,2026-09-08 22:44:02,否,,0,38,感谢您的认可欢迎下次光临,2026-09-09 03:44:02
R202609001568,O202609005189,U10072,P10004,3,东西还行就是发货慢了点,2026-09-11 07:56:51,否,,1,40,,
R202609001569,O202609009724,U10434,P10001,2,收到货发现有瑕疵要求换货,2026-09-09 01:46:53,否,,3,13,感谢您的理解祝您生活愉快,2026-09-09 02:46:53
R202609001570,O202609004675,U10488,P10018,4,颜色正没有色差穿着舒服,2026-09-06 08:02:34,否,,2,30,感谢您的理解祝您生活愉快,2026-09-06 10:02:34
R202609001571,O202609007448,U10463,P10003,3,质量凑合对得起这个价格,2026-09-12 04:44:37,否,,1,37,感谢您的认可欢迎下次光临,2026-09-12 06:44:37
R202609001572,O202609007797,U10343,P10006,3,一般般吧没有想象中好,2026-09-10 16:07:24,是,追评：质量比预期好,2,44,已收到您的反馈我们会尽快处理,2026-09-10 17:07:24
R202609001573,O202609005268,U10204,P10003,5,颜色正没有色差穿着舒服,2026-09-13 11:27:09,否,,1,2,感谢您的理解祝您生活愉快,2026-09-13 15:27:09
R202609001574,O202609009540,U10467,P10016,4,质量很好做工精细值得购买,2026-09-13 22:20:36,否,,0,23,,
R202609001575,O202609001862,U10229,P10004,4,质量很好做工精细值得购买,2026-09-08 10:18:15,否,,3,7,感谢您的理解祝您生活愉快,2026-09-08 12:18:15
R202609001576,O202609009345,U10457,P10010,5,颜色正没有色差穿着舒服,2026-09-14 17:17:56,否,,3,45,感谢您的理解祝您生活愉快,2026-09-14 22:17:56
R202609001577,O202609004532,U10162,P10002,4,客服态度好有问必答点赞,2026-09-10 21:55:47,否,,3,37,感谢您的理解祝您生活愉快,2026-09-10 22:55:47
R202609001578,O202609002451,U10342,P10011,3,东西还行就是发货慢了点,2026-09-12 20:49:01,否,,1,45,,
R202609001579,O202609007640,U10279,P10004,3,东西还行就是发货慢了点,2026-09-13 16:35:38,否,,3,30,感谢您的理解祝您生活愉快,2026-09-13 19:35:38
R202609001580,O202609009637,U10096,P10007,4,物流超快第二天就到了包装完好,2026-09-12 05:57:30,否,,3,10,感谢您的认可欢迎下次光临,2026-09-12 10:57:30
R202609001581,O202609005633,U10256,P10015,5,物流超快第二天就到了包装完好,2026-09-08 03:15:35,否,,1,17,已收到您的反馈我们会尽快处理,2026-09-08 07:15:35
R202609001582,O202609002788,U10003,P10008,4,客服态度好有问必答点赞,2026-09-12 16:26:40,否,,0,31,,
R202609001583,O202609005636,U10198,P10014,3,一般般吧没有想象中好,2026-09-13 09:52:54,否,,1,25,感谢您的认可欢迎下次光临,2026-09-13 11:52:54
R202609001584,O202609007425,U10451,P10013,3,一般般吧没有想象中好,2026-09-11 22:40:34,是,追评：发现了一些问题希望改进,2,28,,
R202609001585,O202609008430,U10179,P10013,4,绘本内容不错孩子很喜欢,2026-09-05 19:52:20,否,,1,29,非常抱歉给您带来不好的体验我们会改进,2026-09-05 20:52:20
R202609001586,O202609008838,U10427,P10004,5,质量很好做工精细值得购买,2026-09-11 17:25:54,否,,0,42,,
R202609001587,O202609002969,U10472,P10002,2,鞋子偏小一码穿了半天脚疼,2026-09-07 01:09:25,否,,3,17,,
R202609001588,O202609002278,U10073,P10004,2,客服态度恶劣不理人,2026-09-07 14:24:21,是,售后处理很快满意,0,33,感谢您的认可欢迎下次光临,2026-09-07 18:24:21
R202609001589,O202609008184,U10400,P10008,4,绘本内容不错孩子很喜欢,2026-09-09 04:32:33,否,,3,5,非常抱歉给您带来不好的体验我们会改进,2026-09-09 09:32:33
R202609001590,O202609008224,U10296,P10009,4,物流超快第二天就到了包装完好,2026-09-08 12:10:08,否,,2,4,感谢您的理解祝您生活愉快,2026-09-08 15:10:08
R202609001591,O202609009422,U10412,P10009,5,保温效果很好外观也漂亮物流很快,2026-09-11 14:37:31,否,,2,35,,
R202609001592,O202609004902,U10193,P10007,5,价格实惠比实体店便宜很多,2026-09-09 17:57:41,否,,3,50,感谢您的理解祝您生活愉快,2026-09-09 22:57:41
R202609001593,O202609008103,U10069,P10012,4,价格实惠比实体店便宜很多,2026-09-14 19:17:38,否,,1,2,,
R202609001594,O202609001995,U10403,P10011,3,东西还行就是发货慢了点,2026-09-10 09:50:21,否,,2,14,感谢您的理解祝您生活愉快,2026-09-10 13:50:21
R202609001595,O202609003915,U10040,P10011,5,客服态度好有问必答点赞,2026-09-10 17:04:12,否,,3,31,感谢您的认可欢迎下次光临,2026-09-10 18:04:12
R202609001596,O202609008143,U10147,P10012,4,颜色正没有色差穿着舒服,2026-09-12 20:59:17,否,,2,41,感谢您的理解祝您生活愉快,2026-09-12 23:59:17
R202609001597,O202609007305,U10157,P10005,5,客服态度好有问必答点赞,2026-09-14 00:59:39,否,,2,15,非常抱歉给您带来不好的体验我们会改进,2026-09-14 02:59:39
R202609001598,O202609002857,U10035,P10002,4,价格实惠比实体店便宜很多,2026-09-14 19:36:21,否,,3,27,,
R202609001599,O202609001440,U10459,P10001,3,一般般吧没有想象中好,2026-09-13 10:18:36,否,,2,45,,
R202609001600,O202609000241,U10496,P10006,5,绘本内容不错孩子很喜欢,2026-09-07 00:47:44,否,,3,12,,
R202609001601,O202609007692,U10092,P10010,5,质量很好做工精细值得购买,2026-09-06 08:40:27,否,,2,14,感谢您的认可欢迎下次光临,2026-09-06 09:40:27
R202609001602,O202609009052,U10094,P10010,4,物流超快第二天就到了包装完好,2026-09-06 23:47:08,是,售后处理很快满意,1,39,感谢您的理解祝您生活愉快,2026-09-07 00:47:08
R202609001603,O202609005961,U10151,P10014,5,颜色正没有色差穿着舒服,2026-09-13 20:30:15,否,,0,27,,
R202609001604,O202609002229,U10165,P10012,2,客服态度恶劣不理人,2026-09-14 17:44:46,否,,3,7,已收到您的反馈我们会尽快处理,2026-09-14 20:44:46
R202609001605,O202609003683,U10473,P10011,5,质量很好做工精细值得购买,2026-09-06 11:38:48,否,,0,24,已收到您的反馈我们会尽快处理,2026-09-06 13:38:48
R202609001606,O202609006494,U10176,P10018,2,物流慢得要死等了一周,2026-09-11 21:01:40,否,,3,13,,
R202609001607,O202609009429,U10424,P10003,5,绘本内容不错孩子很喜欢,2026-09-05 20:01:47,否,,0,39,感谢您的认可欢迎下次光临,2026-09-06 00:01:47
R202609001608,O202609002339,U10202,P10010,3,一般般吧没有想象中好,2026-09-11 12:04:24,否,,0,12,,
R202609001609,O202609009915,U10148,P10004,4,颜色正没有色差穿着舒服,2026-09-09 10:23:33,否,,1,12,感谢您的理解祝您生活愉快,2026-09-09 15:23:33
R202609001610,O202609006266,U10255,P10012,3,一般般吧没有想象中好,2026-09-07 15:51:03,否,,0,2,,
R202609001611,O202609009256,U10170,P10008,4,物流超快第二天就到了包装完好,2026-09-05 09:06:24,否,,0,43,感谢您的认可欢迎下次光临,2026-09-05 14:06:24
R202609001612,O202609004921,U10324,P10014,3,一般般吧没有想象中好,2026-09-11 06:49:30,否,,0,47,非常抱歉给您带来不好的体验我们会改进,2026-09-11 07:49:30
R202609001613,O202609007941,U10349,P10019,1,收到货发现有瑕疵要求换货,2026-09-08 18:18:40,是,售后处理很快满意,2,24,感谢您的认可欢迎下次光临,2026-09-08 19:18:40
R202609001614,O202609006532,U10256,P10014,2,客服态度恶劣不理人,2026-09-06 01:30:45,否,,1,17,感谢您的认可欢迎下次光临,2026-09-06 02:30:45
R202609001615,O202609002690,U10133,P10003,4,保温效果很好外观也漂亮物流很快,2026-09-12 21:24:05,是,售后处理很快满意,2,34,非常抱歉给您带来不好的体验我们会改进,2026-09-12 22:24:05
R202609001616,O202609008269,U10043,P10016,3,一般般吧没有想象中好,2026-09-14 11:11:02,否,,3,2,,
R202609001617,O202609004768,U10350,P10020,5,手机性价比超高续航一天没问题推荐购买,2026-09-06 08:12:22,否,,2,45,感谢您的认可欢迎下次光临,2026-09-06 10:12:22
R202609001618,O202609004968,U10017,P10004,4,颜色正没有色差穿着舒服,2026-09-11 02:38:33,是,追评：质量比预期好,0,23,非常抱歉给您带来不好的体验我们会改进,2026-09-11 04:38:33
R202609001619,O202609003048,U10220,P10011,1,客服态度恶劣不理人,2026-09-11 11:54:11,否,,0,24,,
R202609001620,O202609001108,U10178,P10019,4,客服态度好有问必答点赞,2026-09-08 18:16:05,否,,1,20,感谢您的理解祝您生活愉快,2026-09-08 22:16:05
R202609001621,O202609007226,U10159,P10019,4,客服态度好有问必答点赞,2026-09-06 16:29:14,否,,3,49,感谢您的认可欢迎下次光临,2026-09-06 19:29:14
R202609001622,O202609001964,U10387,P10004,3,包装有点简陋东西没问题,2026-09-11 01:29:35,否,,3,31,已收到您的反馈我们会尽快处理,2026-09-11 05:29:35
R202609001623,O202609003017,U10095,P10015,4,物流超快第二天就到了包装完好,2026-09-14 20:22:24,否,,0,0,已收到您的反馈我们会尽快处理,2026-09-15 00:22:24
R202609001624,O202609000981,U10074,P10001,1,客服态度恶劣不理人,2026-09-14 23:49:45,否,,0,26,,
R202609001625,O202609003526,U10191,P10012,3,东西还行就是发货慢了点,2026-09-06 04:42:31,否,,2,2,非常抱歉给您带来不好的体验我们会改进,2026-09-06 08:42:31
R202609001626,O202609008830,U10168,P10007,4,质量很好做工精细值得购买,2026-09-08 14:42:51,否,,3,14,已收到您的反馈我们会尽快处理,2026-09-08 17:42:51
R202609001627,O202609006914,U10467,P10019,5,客服态度好有问必答点赞,2026-09-11 04:41:12,否,,0,38,感谢您的理解祝您生活愉快,2026-09-11 05:41:12
R202609001628,O202609007497,U10366,P10001,5,绘本内容不错孩子很喜欢,2026-09-10 10:15:32,否,,1,0,非常抱歉给您带来不好的体验我们会改进,2026-09-10 14:15:32
R202609001629,O202609003937,U10206,P10004,2,物流慢得要死等了一周,2026-09-08 00:34:14,否,,1,42,感谢您的理解祝您生活愉快,2026-09-08 04:34:14
R202609001630,O202609003295,U10327,P10017,3,一般般吧没有想象中好,2026-09-14 15:04:11,否,,3,21,感谢您的认可欢迎下次光临,2026-09-14 18:04:11
R202609001631,O202609001866,U10500,P10019,3,东西还行就是发货慢了点,2026-09-07 03:17:59,是,追评：质量比预期好,3,47,,
R202609001632,O202609003299,U10058,P10017,3,包装有点简陋东西没问题,2026-09-05 14:41:06,否,,2,15,感谢您的认可欢迎下次光临,2026-09-05 16:41:06
R202609001633,O202609007503,U10021,P10016,5,质量很好做工精细值得购买,2026-09-09 17:43:51,否,,1,45,感谢您的理解祝您生活愉快,2026-09-09 20:43:51
R202609001634,O202609003822,U10307,P10007,4,保温效果很好外观也漂亮物流很快,2026-09-06 14:16:24,否,,2,1,,
R202609001635,O202609000560,U10327,P10001,3,包装有点简陋东西没问题,2026-09-05 01:50:02,否,,0,29,感谢您的理解祝您生活愉快,2026-09-05 03:50:02
R202609001636,O202609005601,U10140,P10005,5,绘本内容不错孩子很喜欢,2026-09-14 08:20:23,否,,3,24,,
R202609001637,O202609002221,U10006,P10008,2,物流慢得要死等了一周,2026-09-09 11:06:12,否,,0,15,非常抱歉给您带来不好的体验我们会改进,2026-09-09 15:06:12
R202609001638,O202609002918,U10094,P10020,1,跟描述完全不符要求退货,2026-09-09 22:16:47,否,,3,26,感谢您的理解祝您生活愉快,2026-09-10 03:16:47
R202609001639,O202609001017,U10408,P10016,5,客服态度好有问必答点赞,2026-09-06 07:23:22,是,用了一段时间来追评确实不错,2,12,感谢您的认可欢迎下次光临,2026-09-06 11:23:22
R202609001640,O202609000597,U10356,P10020,1,客服态度恶劣不理人,2026-09-11 03:09:26,否,,2,11,感谢您的理解祝您生活愉快,2026-09-11 08:09:26
R202609001641,O202609005242,U10333,P10003,4,颜色正没有色差穿着舒服,2026-09-06 11:36:13,否,,2,15,感谢您的认可欢迎下次光临,2026-09-06 16:36:13
R202609001642,O202609009207,U10386,P10001,5,物流超快第二天就到了包装完好,2026-09-13 17:55:30,否,,0,19,感谢您的认可欢迎下次光临,2026-09-13 18:55:30
R202609001643,O202609007324,U10383,P10011,5,客服态度好有问必答点赞,2026-09-12 13:55:14,否,,0,32,已收到您的反馈我们会尽快处理,2026-09-12 14:55:14
R202609001644,O202609006495,U10058,P10002,2,鞋子偏小一码穿了半天脚疼,2026-09-08 21:01:15,否,,1,8,,
R202609001645,O202609007481,U10144,P10016,5,价格实惠比实体店便宜很多,2026-09-08 03:50:07,否,,3,36,已收到您的反馈我们会尽快处理,2026-09-08 08:50:07
R202609001646,O202609001449,U10092,P10006,4,保温效果很好外观也漂亮物流很快,2026-09-07 10:47:19,否,,1,14,非常抱歉给您带来不好的体验我们会改进,2026-09-07 15:47:19
R202609001647,O202609003588,U10311,P10007,3,东西还行就是发货慢了点,2026-09-06 21:01:16,否,,2,37,已收到您的反馈我们会尽快处理,2026-09-07 00:01:16
R202609001648,O202609008051,U10100,P10009,4,保温效果很好外观也漂亮物流很快,2026-09-10 22:38:27,是,追评：发现了一些问题希望改进,2,25,已收到您的反馈我们会尽快处理,2026-09-11 01:38:27
R202609001649,O202609002210,U10040,P10013,1,客服态度恶劣不理人,2026-09-14 12:52:20,否,,1,33,感谢您的认可欢迎下次光临,2026-09-14 17:52:20
R202609001650,O202609000597,U10487,P10005,4,质量很好做工精细值得购买,2026-09-05 09:02:48,否,,3,13,感谢您的理解祝您生活愉快,2026-09-05 12:02:48
R202609001651,O202609002698,U10169,P10018,3,一般般吧没有想象中好,2026-09-11 00:24:47,否,,0,25,非常抱歉给您带来不好的体验我们会改进,2026-09-11 04:24:47
R202609001652,O202609006240,U10153,P10013,4,保温效果很好外观也漂亮物流很快,2026-09-08 14:04:45,否,,2,47,非常抱歉给您带来不好的体验我们会改进,2026-09-08 17:04:45
R202609001653,O202609008026,U10188,P10011,4,颜色正没有色差穿着舒服,2026-09-07 11:30:43,否,,2,31,感谢您的认可欢迎下次光临,2026-09-07 14:30:43
R202609001654,O202609006799,U10024,P10011,4,手机性价比超高续航一天没问题推荐购买,2026-09-11 19:02:51,否,,1,34,感谢您的认可欢迎下次光临,2026-09-11 23:02:51
R202609001655,O202609009753,U10344,P10016,4,价格实惠比实体店便宜很多,2026-09-05 09:54:01,否,,0,37,,
R202609001656,O202609008441,U10326,P10007,4,手机性价比超高续航一天没问题推荐购买,2026-09-05 03:00:51,否,,0,27,已收到您的反馈我们会尽快处理,2026-09-05 08:00:51
R202609001657,O202609009963,U10263,P10005,4,绘本内容不错孩子很喜欢,2026-09-12 20:35:05,否,,0,41,感谢您的理解祝您生活愉快,2026-09-12 22:35:05
R202609001658,O202609001933,U10238,P10004,4,价格实惠比实体店便宜很多,2026-09-12 18:27:28,否,,3,11,非常抱歉给您带来不好的体验我们会改进,2026-09-12 19:27:28
R202609001659,O202609003886,U10309,P10012,5,绘本内容不错孩子很喜欢,2026-09-05 19:51:04,否,,3,31,已收到您的反馈我们会尽快处理,2026-09-05 21:51:04
R202609001660,O202609003077,U10285,P10008,4,物流超快第二天就到了包装完好,2026-09-06 04:46:11,是,用了一段时间来追评确实不错,1,3,,
R202609001661,O202609001060,U10266,P10006,5,客服态度好有问必答点赞,2026-09-11 12:59:29,否,,3,50,,
R202609001662,O202609000648,U10001,P10014,4,价格实惠比实体店便宜很多,2026-09-11 01:15:05,否,,3,1,非常抱歉给您带来不好的体验我们会改进,2026-09-11 03:15:05
R202609001663,O202609005524,U10187,P10003,4,绘本内容不错孩子很喜欢,2026-09-12 18:24:56,否,,1,29,感谢您的认可欢迎下次光临,2026-09-12 22:24:56
R202609001664,O202609008166,U10043,P10019,5,绘本内容不错孩子很喜欢,2026-09-12 15:10:02,否,,0,32,,
R202609001665,O202609002349,U10157,P10007,4,客服态度好有问必答点赞,2026-09-07 22:45:22,否,,1,3,,
R202609001666,O202609000122,U10331,P10011,4,手机性价比超高续航一天没问题推荐购买,2026-09-05 19:47:41,是,追评：发现了一些问题希望改进,1,44,感谢您的理解祝您生活愉快,2026-09-05 21:47:41
R202609001667,O202609003084,U10201,P10020,2,用了两天就坏了质量太差,2026-09-07 00:32:00,是,追评：发现了一些问题希望改进,0,40,已收到您的反馈我们会尽快处理,2026-09-07 03:32:00
R202609001668,O202609001487,U10202,P10006,5,手机性价比超高续航一天没问题推荐购买,2026-09-08 03:23:06,否,,0,40,感谢您的理解祝您生活愉快,2026-09-08 05:23:06
R202609001669,O202609007311,U10285,P10014,3,质量凑合对得起这个价格,2026-09-11 03:13:27,是,用了一段时间来追评确实不错,1,40,已收到您的反馈我们会尽快处理,2026-09-11 04:13:27
R202609001670,O202609008600,U10207,P10002,5,价格实惠比实体店便宜很多,2026-09-13 03:25:37,否,,1,11,,
R202609001671,O202609007213,U10202,P10019,5,颜色正没有色差穿着舒服,2026-09-13 06:07:49,否,,1,17,感谢您的理解祝您生活愉快,2026-09-13 08:07:49
R202609001672,O202609003976,U10436,P10018,4,客服态度好有问必答点赞,2026-09-12 11:45:49,否,,2,31,已收到您的反馈我们会尽快处理,2026-09-12 16:45:49
R202609001673,O202609006409,U10474,P10008,5,绘本内容不错孩子很喜欢,2026-09-11 04:50:26,否,,0,9,感谢您的认可欢迎下次光临,2026-09-11 06:50:26
R202609001674,O202609004505,U10073,P10018,4,手机性价比超高续航一天没问题推荐购买,2026-09-05 15:24:31,否,,1,31,感谢您的认可欢迎下次光临,2026-09-05 20:24:31
R202609001675,O202609001526,U10334,P10014,2,物流慢得要死等了一周,2026-09-11 02:21:46,否,,1,41,,
R202609001676,O202609004008,U10332,P10001,4,客服态度好有问必答点赞,2026-09-10 14:03:30,否,,0,0,非常抱歉给您带来不好的体验我们会改进,2026-09-10 17:03:30
R202609001677,O202609005574,U10187,P10010,3,包装有点简陋东西没问题,2026-09-06 17:01:16,是,追评：发现了一些问题希望改进,3,8,已收到您的反馈我们会尽快处理,2026-09-06 18:01:16
R202609001678,O202609001106,U10209,P10002,4,保温效果很好外观也漂亮物流很快,2026-09-09 22:53:15,否,,2,10,已收到您的反馈我们会尽快处理,2026-09-10 01:53:15
R202609001679,O202609006450,U10241,P10016,3,包装有点简陋东西没问题,2026-09-09 18:24:22,否,,0,28,感谢您的认可欢迎下次光临,2026-09-09 21:24:22
R202609001680,O202609000267,U10478,P10010,3,质量凑合对得起这个价格,2026-09-13 22:46:37,否,,3,50,,
R202609001681,O202609001751,U10402,P10018,2,用了两天就坏了质量太差,2026-09-10 13:21:29,否,,3,36,感谢您的理解祝您生活愉快,2026-09-10 16:21:29
R202609001682,O202609001211,U10385,P10007,5,手机性价比超高续航一天没问题推荐购买,2026-09-05 15:57:29,否,,3,36,非常抱歉给您带来不好的体验我们会改进,2026-09-05 19:57:29
R202609001683,O202609001101,U10151,P10006,4,客服态度好有问必答点赞,2026-09-07 12:26:56,否,,0,35,感谢您的理解祝您生活愉快,2026-09-07 16:26:56
R202609001684,O202609009728,U10089,P10006,5,质量很好做工精细值得购买,2026-09-14 22:56:20,否,,2,0,已收到您的反馈我们会尽快处理,2026-09-15 00:56:20
R202609001685,O202609007479,U10390,P10012,4,物流超快第二天就到了包装完好,2026-09-05 05:41:51,否,,3,18,,
R202609001686,O202609009950,U10443,P10009,4,保温效果很好外观也漂亮物流很快,2026-09-07 09:33:22,否,,0,36,感谢您的认可欢迎下次光临,2026-09-07 14:33:22
R202609001687,O202609003952,U10124,P10003,5,价格实惠比实体店便宜很多,2026-09-10 03:11:09,否,,0,42,感谢您的认可欢迎下次光临,2026-09-10 08:11:09
R202609001688,O202609005919,U10192,P10010,4,手机性价比超高续航一天没问题推荐购买,2026-09-08 09:11:44,否,,1,31,,
R202609001689,O202609001412,U10500,P10008,4,价格实惠比实体店便宜很多,2026-09-14 17:44:55,否,,3,0,,
R202609001690,O202609006120,U10049,P10002,5,质量很好做工精细值得购买,2026-09-09 06:15:21,是,用了一段时间来追评确实不错,2,3,感谢您的认可欢迎下次光临,2026-09-09 11:15:21
R202609001691,O202609008630,U10071,P10013,5,绘本内容不错孩子很喜欢,2026-09-07 12:31:58,否,,2,2,,
R202609001692,O202609000133,U10256,P10019,3,一般般吧没有想象中好,2026-09-08 18:49:46,否,,1,27,感谢您的理解祝您生活愉快,2026-09-08 20:49:46
R202609001693,O202609001969,U10001,P10020,2,跟描述完全不符要求退货,2026-09-10 10:15:15,否,,3,27,,
R202609001694,O202609008323,U10419,P10018,1,收到货发现有瑕疵要求换货,2026-09-09 19:49:27,是,售后处理很快满意,2,18,,
R202609001695,O202609002700,U10198,P10002,4,物流超快第二天就到了包装完好,2026-09-10 23:19:44,是,追评：质量比预期好,3,22,感谢您的认可欢迎下次光临,2026-09-11 04:19:44
R202609001696,O202609002504,U10302,P10008,3,东西还行就是发货慢了点,2026-09-10 01:34:44,是,售后处理很快满意,3,12,感谢您的认可欢迎下次光临,2026-09-10 06:34:44
R202609001697,O202609001009,U10406,P10016,5,价格实惠比实体店便宜很多,2026-09-14 12:49:08,是,用了一段时间来追评确实不错,2,37,非常抱歉给您带来不好的体验我们会改进,2026-09-14 14:49:08
R202609001698,O202609004390,U10454,P10009,1,用了两天就坏了质量太差,2026-09-08 03:14:41,否,,2,31,感谢您的理解祝您生活愉快,2026-09-08 04:14:41
R202609001699,O202609000472,U10142,P10009,3,东西还行就是发货慢了点,2026-09-06 16:18:25,否,,2,3,感谢您的理解祝您生活愉快,2026-09-06 20:18:25
R202609001700,O202609000485,U10425,P10011,5,物流超快第二天就到了包装完好,2026-09-08 19:54:46,否,,2,47,,
R202609001701,O202609002060,U10151,P10007,5,颜色正没有色差穿着舒服,2026-09-05 03:47:01,否,,2,20,已收到您的反馈我们会尽快处理,2026-09-05 08:47:01
R202609001702,O202609004245,U10119,P10014,5,绘本内容不错孩子很喜欢,2026-09-13 09:05:56,否,,0,7,感谢您的理解祝您生活愉快,2026-09-13 12:05:56
R202609001703,O202609001407,U10164,P10003,5,物流超快第二天就到了包装完好,2026-09-13 18:03:52,是,用了一段时间来追评确实不错,2,31,感谢您的理解祝您生活愉快,2026-09-13 20:03:52
R202609001704,O202609002644,U10428,P10013,4,保温效果很好外观也漂亮物流很快,2026-09-09 05:51:47,否,,3,35,感谢您的理解祝您生活愉快,2026-09-09 09:51:47
R202609001705,O202609006130,U10077,P10004,3,东西还行就是发货慢了点,2026-09-11 13:20:41,否,,0,36,,
R202609001706,O202609002236,U10182,P10002,1,跟描述完全不符要求退货,2026-09-14 11:41:19,否,,1,12,,
R202609001707,O202609006211,U10205,P10004,5,颜色正没有色差穿着舒服,2026-09-09 21:46:13,是,用了一段时间来追评确实不错,0,9,已收到您的反馈我们会尽快处理,2026-09-09 22:46:13
R202609001708,O202609008575,U10385,P10009,5,绘本内容不错孩子很喜欢,2026-09-13 16:01:26,否,,1,10,,
R202609001709,O202609004839,U10071,P10001,3,质量凑合对得起这个价格,2026-09-14 07:58:14,否,,3,1,,
R202609001710,O202609002901,U10245,P10017,4,物流超快第二天就到了包装完好,2026-09-13 22:41:45,否,,2,15,,
R202609001711,O202609004790,U10350,P10017,5,颜色正没有色差穿着舒服,2026-09-08 22:05:15,否,,0,11,感谢您的认可欢迎下次光临,2026-09-08 23:05:15
R202609001712,O202609004178,U10389,P10004,3,东西还行就是发货慢了点,2026-09-07 19:26:03,是,售后处理很快满意,3,7,,
R202609001713,O202609003483,U10351,P10006,4,质量很好做工精细值得购买,2026-09-06 17:26:20,否,,2,34,感谢您的认可欢迎下次光临,2026-09-06 18:26:20
R202609001714,O202609002871,U10295,P10012,5,客服态度好有问必答点赞,2026-09-06 16:05:01,否,,1,41,,
R202609001715,O202609009560,U10157,P10014,5,价格实惠比实体店便宜很多,2026-09-14 08:05:59,否,,0,24,感谢您的认可欢迎下次光临,2026-09-14 12:05:59
R202609001716,O202609007464,U10383,P10005,4,价格实惠比实体店便宜很多,2026-09-12 07:34:20,否,,0,30,非常抱歉给您带来不好的体验我们会改进,2026-09-12 12:34:20
R202609001717,O202609007252,U10317,P10012,4,质量很好做工精细值得购买,2026-09-14 00:28:41,否,,0,14,已收到您的反馈我们会尽快处理,2026-09-14 05:28:41
R202609001718,O202609006293,U10383,P10016,3,质量凑合对得起这个价格,2026-09-12 23:14:01,否,,0,31,已收到您的反馈我们会尽快处理,2026-09-13 03:14:01
R202609001719,O202609007960,U10280,P10011,3,包装有点简陋东西没问题,2026-09-07 23:11:56,否,,0,48,感谢您的理解祝您生活愉快,2026-09-08 01:11:56
R202609001720,O202609003593,U10209,P10019,4,物流超快第二天就到了包装完好,2026-09-14 15:12:29,否,,1,48,感谢您的认可欢迎下次光临,2026-09-14 18:12:29
R202609001721,O202609003449,U10237,P10009,3,东西还行就是发货慢了点,2026-09-06 15:21:41,否,,1,47,感谢您的认可欢迎下次光临,2026-09-06 20:21:41
R202609001722,O202609001914,U10312,P10015,3,质量凑合对得起这个价格,2026-09-12 14:31:27,是,用了一段时间来追评确实不错,2,38,非常抱歉给您带来不好的体验我们会改进,2026-09-12 17:31:27
R202609001723,O202609001565,U10368,P10007,5,颜色正没有色差穿着舒服,2026-09-07 00:16:20,否,,0,25,,
R202609001724,O202609003790,U10101,P10007,1,物流慢得要死等了一周,2026-09-11 02:27:30,否,,2,20,已收到您的反馈我们会尽快处理,2026-09-11 04:27:30
R202609001725,O202609009524,U10070,P10011,5,物流超快第二天就到了包装完好,2026-09-12 18:32:09,否,,3,24,感谢您的理解祝您生活愉快,2026-09-12 19:32:09
R202609001726,O202609001940,U10317,P10002,5,质量很好做工精细值得购买,2026-09-07 12:24:39,否,,0,5,非常抱歉给您带来不好的体验我们会改进,2026-09-07 14:24:39
R202609001727,O202609004951,U10395,P10006,4,客服态度好有问必答点赞,2026-09-07 02:12:57,否,,2,19,,
R202609001728,O202609007475,U10146,P10010,3,一般般吧没有想象中好,2026-09-11 13:52:24,否,,1,12,感谢您的认可欢迎下次光临,2026-09-11 16:52:24
R202609001729,O202609005052,U10467,P10010,5,绘本内容不错孩子很喜欢,2026-09-06 09:41:14,否,,3,36,,
R202609001730,O202609000241,U10222,P10018,4,颜色正没有色差穿着舒服,2026-09-09 06:10:35,否,,2,48,,
R202609001731,O202609004261,U10154,P10012,5,物流超快第二天就到了包装完好,2026-09-11 12:12:38,否,,3,29,已收到您的反馈我们会尽快处理,2026-09-11 14:12:38
R202609001732,O202609000086,U10443,P10011,3,一般般吧没有想象中好,2026-09-11 05:49:54,是,追评：发现了一些问题希望改进,1,3,感谢您的认可欢迎下次光临,2026-09-11 09:49:54
R202609001733,O202609001987,U10399,P10018,3,包装有点简陋东西没问题,2026-09-08 18:23:14,否,,0,22,感谢您的认可欢迎下次光临,2026-09-08 21:23:14
R202609001734,O202609001173,U10179,P10017,5,质量很好做工精细值得购买,2026-09-11 01:57:30,否,,3,5,非常抱歉给您带来不好的体验我们会改进,2026-09-11 02:57:30
R202609001735,O202609002375,U10427,P10013,4,物流超快第二天就到了包装完好,2026-09-08 03:34:55,否,,0,50,感谢您的理解祝您生活愉快,2026-09-08 08:34:55
R202609001736,O202609005323,U10200,P10014,4,保温效果很好外观也漂亮物流很快,2026-09-12 05:36:29,否,,3,42,,
R202609001737,O202609003312,U10411,P10005,3,一般般吧没有想象中好,2026-09-07 13:34:41,否,,0,7,已收到您的反馈我们会尽快处理,2026-09-07 16:34:41
R202609001738,O202609008048,U10299,P10005,3,包装有点简陋东西没问题,2026-09-06 08:16:58,否,,0,25,非常抱歉给您带来不好的体验我们会改进,2026-09-06 10:16:58
R202609001739,O202609005584,U10119,P10017,3,东西还行就是发货慢了点,2026-09-12 02:18:13,否,,3,9,,
R202609001740,O202609005871,U10202,P10010,5,保温效果很好外观也漂亮物流很快,2026-09-09 00:25:22,否,,3,37,感谢您的认可欢迎下次光临,2026-09-09 05:25:22
R202609001741,O202609005942,U10424,P10010,1,收到货发现有瑕疵要求换货,2026-09-11 12:55:49,否,,2,24,非常抱歉给您带来不好的体验我们会改进,2026-09-11 17:55:49
R202609001742,O202609004754,U10266,P10003,5,质量很好做工精细值得购买,2026-09-13 19:07:57,否,,3,3,,
R202609001743,O202609000837,U10100,P10001,3,一般般吧没有想象中好,2026-09-06 23:41:05,否,,2,4,已收到您的反馈我们会尽快处理,2026-09-07 04:41:05
R202609001744,O202609001825,U10084,P10014,5,手机性价比超高续航一天没问题推荐购买,2026-09-13 09:46:52,否,,0,49,,
R202609001745,O202609007565,U10463,P10017,5,保温效果很好外观也漂亮物流很快,2026-09-13 03:59:28,否,,3,50,感谢您的理解祝您生活愉快,2026-09-13 06:59:28
R202609001746,O202609002370,U10360,P10003,5,价格实惠比实体店便宜很多,2026-09-06 09:33:26,否,,2,11,感谢您的认可欢迎下次光临,2026-09-06 10:33:26
R202609001747,O202609008145,U10213,P10002,5,质量很好做工精细值得购买,2026-09-06 12:33:30,是,追评：质量比预期好,3,24,非常抱歉给您带来不好的体验我们会改进,2026-09-06 17:33:30
R202609001748,O202609001926,U10115,P10020,3,包装有点简陋东西没问题,2026-09-06 08:31:51,否,,3,25,感谢您的认可欢迎下次光临,2026-09-06 10:31:51
R202609001749,O202609000330,U10354,P10008,5,手机性价比超高续航一天没问题推荐购买,2026-09-06 08:59:07,否,,2,18,非常抱歉给您带来不好的体验我们会改进,2026-09-06 12:59:07
R202609001750,O202609000835,U10271,P10013,4,价格实惠比实体店便宜很多,2026-09-09 00:51:11,否,,3,45,,
R202609001751,O202609008137,U10235,P10012,1,跟描述完全不符要求退货,2026-09-09 18:39:48,否,,2,18,感谢您的理解祝您生活愉快,2026-09-09 23:39:48
R202609001752,O202609006402,U10152,P10002,5,价格实惠比实体店便宜很多,2026-09-11 01:18:47,是,售后处理很快满意,0,14,,
R202609001753,O202609009786,U10164,P10014,5,客服态度好有问必答点赞,2026-09-11 23:27:47,否,,2,40,,
R202609001754,O202609002240,U10381,P10020,4,手机性价比超高续航一天没问题推荐购买,2026-09-14 01:19:41,否,,1,22,,
R202609001755,O202609001369,U10005,P10006,5,物流超快第二天就到了包装完好,2026-09-05 23:40:00,是,追评：发现了一些问题希望改进,0,14,感谢您的理解祝您生活愉快,2026-09-06 01:40:00
R202609001756,O202609005503,U10150,P10001,5,绘本内容不错孩子很喜欢,2026-09-11 09:20:01,否,,1,17,感谢您的认可欢迎下次光临,2026-09-11 14:20:01
R202609001757,O202609003789,U10450,P10005,5,价格实惠比实体店便宜很多,2026-09-12 05:39:13,否,,2,27,感谢您的认可欢迎下次光临,2026-09-12 09:39:13
R202609001758,O202609003323,U10170,P10007,5,质量很好做工精细值得购买,2026-09-08 15:30:47,否,,2,7,,
R202609001759,O202609001583,U10154,P10008,5,物流超快第二天就到了包装完好,2026-09-14 16:55:40,否,,3,20,非常抱歉给您带来不好的体验我们会改进,2026-09-14 18:55:40
R202609001760,O202609004740,U10066,P10010,4,物流超快第二天就到了包装完好,2026-09-08 06:43:02,否,,1,1,,
R202609001761,O202609001229,U10333,P10002,1,客服态度恶劣不理人,2026-09-12 01:35:56,否,,0,1,已收到您的反馈我们会尽快处理,2026-09-12 04:35:56
R202609001762,O202609005229,U10316,P10018,5,绘本内容不错孩子很喜欢,2026-09-09 03:39:21,否,,1,13,已收到您的反馈我们会尽快处理,2026-09-09 08:39:21
R202609001763,O202609001832,U10227,P10014,2,物流慢得要死等了一周,2026-09-10 05:57:04,否,,2,7,感谢您的认可欢迎下次光临,2026-09-10 07:57:04
R202609001764,O202609001997,U10378,P10013,4,物流超快第二天就到了包装完好,2026-09-09 22:45:43,否,,1,1,,
R202609001765,O202609005151,U10334,P10007,5,客服态度好有问必答点赞,2026-09-08 03:26:25,否,,0,5,已收到您的反馈我们会尽快处理,2026-09-08 04:26:25
R202609001766,O202609001254,U10155,P10012,5,物流超快第二天就到了包装完好,2026-09-06 19:13:38,否,,1,29,已收到您的反馈我们会尽快处理,2026-09-06 21:13:38
R202609001767,O202609009277,U10243,P10009,2,客服态度恶劣不理人,2026-09-11 23:42:07,否,,0,14,感谢您的理解祝您生活愉快,2026-09-12 01:42:07
R202609001768,O202609006161,U10232,P10020,4,手机性价比超高续航一天没问题推荐购买,2026-09-08 21:42:13,否,,1,41,感谢您的认可欢迎下次光临,2026-09-08 22:42:13
R202609001769,O202609002581,U10364,P10001,2,物流慢得要死等了一周,2026-09-12 16:54:08,否,,2,33,已收到您的反馈我们会尽快处理,2026-09-12 20:54:08
R202609001770,O202609007091,U10113,P10006,2,跟描述完全不符要求退货,2026-09-11 22:58:54,是,追评：质量比预期好,0,1,已收到您的反馈我们会尽快处理,2026-09-12 03:58:54
R202609001771,O202609008680,U10341,P10007,1,收到货发现有瑕疵要求换货,2026-09-13 20:15:01,否,,1,14,非常抱歉给您带来不好的体验我们会改进,2026-09-13 21:15:01
R202609001772,O202609001410,U10304,P10008,4,绘本内容不错孩子很喜欢,2026-09-10 12:32:01,否,,3,22,非常抱歉给您带来不好的体验我们会改进,2026-09-10 16:32:01
R202609001773,O202609007040,U10442,P10001,3,东西还行就是发货慢了点,2026-09-09 12:26:01,否,,1,45,非常抱歉给您带来不好的体验我们会改进,2026-09-09 16:26:01
R202609001774,O202609009214,U10281,P10020,5,手机性价比超高续航一天没问题推荐购买,2026-09-09 12:48:24,否,,3,7,非常抱歉给您带来不好的体验我们会改进,2026-09-09 17:48:24
R202609001775,O202609009685,U10364,P10006,5,保温效果很好外观也漂亮物流很快,2026-09-14 06:01:39,否,,3,11,感谢您的理解祝您生活愉快,2026-09-14 11:01:39
R202609001776,O202609005308,U10326,P10009,3,东西还行就是发货慢了点,2026-09-13 11:04:03,否,,3,29,感谢您的认可欢迎下次光临,2026-09-13 12:04:03
R202609001777,O202609006931,U10224,P10016,1,用了两天就坏了质量太差,2026-09-12 22:18:21,否,,0,38,非常抱歉给您带来不好的体验我们会改进,2026-09-13 00:18:21
R202609001778,O202609009490,U10425,P10020,2,收到货发现有瑕疵要求换货,2026-09-10 21:04:01,否,,3,47,非常抱歉给您带来不好的体验我们会改进,2026-09-11 00:04:01
R202609001779,O202609004915,U10047,P10015,4,价格实惠比实体店便宜很多,2026-09-05 11:18:50,否,,3,43,,
R202609001780,O202609006643,U10363,P10015,4,质量很好做工精细值得购买,2026-09-07 16:25:42,否,,1,19,,
R202609001781,O202609001743,U10050,P10017,4,颜色正没有色差穿着舒服,2026-09-06 04:16:42,是,追评：质量比预期好,2,10,感谢您的理解祝您生活愉快,2026-09-06 08:16:42
R202609001782,O202609008494,U10123,P10016,4,绘本内容不错孩子很喜欢,2026-09-10 20:11:31,否,,0,1,,
R202609001783,O202609006868,U10290,P10003,5,物流超快第二天就到了包装完好,2026-09-09 15:42:30,否,,1,49,非常抱歉给您带来不好的体验我们会改进,2026-09-09 20:42:30
R202609001784,O202609009779,U10448,P10014,4,质量很好做工精细值得购买,2026-09-09 01:51:25,是,用了一段时间来追评确实不错,3,17,已收到您的反馈我们会尽快处理,2026-09-09 04:51:25
R202609001785,O202609009251,U10158,P10006,5,保温效果很好外观也漂亮物流很快,2026-09-14 12:08:02,否,,1,12,,
R202609001786,O202609001877,U10281,P10007,4,手机性价比超高续航一天没问题推荐购买,2026-09-08 23:50:16,否,,0,11,已收到您的反馈我们会尽快处理,2026-09-09 00:50:16
R202609001787,O202609007879,U10135,P10018,5,客服态度好有问必答点赞,2026-09-05 20:08:25,否,,3,33,,
R202609001788,O202609008102,U10255,P10010,5,物流超快第二天就到了包装完好,2026-09-08 18:10:51,否,,3,27,,
R202609001789,O202609009546,U10240,P10019,5,手机性价比超高续航一天没问题推荐购买,2026-09-05 05:11:09,是,用了一段时间来追评确实不错,2,37,,
R202609001790,O202609003685,U10208,P10018,4,质量很好做工精细值得购买,2026-09-11 02:17:49,是,追评：质量比预期好,3,32,感谢您的理解祝您生活愉快,2026-09-11 03:17:49
R202609001791,O202609005787,U10471,P10010,5,物流超快第二天就到了包装完好,2026-09-12 23:41:09,否,,0,26,感谢您的理解祝您生活愉快,2026-09-13 00:41:09
R202609001792,O202609001049,U10482,P10005,4,保温效果很好外观也漂亮物流很快,2026-09-11 08:50:00,否,,1,38,,
R202609001793,O202609002610,U10041,P10013,4,客服态度好有问必答点赞,2026-09-06 10:13:06,是,追评：发现了一些问题希望改进,3,18,已收到您的反馈我们会尽快处理,2026-09-06 14:13:06
R202609001794,O202609006543,U10318,P10003,5,价格实惠比实体店便宜很多,2026-09-12 04:47:56,否,,2,7,非常抱歉给您带来不好的体验我们会改进,2026-09-12 06:47:56
R202609001795,O202609009658,U10303,P10015,2,用了两天就坏了质量太差,2026-09-09 15:53:53,否,,2,27,非常抱歉给您带来不好的体验我们会改进,2026-09-09 17:53:53
R202609001796,O202609004855,U10016,P10015,3,包装有点简陋东西没问题,2026-09-09 19:14:25,否,,0,45,感谢您的认可欢迎下次光临,2026-09-10 00:14:25
R202609001797,O202609008132,U10057,P10016,3,东西还行就是发货慢了点,2026-09-08 12:39:26,是,追评：质量比预期好,2,4,感谢您的理解祝您生活愉快,2026-09-08 13:39:26
R202609001798,O202609006577,U10420,P10009,5,手机性价比超高续航一天没问题推荐购买,2026-09-14 14:39:19,否,,0,7,,
R202609001799,O202609001548,U10258,P10013,4,绘本内容不错孩子很喜欢,2026-09-11 20:51:58,否,,1,43,非常抱歉给您带来不好的体验我们会改进,2026-09-11 22:51:58
R202609001800,O202609008058,U10266,P10009,5,价格实惠比实体店便宜很多,2026-09-10 16:29:44,否,,2,2,感谢您的认可欢迎下次光临,2026-09-10 17:29:44
R202609001801,O202609003983,U10482,P10007,4,质量很好做工精细值得购买,2026-09-13 06:39:09,否,,3,39,感谢您的认可欢迎下次光临,2026-09-13 07:39:09
R202609001802,O202609007638,U10048,P10007,4,客服态度好有问必答点赞,2026-09-10 19:50:27,是,追评：发现了一些问题希望改进,0,28,已收到您的反馈我们会尽快处理,2026-09-10 20:50:27
R202609001803,O202609003034,U10334,P10001,4,质量很好做工精细值得购买,2026-09-06 09:05:28,否,,3,27,,
R202609001804,O202609000075,U10221,P10004,5,物流超快第二天就到了包装完好,2026-09-10 21:20:48,否,,3,41,非常抱歉给您带来不好的体验我们会改进,2026-09-11 02:20:48
R202609001805,O202609005279,U10214,P10018,5,质量很好做工精细值得购买,2026-09-13 11:40:03,否,,1,4,感谢您的认可欢迎下次光临,2026-09-13 15:40:03
R202609001806,O202609005676,U10054,P10001,5,保温效果很好外观也漂亮物流很快,2026-09-05 02:33:26,否,,3,32,,
R202609001807,O202609000583,U10217,P10007,5,价格实惠比实体店便宜很多,2026-09-11 00:54:51,否,,2,44,,
R202609001808,O202609001787,U10346,P10010,5,质量很好做工精细值得购买,2026-09-12 11:39:59,是,用了一段时间来追评确实不错,0,6,已收到您的反馈我们会尽快处理,2026-09-12 15:39:59
R202609001809,O202609008839,U10337,P10004,4,物流超快第二天就到了包装完好,2026-09-11 17:04:35,否,,0,11,感谢您的理解祝您生活愉快,2026-09-11 20:04:35
R202609001810,O202609003994,U10247,P10007,4,绘本内容不错孩子很喜欢,2026-09-12 12:32:42,否,,2,43,已收到您的反馈我们会尽快处理,2026-09-12 17:32:42
R202609001811,O202609002089,U10007,P10008,4,绘本内容不错孩子很喜欢,2026-09-08 01:03:06,否,,0,36,,
R202609001812,O202609006826,U10480,P10004,4,颜色正没有色差穿着舒服,2026-09-10 14:01:50,否,,2,13,非常抱歉给您带来不好的体验我们会改进,2026-09-10 16:01:50
R202609001813,O202609005551,U10487,P10018,4,质量很好做工精细值得购买,2026-09-14 01:19:36,否,,3,45,非常抱歉给您带来不好的体验我们会改进,2026-09-14 05:19:36
R202609001814,O202609004491,U10483,P10003,3,东西还行就是发货慢了点,2026-09-11 00:25:40,是,用了一段时间来追评确实不错,3,10,感谢您的认可欢迎下次光临,2026-09-11 02:25:40
R202609001815,O202609007989,U10247,P10018,5,绘本内容不错孩子很喜欢,2026-09-06 12:11:51,是,追评：发现了一些问题希望改进,1,9,已收到您的反馈我们会尽快处理,2026-09-06 13:11:51
R202609001816,O202609005527,U10069,P10007,5,物流超快第二天就到了包装完好,2026-09-12 17:16:54,否,,0,37,非常抱歉给您带来不好的体验我们会改进,2026-09-12 22:16:54
R202609001817,O202609007520,U10112,P10015,3,质量凑合对得起这个价格,2026-09-05 10:39:52,否,,1,10,非常抱歉给您带来不好的体验我们会改进,2026-09-05 14:39:52
R202609001818,O202609000946,U10238,P10015,5,手机性价比超高续航一天没问题推荐购买,2026-09-12 16:08:19,否,,1,47,,
R202609001819,O202609000836,U10376,P10003,3,东西还行就是发货慢了点,2026-09-09 23:25:06,是,售后处理很快满意,0,46,,
R202609001820,O202609008849,U10443,P10006,4,保温效果很好外观也漂亮物流很快,2026-09-10 12:59:20,否,,3,8,非常抱歉给您带来不好的体验我们会改进,2026-09-10 17:59:20
R202609001821,O202609000330,U10332,P10007,1,用了两天就坏了质量太差,2026-09-09 14:42:31,否,,3,9,感谢您的理解祝您生活愉快,2026-09-09 16:42:31
R202609001822,O202609001027,U10011,P10018,4,颜色正没有色差穿着舒服,2026-09-13 10:29:06,否,,3,40,已收到您的反馈我们会尽快处理,2026-09-13 13:29:06
R202609001823,O202609001899,U10152,P10008,4,颜色正没有色差穿着舒服,2026-09-06 19:54:40,否,,1,49,,
R202609001824,O202609008874,U10456,P10011,5,质量很好做工精细值得购买,2026-09-10 07:40:24,否,,0,24,感谢您的认可欢迎下次光临,2026-09-10 09:40:24
R202609001825,O202609004784,U10294,P10010,4,质量很好做工精细值得购买,2026-09-14 23:25:11,否,,0,7,已收到您的反馈我们会尽快处理,2026-09-15 00:25:11
R202609001826,O202609009778,U10333,P10012,4,质量很好做工精细值得购买,2026-09-14 21:06:05,否,,0,24,感谢您的认可欢迎下次光临,2026-09-15 00:06:05
R202609001827,O202609007480,U10203,P10013,5,物流超快第二天就到了包装完好,2026-09-14 19:36:58,否,,3,35,已收到您的反馈我们会尽快处理,2026-09-15 00:36:58
R202609001828,O202609005375,U10279,P10001,4,颜色正没有色差穿着舒服,2026-09-06 23:08:44,否,,2,41,,
R202609001829,O202609005083,U10253,P10016,2,跟描述完全不符要求退货,2026-09-08 21:21:44,否,,2,17,,
R202609001830,O202609008514,U10463,P10016,4,物流超快第二天就到了包装完好,2026-09-07 13:39:41,否,,0,32,已收到您的反馈我们会尽快处理,2026-09-07 14:39:41
R202609001831,O202609007642,U10279,P10005,1,物流慢得要死等了一周,2026-09-12 16:48:29,否,,2,32,已收到您的反馈我们会尽快处理,2026-09-12 18:48:29
R202609001832,O202609001340,U10010,P10002,4,物流超快第二天就到了包装完好,2026-09-12 14:55:27,是,用了一段时间来追评确实不错,2,27,已收到您的反馈我们会尽快处理,2026-09-12 17:55:27
R202609001833,O202609006422,U10280,P10010,5,绘本内容不错孩子很喜欢,2026-09-10 11:32:50,否,,1,18,,
R202609001834,O202609004675,U10034,P10002,5,手机性价比超高续航一天没问题推荐购买,2026-09-08 19:13:43,否,,3,0,,
R202609001835,O202609006907,U10176,P10009,4,物流超快第二天就到了包装完好,2026-09-14 01:46:54,否,,1,2,非常抱歉给您带来不好的体验我们会改进,2026-09-14 05:46:54
R202609001836,O202609005261,U10361,P10016,3,东西还行就是发货慢了点,2026-09-14 17:45:52,否,,0,39,感谢您的理解祝您生活愉快,2026-09-14 21:45:52
R202609001837,O202609001325,U10150,P10019,4,物流超快第二天就到了包装完好,2026-09-09 18:18:43,是,用了一段时间来追评确实不错,1,38,感谢您的认可欢迎下次光临,2026-09-09 23:18:43
R202609001838,O202609009804,U10153,P10008,5,手机性价比超高续航一天没问题推荐购买,2026-09-05 23:23:04,否,,0,7,,
R202609001839,O202609006980,U10454,P10001,4,客服态度好有问必答点赞,2026-09-08 09:13:12,否,,0,28,,
R202609001840,O202609005546,U10486,P10016,1,客服态度恶劣不理人,2026-09-12 17:36:47,是,售后处理很快满意,1,12,,
R202609001841,O202609002375,U10304,P10001,4,客服态度好有问必答点赞,2026-09-11 17:07:42,否,,0,9,,
R202609001842,O202609006756,U10145,P10020,5,客服态度好有问必答点赞,2026-09-08 11:48:36,否,,0,17,,
R202609001843,O202609008040,U10044,P10017,3,东西还行就是发货慢了点,2026-09-11 12:29:22,否,,1,6,感谢您的理解祝您生活愉快,2026-09-11 14:29:22
R202609001844,O202609008151,U10045,P10001,5,颜色正没有色差穿着舒服,2026-09-11 02:35:16,否,,1,50,,
R202609001845,O202609009447,U10106,P10020,4,物流超快第二天就到了包装完好,2026-09-12 16:14:50,否,,2,22,,
R202609001846,O202609008100,U10205,P10004,5,保温效果很好外观也漂亮物流很快,2026-09-07 08:59:53,否,,2,26,,
R202609001847,O202609003420,U10312,P10011,4,客服态度好有问必答点赞,2026-09-09 22:47:13,否,,1,50,,
R202609001848,O202609009202,U10460,P10004,5,价格实惠比实体店便宜很多,2026-09-14 22:36:21,否,,3,24,,
R202609001849,O202609009229,U10283,P10009,3,东西还行就是发货慢了点,2026-09-11 19:08:51,否,,2,43,非常抱歉给您带来不好的体验我们会改进,2026-09-11 20:08:51
R202609001850,O202609002700,U10335,P10014,5,颜色正没有色差穿着舒服,2026-09-08 22:47:49,否,,3,9,,
R202609001851,O202609000288,U10120,P10017,5,质量很好做工精细值得购买,2026-09-08 07:04:00,否,,1,9,非常抱歉给您带来不好的体验我们会改进,2026-09-08 11:04:00
R202609001852,O202609006022,U10180,P10006,3,一般般吧没有想象中好,2026-09-10 15:14:53,否,,0,44,,
R202609001853,O202609008826,U10315,P10011,2,鞋子偏小一码穿了半天脚疼,2026-09-05 17:50:45,是,追评：质量比预期好,2,47,感谢您的理解祝您生活愉快,2026-09-05 18:50:45
R202609001854,O202609005723,U10277,P10007,5,保温效果很好外观也漂亮物流很快,2026-09-06 17:36:20,是,用了一段时间来追评确实不错,1,32,感谢您的理解祝您生活愉快,2026-09-06 22:36:20
R202609001855,O202609000806,U10281,P10016,4,绘本内容不错孩子很喜欢,2026-09-08 07:35:07,是,追评：质量比预期好,2,12,感谢您的理解祝您生活愉快,2026-09-08 09:35:07
R202609001856,O202609006094,U10340,P10008,4,绘本内容不错孩子很喜欢,2026-09-06 13:09:22,否,,0,8,非常抱歉给您带来不好的体验我们会改进,2026-09-06 16:09:22
R202609001857,O202609009457,U10105,P10020,3,东西还行就是发货慢了点,2026-09-05 07:13:46,否,,3,38,感谢您的认可欢迎下次光临,2026-09-05 09:13:46
R202609001858,O202609004756,U10006,P10016,3,包装有点简陋东西没问题,2026-09-11 20:52:18,否,,1,15,已收到您的反馈我们会尽快处理,2026-09-12 00:52:18
R202609001859,O202609001074,U10427,P10010,3,包装有点简陋东西没问题,2026-09-08 00:12:39,否,,0,6,感谢您的认可欢迎下次光临,2026-09-08 02:12:39
R202609001860,O202609006198,U10265,P10013,2,客服态度恶劣不理人,2026-09-13 03:20:35,否,,3,7,感谢您的认可欢迎下次光临,2026-09-13 07:20:35
R202609001861,O202609008617,U10180,P10004,3,包装有点简陋东西没问题,2026-09-11 16:32:56,否,,3,12,,
R202609001862,O202609005603,U10371,P10015,3,一般般吧没有想象中好,2026-09-14 02:44:50,否,,1,3,,
R202609001863,O202609000860,U10433,P10005,3,一般般吧没有想象中好,2026-09-06 02:09:53,是,用了一段时间来追评确实不错,2,33,非常抱歉给您带来不好的体验我们会改进,2026-09-06 04:09:53
R202609001864,O202609006933,U10404,P10010,4,物流超快第二天就到了包装完好,2026-09-05 08:18:56,是,追评：质量比预期好,0,49,,
R202609001865,O202609000852,U10395,P10002,4,手机性价比超高续航一天没问题推荐购买,2026-09-13 17:54:53,是,追评：发现了一些问题希望改进,3,7,感谢您的理解祝您生活愉快,2026-09-13 21:54:53
R202609001866,O202609009627,U10277,P10013,3,质量凑合对得起这个价格,2026-09-09 12:57:48,否,,3,38,非常抱歉给您带来不好的体验我们会改进,2026-09-09 13:57:48
R202609001867,O202609003216,U10041,P10011,5,颜色正没有色差穿着舒服,2026-09-14 10:05:58,否,,2,11,感谢您的理解祝您生活愉快,2026-09-14 15:05:58
R202609001868,O202609000074,U10105,P10010,3,东西还行就是发货慢了点,2026-09-13 02:20:46,否,,0,10,非常抱歉给您带来不好的体验我们会改进,2026-09-13 05:20:46
R202609001869,O202609005916,U10287,P10015,4,颜色正没有色差穿着舒服,2026-09-05 08:17:24,否,,0,1,非常抱歉给您带来不好的体验我们会改进,2026-09-05 09:17:24
R202609001870,O202609001854,U10326,P10005,4,颜色正没有色差穿着舒服,2026-09-07 16:26:33,是,追评：质量比预期好,0,29,感谢您的认可欢迎下次光临,2026-09-07 17:26:33
R202609001871,O202609005546,U10437,P10007,3,质量凑合对得起这个价格,2026-09-05 11:34:41,否,,1,37,感谢您的理解祝您生活愉快,2026-09-05 12:34:41
R202609001872,O202609004704,U10442,P10002,4,保温效果很好外观也漂亮物流很快,2026-09-12 20:51:34,否,,3,45,感谢您的理解祝您生活愉快,2026-09-12 22:51:34
R202609001873,O202609000198,U10415,P10006,4,客服态度好有问必答点赞,2026-09-13 16:48:12,否,,0,9,已收到您的反馈我们会尽快处理,2026-09-13 20:48:12
R202609001874,O202609009356,U10043,P10017,4,客服态度好有问必答点赞,2026-09-13 06:35:16,否,,0,37,,
R202609001875,O202609002719,U10216,P10008,5,手机性价比超高续航一天没问题推荐购买,2026-09-12 18:10:39,否,,0,18,,
R202609001876,O202609004316,U10342,P10002,5,绘本内容不错孩子很喜欢,2026-09-09 17:35:58,否,,3,13,已收到您的反馈我们会尽快处理,2026-09-09 22:35:58
R202609001877,O202609003977,U10143,P10020,5,绘本内容不错孩子很喜欢,2026-09-08 21:54:13,否,,0,11,感谢您的认可欢迎下次光临,2026-09-09 02:54:13
R202609001878,O202609000278,U10484,P10017,3,包装有点简陋东西没问题,2026-09-07 12:51:08,否,,2,9,非常抱歉给您带来不好的体验我们会改进,2026-09-07 16:51:08
R202609001879,O202609007546,U10054,P10007,3,一般般吧没有想象中好,2026-09-13 21:16:30,是,追评：发现了一些问题希望改进,0,36,非常抱歉给您带来不好的体验我们会改进,2026-09-13 22:16:30
R202609001880,O202609003762,U10222,P10005,5,客服态度好有问必答点赞,2026-09-14 14:19:33,否,,3,34,感谢您的认可欢迎下次光临,2026-09-14 17:19:33
R202609001881,O202609002398,U10170,P10006,4,物流超快第二天就到了包装完好,2026-09-08 14:53:43,否,,3,28,非常抱歉给您带来不好的体验我们会改进,2026-09-08 18:53:43
R202609001882,O202609001035,U10159,P10005,4,绘本内容不错孩子很喜欢,2026-09-08 10:19:13,否,,0,30,感谢您的理解祝您生活愉快,2026-09-08 13:19:13
R202609001883,O202609007750,U10343,P10008,4,手机性价比超高续航一天没问题推荐购买,2026-09-08 04:35:35,否,,1,10,非常抱歉给您带来不好的体验我们会改进,2026-09-08 09:35:35
R202609001884,O202609007636,U10137,P10016,4,手机性价比超高续航一天没问题推荐购买,2026-09-12 14:37:25,否,,3,12,非常抱歉给您带来不好的体验我们会改进,2026-09-12 18:37:25
R202609001885,O202609005568,U10303,P10012,4,颜色正没有色差穿着舒服,2026-09-06 09:13:07,否,,0,11,,
R202609001886,O202609006532,U10010,P10012,4,颜色正没有色差穿着舒服,2026-09-08 09:42:59,是,追评：发现了一些问题希望改进,0,33,,
R202609001887,O202609006476,U10243,P10003,5,质量很好做工精细值得购买,2026-09-08 06:11:51,否,,3,28,感谢您的认可欢迎下次光临,2026-09-08 11:11:51
R202609001888,O202609008172,U10265,P10012,5,价格实惠比实体店便宜很多,2026-09-13 18:42:09,否,,3,37,,
R202609001889,O202609009915,U10394,P10009,4,物流超快第二天就到了包装完好,2026-09-13 04:38:44,否,,3,33,,
R202609001890,O202609004839,U10398,P10013,1,物流慢得要死等了一周,2026-09-05 11:43:05,否,,1,36,已收到您的反馈我们会尽快处理,2026-09-05 13:43:05
R202609001891,O202609001664,U10209,P10001,5,客服态度好有问必答点赞,2026-09-12 19:50:23,否,,1,33,感谢您的认可欢迎下次光临,2026-09-12 21:50:23
R202609001892,O202609003599,U10181,P10007,4,价格实惠比实体店便宜很多,2026-09-10 07:14:35,否,,1,17,感谢您的认可欢迎下次光临,2026-09-10 09:14:35
R202609001893,O202609006878,U10147,P10012,5,颜色正没有色差穿着舒服,2026-09-08 22:55:43,否,,0,39,感谢您的认可欢迎下次光临,2026-09-09 03:55:43
R202609001894,O202609002540,U10375,P10019,3,一般般吧没有想象中好,2026-09-10 19:28:41,是,追评：质量比预期好,3,39,已收到您的反馈我们会尽快处理,2026-09-11 00:28:41
R202609001895,O202609009601,U10072,P10010,5,物流超快第二天就到了包装完好,2026-09-07 06:45:14,否,,3,21,已收到您的反馈我们会尽快处理,2026-09-07 11:45:14
R202609001896,O202609002219,U10183,P10011,4,价格实惠比实体店便宜很多,2026-09-12 02:00:41,否,,2,24,已收到您的反馈我们会尽快处理,2026-09-12 07:00:41
R202609001897,O202609003181,U10176,P10019,5,质量很好做工精细值得购买,2026-09-11 07:25:51,是,追评：质量比预期好,2,35,已收到您的反馈我们会尽快处理,2026-09-11 12:25:51
R202609001898,O202609003799,U10152,P10013,1,跟描述完全不符要求退货,2026-09-06 04:43:43,是,追评：发现了一些问题希望改进,3,40,,
R202609001899,O202609000784,U10277,P10002,1,客服态度恶劣不理人,2026-09-13 11:51:37,否,,2,15,非常抱歉给您带来不好的体验我们会改进,2026-09-13 13:51:37
R202609001900,O202609006077,U10004,P10010,3,一般般吧没有想象中好,2026-09-09 21:25:48,否,,0,34,感谢您的理解祝您生活愉快,2026-09-09 23:25:48
R202609001901,O202609001789,U10388,P10010,5,质量很好做工精细值得购买,2026-09-12 11:04:48,否,,2,11,非常抱歉给您带来不好的体验我们会改进,2026-09-12 16:04:48
R202609001902,O202609009537,U10151,P10020,4,客服态度好有问必答点赞,2026-09-10 18:36:48,否,,3,42,,
R202609001903,O202609001931,U10316,P10008,5,质量很好做工精细值得购买,2026-09-09 13:02:58,是,用了一段时间来追评确实不错,2,15,,
R202609001904,O202609001069,U10026,P10018,4,绘本内容不错孩子很喜欢,2026-09-13 14:42:22,否,,2,18,感谢您的理解祝您生活愉快,2026-09-13 19:42:22
R202609001905,O202609003983,U10481,P10013,4,颜色正没有色差穿着舒服,2026-09-12 13:13:07,否,,0,18,感谢您的理解祝您生活愉快,2026-09-12 18:13:07
R202609001906,O202609002822,U10302,P10008,4,颜色正没有色差穿着舒服,2026-09-12 10:12:19,否,,2,24,已收到您的反馈我们会尽快处理,2026-09-12 13:12:19
R202609001907,O202609005840,U10460,P10010,4,物流超快第二天就到了包装完好,2026-09-06 08:57:31,否,,1,1,感谢您的理解祝您生活愉快,2026-09-06 09:57:31
R202609001908,O202609005670,U10385,P10009,2,跟描述完全不符要求退货,2026-09-09 14:20:47,否,,1,14,感谢您的认可欢迎下次光临,2026-09-09 19:20:47
R202609001909,O202609001159,U10131,P10007,1,物流慢得要死等了一周,2026-09-10 08:27:23,否,,0,32,已收到您的反馈我们会尽快处理,2026-09-10 11:27:23
R202609001910,O202609006145,U10076,P10001,4,颜色正没有色差穿着舒服,2026-09-07 10:15:21,是,用了一段时间来追评确实不错,2,35,非常抱歉给您带来不好的体验我们会改进,2026-09-07 11:15:21
R202609001911,O202609004416,U10359,P10002,4,物流超快第二天就到了包装完好,2026-09-05 23:25:15,否,,3,22,感谢您的理解祝您生活愉快,2026-09-06 00:25:15
R202609001912,O202609004556,U10264,P10010,5,颜色正没有色差穿着舒服,2026-09-11 22:30:08,是,用了一段时间来追评确实不错,2,41,感谢您的理解祝您生活愉快,2026-09-12 01:30:08
R202609001913,O202609009637,U10269,P10004,3,东西还行就是发货慢了点,2026-09-09 07:51:47,否,,2,2,感谢您的认可欢迎下次光临,2026-09-09 12:51:47
R202609001914,O202609008001,U10261,P10013,1,物流慢得要死等了一周,2026-09-11 03:12:08,是,用了一段时间来追评确实不错,2,14,非常抱歉给您带来不好的体验我们会改进,2026-09-11 04:12:08
R202609001915,O202609008846,U10055,P10009,1,跟描述完全不符要求退货,2026-09-13 15:24:05,否,,3,15,感谢您的认可欢迎下次光临,2026-09-13 18:24:05
R202609001916,O202609006258,U10065,P10006,4,物流超快第二天就到了包装完好,2026-09-12 15:17:51,否,,0,37,非常抱歉给您带来不好的体验我们会改进,2026-09-12 20:17:51
R202609001917,O202609009584,U10367,P10008,4,颜色正没有色差穿着舒服,2026-09-09 18:19:15,否,,2,48,感谢您的理解祝您生活愉快,2026-09-09 23:19:15
R202609001918,O202609004343,U10010,P10002,4,物流超快第二天就到了包装完好,2026-09-13 16:59:15,否,,2,24,已收到您的反馈我们会尽快处理,2026-09-13 20:59:15
R202609001919,O202609001455,U10077,P10012,3,质量凑合对得起这个价格,2026-09-13 21:33:55,是,追评：发现了一些问题希望改进,1,20,,
R202609001920,O202609002837,U10211,P10020,4,客服态度好有问必答点赞,2026-09-11 15:15:39,是,售后处理很快满意,0,8,已收到您的反馈我们会尽快处理,2026-09-11 20:15:39
R202609001921,O202609007342,U10291,P10007,3,质量凑合对得起这个价格,2026-09-06 13:05:13,否,,3,35,感谢您的认可欢迎下次光临,2026-09-06 16:05:13
R202609001922,O202609008941,U10344,P10009,5,物流超快第二天就到了包装完好,2026-09-05 15:09:58,否,,1,12,感谢您的理解祝您生活愉快,2026-09-05 18:09:58
R202609001923,O202609000971,U10393,P10012,5,保温效果很好外观也漂亮物流很快,2026-09-10 12:24:39,是,售后处理很快满意,3,36,,
R202609001924,O202609002948,U10061,P10018,4,绘本内容不错孩子很喜欢,2026-09-11 11:24:44,否,,3,26,非常抱歉给您带来不好的体验我们会改进,2026-09-11 14:24:44
R202609001925,O202609008183,U10092,P10015,5,价格实惠比实体店便宜很多,2026-09-14 16:52:09,是,用了一段时间来追评确实不错,0,41,,
R202609001926,O202609003112,U10197,P10017,4,质量很好做工精细值得购买,2026-09-08 23:11:55,否,,2,43,感谢您的理解祝您生活愉快,2026-09-09 00:11:55
R202609001927,O202609009689,U10243,P10002,4,质量很好做工精细值得购买,2026-09-13 15:41:15,否,,1,16,,
R202609001928,O202609009102,U10274,P10001,5,物流超快第二天就到了包装完好,2026-09-06 14:19:01,否,,0,14,,
R202609001929,O202609009165,U10405,P10020,4,绘本内容不错孩子很喜欢,2026-09-09 19:48:41,否,,2,7,感谢您的理解祝您生活愉快,2026-09-10 00:48:41
R202609001930,O202609000776,U10075,P10010,1,用了两天就坏了质量太差,2026-09-08 06:23:38,否,,3,25,,
R202609001931,O202609005362,U10368,P10012,5,保温效果很好外观也漂亮物流很快,2026-09-08 14:47:12,否,,1,50,感谢您的理解祝您生活愉快,2026-09-08 15:47:12
R202609001932,O202609002521,U10327,P10013,4,绘本内容不错孩子很喜欢,2026-09-06 10:36:21,否,,0,15,感谢您的理解祝您生活愉快,2026-09-06 11:36:21
R202609001933,O202609007357,U10486,P10013,2,收到货发现有瑕疵要求换货,2026-09-08 19:38:00,是,用了一段时间来追评确实不错,3,50,已收到您的反馈我们会尽快处理,2026-09-09 00:38:00
R202609001934,O202609000772,U10487,P10002,4,价格实惠比实体店便宜很多,2026-09-10 02:15:01,否,,1,5,,
R202609001935,O202609007449,U10328,P10019,5,手机性价比超高续航一天没问题推荐购买,2026-09-12 13:44:26,否,,2,3,,
R202609001936,O202609001285,U10060,P10006,1,跟描述完全不符要求退货,2026-09-06 06:20:49,是,售后处理很快满意,0,28,,
R202609001937,O202609007355,U10076,P10018,5,价格实惠比实体店便宜很多,2026-09-12 06:52:46,否,,2,46,已收到您的反馈我们会尽快处理,2026-09-12 08:52:46
R202609001938,O202609008964,U10204,P10001,1,收到货发现有瑕疵要求换货,2026-09-14 20:41:51,否,,1,26,非常抱歉给您带来不好的体验我们会改进,2026-09-14 22:41:51
R202609001939,O202609006090,U10324,P10006,4,手机性价比超高续航一天没问题推荐购买,2026-09-13 09:14:36,否,,3,36,感谢您的认可欢迎下次光临,2026-09-13 11:14:36
R202609001940,O202609000379,U10274,P10003,5,质量很好做工精细值得购买,2026-09-08 02:03:26,否,,1,43,感谢您的理解祝您生活愉快,2026-09-08 05:03:26
R202609001941,O202609001116,U10499,P10011,5,手机性价比超高续航一天没问题推荐购买,2026-09-08 12:56:53,否,,2,8,,
R202609001942,O202609007243,U10112,P10001,3,包装有点简陋东西没问题,2026-09-06 22:52:11,否,,1,46,非常抱歉给您带来不好的体验我们会改进,2026-09-06 23:52:11
R202609001943,O202609007297,U10100,P10012,5,物流超快第二天就到了包装完好,2026-09-12 06:38:00,否,,1,44,,
R202609001944,O202609007915,U10381,P10014,1,用了两天就坏了质量太差,2026-09-09 03:32:49,是,用了一段时间来追评确实不错,2,34,感谢您的理解祝您生活愉快,2026-09-09 06:32:49
R202609001945,O202609006529,U10035,P10008,4,手机性价比超高续航一天没问题推荐购买,2026-09-06 00:23:16,否,,1,34,感谢您的认可欢迎下次光临,2026-09-06 03:23:16
R202609001946,O202609001988,U10056,P10007,3,一般般吧没有想象中好,2026-09-09 15:59:57,是,用了一段时间来追评确实不错,3,27,,
R202609001947,O202609005988,U10313,P10015,4,物流超快第二天就到了包装完好,2026-09-12 08:21:55,是,追评：质量比预期好,3,3,非常抱歉给您带来不好的体验我们会改进,2026-09-12 10:21:55
R202609001948,O202609002090,U10390,P10007,1,客服态度恶劣不理人,2026-09-07 12:28:16,否,,1,4,感谢您的理解祝您生活愉快,2026-09-07 16:28:16
R202609001949,O202609007879,U10455,P10009,4,保温效果很好外观也漂亮物流很快,2026-09-05 19:58:21,否,,1,0,,
R202609001950,O202609008714,U10422,P10002,5,绘本内容不错孩子很喜欢,2026-09-12 01:01:49,否,,1,9,感谢您的认可欢迎下次光临,2026-09-12 04:01:49
R202609001951,O202609008846,U10478,P10001,5,客服态度好有问必答点赞,2026-09-05 10:43:28,否,,1,16,感谢您的理解祝您生活愉快,2026-09-05 15:43:28
R202609001952,O202609004962,U10427,P10014,5,颜色正没有色差穿着舒服,2026-09-08 07:51:05,否,,1,5,感谢您的理解祝您生活愉快,2026-09-08 09:51:05
R202609001953,O202609006582,U10054,P10007,5,绘本内容不错孩子很喜欢,2026-09-10 05:06:42,否,,1,37,非常抱歉给您带来不好的体验我们会改进,2026-09-10 09:06:42
R202609001954,O202609009819,U10347,P10005,5,物流超快第二天就到了包装完好,2026-09-13 14:08:21,否,,2,40,已收到您的反馈我们会尽快处理,2026-09-13 18:08:21
R202609001955,O202609001949,U10253,P10002,5,质量很好做工精细值得购买,2026-09-08 15:32:39,否,,0,9,感谢您的理解祝您生活愉快,2026-09-08 17:32:39
R202609001956,O202609005599,U10301,P10018,2,收到货发现有瑕疵要求换货,2026-09-13 17:43:04,否,,0,31,非常抱歉给您带来不好的体验我们会改进,2026-09-13 22:43:04
R202609001957,O202609009620,U10311,P10013,4,颜色正没有色差穿着舒服,2026-09-12 10:40:00,否,,2,44,已收到您的反馈我们会尽快处理,2026-09-12 11:40:00
R202609001958,O202609008107,U10124,P10002,5,保温效果很好外观也漂亮物流很快,2026-09-09 13:11:18,否,,1,11,,
R202609001959,O202609000361,U10190,P10014,3,包装有点简陋东西没问题,2026-09-07 13:37:24,是,追评：质量比预期好,2,28,已收到您的反馈我们会尽快处理,2026-09-07 18:37:24
R202609001960,O202609009390,U10244,P10001,3,东西还行就是发货慢了点,2026-09-14 02:58:19,否,,1,23,感谢您的认可欢迎下次光临,2026-09-14 06:58:19
R202609001961,O202609006766,U10346,P10002,4,手机性价比超高续航一天没问题推荐购买,2026-09-06 10:00:22,否,,3,15,感谢您的理解祝您生活愉快,2026-09-06 15:00:22
R202609001962,O202609001906,U10165,P10018,5,保温效果很好外观也漂亮物流很快,2026-09-11 21:41:39,否,,3,25,感谢您的认可欢迎下次光临,2026-09-11 23:41:39
R202609001963,O202609002359,U10345,P10004,4,质量很好做工精细值得购买,2026-09-13 03:38:43,否,,1,19,感谢您的理解祝您生活愉快,2026-09-13 07:38:43
R202609001964,O202609005611,U10135,P10015,5,质量很好做工精细值得购买,2026-09-11 00:30:12,是,追评：发现了一些问题希望改进,1,10,,
R202609001965,O202609006980,U10310,P10007,5,手机性价比超高续航一天没问题推荐购买,2026-09-07 11:09:33,否,,2,7,感谢您的认可欢迎下次光临,2026-09-07 15:09:33
R202609001966,O202609004807,U10075,P10013,5,颜色正没有色差穿着舒服,2026-09-08 14:59:39,否,,3,17,非常抱歉给您带来不好的体验我们会改进,2026-09-08 17:59:39
R202609001967,O202609005964,U10169,P10019,3,一般般吧没有想象中好,2026-09-05 12:52:28,否,,0,7,已收到您的反馈我们会尽快处理,2026-09-05 16:52:28
R202609001968,O202609007858,U10228,P10011,3,包装有点简陋东西没问题,2026-09-05 18:19:38,否,,1,25,感谢您的认可欢迎下次光临,2026-09-05 19:19:38
R202609001969,O202609005195,U10228,P10007,2,跟描述完全不符要求退货,2026-09-09 23:52:01,否,,3,41,感谢您的理解祝您生活愉快,2026-09-10 04:52:01
R202609001970,O202609001605,U10294,P10014,4,保温效果很好外观也漂亮物流很快,2026-09-11 11:05:25,否,,3,9,,
R202609001971,O202609007823,U10107,P10003,5,客服态度好有问必答点赞,2026-09-05 00:48:13,否,,1,42,感谢您的认可欢迎下次光临,2026-09-05 03:48:13
R202609001972,O202609000267,U10436,P10005,5,客服态度好有问必答点赞,2026-09-11 12:52:41,否,,0,32,感谢您的认可欢迎下次光临,2026-09-11 17:52:41
R202609001973,O202609008439,U10297,P10007,5,绘本内容不错孩子很喜欢,2026-09-08 17:29:58,否,,3,44,感谢您的理解祝您生活愉快,2026-09-08 18:29:58
R202609001974,O202609005806,U10447,P10004,3,包装有点简陋东西没问题,2026-09-14 10:33:58,是,追评：质量比预期好,1,25,感谢您的认可欢迎下次光临,2026-09-14 11:33:58
R202609001975,O202609005992,U10356,P10011,4,质量很好做工精细值得购买,2026-09-10 10:07:46,否,,1,25,,
R202609001976,O202609004295,U10026,P10020,4,手机性价比超高续航一天没问题推荐购买,2026-09-12 13:33:34,否,,3,5,感谢您的理解祝您生活愉快,2026-09-12 17:33:34
R202609001977,O202609008193,U10195,P10015,2,鞋子偏小一码穿了半天脚疼,2026-09-07 22:06:21,否,,3,20,感谢您的理解祝您生活愉快,2026-09-08 03:06:21
R202609001978,O202609002499,U10105,P10001,5,手机性价比超高续航一天没问题推荐购买,2026-09-08 00:31:09,否,,3,37,感谢您的理解祝您生活愉快,2026-09-08 02:31:09
R202609001979,O202609003262,U10036,P10007,4,保温效果很好外观也漂亮物流很快,2026-09-13 04:10:58,是,追评：发现了一些问题希望改进,2,20,非常抱歉给您带来不好的体验我们会改进,2026-09-13 07:10:58
R202609001980,O202609009469,U10242,P10005,1,客服态度恶劣不理人,2026-09-13 02:41:12,否,,1,26,感谢您的认可欢迎下次光临,2026-09-13 07:41:12
R202609001981,O202609005191,U10446,P10004,3,一般般吧没有想象中好,2026-09-14 05:48:02,否,,0,46,感谢您的认可欢迎下次光临,2026-09-14 06:48:02
R202609001982,O202609002560,U10148,P10002,3,质量凑合对得起这个价格,2026-09-07 14:51:13,否,,1,10,,
R202609001983,O202609002637,U10457,P10004,4,物流超快第二天就到了包装完好,2026-09-08 20:51:25,是,追评：发现了一些问题希望改进,3,30,,
R202609001984,O202609004541,U10360,P10017,4,绘本内容不错孩子很喜欢,2026-09-12 01:20:20,否,,2,25,,
R202609001985,O202609000396,U10386,P10010,5,颜色正没有色差穿着舒服,2026-09-14 11:45:13,否,,3,37,感谢您的理解祝您生活愉快,2026-09-14 15:45:13
R202609001986,O202609004233,U10256,P10017,4,价格实惠比实体店便宜很多,2026-09-13 05:55:57,是,追评：质量比预期好,0,38,已收到您的反馈我们会尽快处理,2026-09-13 10:55:57
R202609001987,O202609001021,U10472,P10009,3,一般般吧没有想象中好,2026-09-14 20:04:12,否,,2,35,感谢您的认可欢迎下次光临,2026-09-15 00:04:12
R202609001988,O202609008452,U10488,P10007,4,颜色正没有色差穿着舒服,2026-09-08 14:36:22,否,,3,26,,
R202609001989,O202609001642,U10321,P10001,5,绘本内容不错孩子很喜欢,2026-09-13 22:35:53,是,用了一段时间来追评确实不错,2,3,已收到您的反馈我们会尽快处理,2026-09-14 02:35:53
R202609001990,O202609004903,U10479,P10006,5,价格实惠比实体店便宜很多,2026-09-14 09:39:57,否,,0,1,感谢您的认可欢迎下次光临,2026-09-14 13:39:57
R202609001991,O202609009991,U10367,P10005,4,绘本内容不错孩子很喜欢,2026-09-11 00:21:08,否,,2,42,,
R202609001992,O202609003162,U10199,P10012,4,客服态度好有问必答点赞,2026-09-05 15:45:50,否,,3,42,已收到您的反馈我们会尽快处理,2026-09-05 18:45:50
R202609001993,O202609001228,U10415,P10010,4,保温效果很好外观也漂亮物流很快,2026-09-12 20:46:33,否,,0,9,,
R202609001994,O202609009452,U10143,P10006,1,用了两天就坏了质量太差,2026-09-08 09:40:07,否,,2,23,已收到您的反馈我们会尽快处理,2026-09-08 14:40:07
R202609001995,O202609006648,U10036,P10001,5,手机性价比超高续航一天没问题推荐购买,2026-09-11 23:01:04,否,,1,23,,
R202609001996,O202609008001,U10100,P10012,5,保温效果很好外观也漂亮物流很快,2026-09-10 19:44:37,是,售后处理很快满意,1,43,,
R202609001997,O202609003319,U10254,P10003,2,物流慢得要死等了一周,2026-09-13 14:53:46,否,,2,20,感谢您的理解祝您生活愉快,2026-09-13 17:53:46
R202609001998,O202609007624,U10377,P10018,4,客服态度好有问必答点赞,2026-09-11 17:15:13,否,,3,7,感谢您的理解祝您生活愉快,2026-09-11 19:15:13
R202609001999,O202609003751,U10109,P10020,5,手机性价比超高续航一天没问题推荐购买,2026-09-10 01:30:38,否,,2,50,,
R202609002000,O202609001281,U10297,P10001,4,绘本内容不错孩子很喜欢,2026-09-11 15:01:59,否,,0,23,已收到您的反馈我们会尽快处理,2026-09-11 18:01:59
R202609002001,O202609007853,U10303,P10019,3,一般般吧没有想象中好,2026-09-11 10:51:28,否,,2,49,感谢您的理解祝您生活愉快,2026-09-11 15:51:28
R202609002002,O202609005509,U10271,P10017,2,鞋子偏小一码穿了半天脚疼,2026-09-13 20:10:07,否,,1,1,感谢您的理解祝您生活愉快,2026-09-14 01:10:07
R202609002003,O202609003758,U10466,P10005,5,质量很好做工精细值得购买,2026-09-11 00:49:28,否,,1,13,感谢您的认可欢迎下次光临,2026-09-11 05:49:28
R202609002004,O202609001685,U10263,P10012,4,客服态度好有问必答点赞,2026-09-07 13:15:40,否,,2,44,非常抱歉给您带来不好的体验我们会改进,2026-09-07 18:15:40
R202609002005,O202609007299,U10453,P10006,5,手机性价比超高续航一天没问题推荐购买,2026-09-08 10:29:23,否,,2,42,感谢您的认可欢迎下次光临,2026-09-08 13:29:23
R202609002006,O202609002051,U10193,P10020,5,颜色正没有色差穿着舒服,2026-09-07 22:50:06,否,,0,35,,
R202609002007,O202609006888,U10414,P10009,4,颜色正没有色差穿着舒服,2026-09-11 12:04:30,是,用了一段时间来追评确实不错,2,18,已收到您的反馈我们会尽快处理,2026-09-11 16:04:30
R202609002008,O202609008476,U10295,P10002,5,质量很好做工精细值得购买,2026-09-09 22:55:11,否,,3,10,感谢您的理解祝您生活愉快,2026-09-10 00:55:11
R202609002009,O202609007621,U10342,P10012,4,质量很好做工精细值得购买,2026-09-11 03:54:25,否,,3,46,已收到您的反馈我们会尽快处理,2026-09-11 07:54:25
R202609002010,O202609007857,U10263,P10017,5,颜色正没有色差穿着舒服,2026-09-09 15:05:07,否,,3,48,,
R202609002011,O202609003210,U10041,P10011,1,收到货发现有瑕疵要求换货,2026-09-14 10:43:22,否,,2,27,感谢您的理解祝您生活愉快,2026-09-14 12:43:22
R202609002012,O202609004850,U10464,P10005,5,价格实惠比实体店便宜很多,2026-09-08 13:23:21,否,,3,32,,
R202609002013,O202609000505,U10327,P10011,4,客服态度好有问必答点赞,2026-09-05 07:47:34,否,,2,21,非常抱歉给您带来不好的体验我们会改进,2026-09-05 10:47:34
R202609002014,O202609000055,U10361,P10017,5,价格实惠比实体店便宜很多,2026-09-11 17:06:20,否,,2,49,非常抱歉给您带来不好的体验我们会改进,2026-09-11 21:06:20
R202609002015,O202609008694,U10030,P10011,5,颜色正没有色差穿着舒服,2026-09-05 05:30:36,否,,3,4,,
R202609002016,O202609003301,U10111,P10006,4,客服态度好有问必答点赞,2026-09-14 08:07:21,否,,0,39,感谢您的理解祝您生活愉快,2026-09-14 10:07:21
R202609002017,O202609006923,U10003,P10014,4,物流超快第二天就到了包装完好,2026-09-10 12:30:00,否,,3,40,,
R202609002018,O202609005312,U10013,P10010,5,物流超快第二天就到了包装完好,2026-09-13 20:01:34,是,售后处理很快满意,3,21,感谢您的理解祝您生活愉快,2026-09-13 21:01:34
R202609002019,O202609002989,U10425,P10004,4,颜色正没有色差穿着舒服,2026-09-07 02:17:58,否,,2,41,已收到您的反馈我们会尽快处理,2026-09-07 05:17:58
R202609002020,O202609007003,U10441,P10002,5,颜色正没有色差穿着舒服,2026-09-12 11:03:48,否,,1,25,,
R202609002021,O202609008442,U10277,P10018,5,物流超快第二天就到了包装完好,2026-09-09 01:40:07,否,,3,6,非常抱歉给您带来不好的体验我们会改进,2026-09-09 05:40:07
R202609002022,O202609001521,U10327,P10007,2,物流慢得要死等了一周,2026-09-11 11:57:04,否,,0,30,感谢您的理解祝您生活愉快,2026-09-11 12:57:04
R202609002023,O202609006053,U10289,P10014,5,物流超快第二天就到了包装完好,2026-09-14 09:46:09,否,,3,40,感谢您的认可欢迎下次光临,2026-09-14 10:46:09
R202609002024,O202609005731,U10269,P10010,4,物流超快第二天就到了包装完好,2026-09-06 01:45:42,否,,2,42,非常抱歉给您带来不好的体验我们会改进,2026-09-06 04:45:42
R202609002025,O202609002929,U10127,P10009,5,绘本内容不错孩子很喜欢,2026-09-07 14:07:03,否,,2,44,感谢您的理解祝您生活愉快,2026-09-07 15:07:03
R202609002026,O202609000737,U10030,P10017,4,绘本内容不错孩子很喜欢,2026-09-09 20:43:44,否,,3,30,非常抱歉给您带来不好的体验我们会改进,2026-09-09 21:43:44
R202609002027,O202609007306,U10307,P10018,5,绘本内容不错孩子很喜欢,2026-09-14 00:28:50,否,,0,6,,
R202609002028,O202609007686,U10412,P10010,4,颜色正没有色差穿着舒服,2026-09-11 20:45:40,否,,2,39,感谢您的理解祝您生活愉快,2026-09-11 21:45:40
R202609002029,O202609009410,U10455,P10019,4,物流超快第二天就到了包装完好,2026-09-11 21:08:01,否,,1,2,感谢您的认可欢迎下次光临,2026-09-12 01:08:01
R202609002030,O202609008072,U10248,P10018,5,绘本内容不错孩子很喜欢,2026-09-06 10:55:05,否,,3,44,感谢您的认可欢迎下次光临,2026-09-06 13:55:05
R202609002031,O202609004926,U10358,P10002,4,绘本内容不错孩子很喜欢,2026-09-12 08:28:08,否,,0,9,,
R202609002032,O202609008628,U10278,P10004,4,绘本内容不错孩子很喜欢,2026-09-08 11:30:05,否,,0,12,,
R202609002033,O202609009640,U10240,P10009,1,用了两天就坏了质量太差,2026-09-05 15:50:23,否,,0,1,非常抱歉给您带来不好的体验我们会改进,2026-09-05 16:50:23
R202609002034,O202609006786,U10398,P10001,3,质量凑合对得起这个价格,2026-09-13 23:06:43,否,,0,20,非常抱歉给您带来不好的体验我们会改进,2026-09-14 01:06:43
R202609002035,O202609000069,U10447,P10010,5,物流超快第二天就到了包装完好,2026-09-13 00:22:02,否,,1,17,已收到您的反馈我们会尽快处理,2026-09-13 02:22:02
R202609002036,O202609003619,U10454,P10012,4,手机性价比超高续航一天没问题推荐购买,2026-09-06 02:30:03,否,,1,18,非常抱歉给您带来不好的体验我们会改进,2026-09-06 05:30:03
R202609002037,O202609008706,U10029,P10016,4,颜色正没有色差穿着舒服,2026-09-07 13:46:01,否,,1,0,非常抱歉给您带来不好的体验我们会改进,2026-09-07 16:46:01
R202609002038,O202609003677,U10147,P10004,4,手机性价比超高续航一天没问题推荐购买,2026-09-13 05:42:50,否,,2,5,,
R202609002039,O202609006624,U10159,P10016,4,保温效果很好外观也漂亮物流很快,2026-09-10 18:46:23,否,,2,28,非常抱歉给您带来不好的体验我们会改进,2026-09-10 22:46:23
R202609002040,O202609003733,U10326,P10005,2,跟描述完全不符要求退货,2026-09-09 04:08:28,否,,3,43,,
R202609002041,O202609009096,U10318,P10009,4,客服态度好有问必答点赞,2026-09-05 14:39:21,否,,2,13,,
R202609002042,O202609007854,U10475,P10019,5,价格实惠比实体店便宜很多,2026-09-11 13:01:49,否,,0,7,,
R202609002043,O202609001758,U10171,P10005,4,绘本内容不错孩子很喜欢,2026-09-10 18:47:57,是,追评：发现了一些问题希望改进,1,29,已收到您的反馈我们会尽快处理,2026-09-10 23:47:57
R202609002044,O202609001047,U10028,P10018,4,物流超快第二天就到了包装完好,2026-09-08 09:26:06,否,,2,15,,
R202609002045,O202609001982,U10224,P10009,4,绘本内容不错孩子很喜欢,2026-09-11 20:11:22,是,用了一段时间来追评确实不错,3,8,感谢您的理解祝您生活愉快,2026-09-11 23:11:22
R202609002046,O202609006180,U10025,P10002,4,颜色正没有色差穿着舒服,2026-09-13 19:55:02,否,,0,34,,
R202609002047,O202609005601,U10281,P10004,4,客服态度好有问必答点赞,2026-09-07 03:04:08,否,,1,0,,
R202609002048,O202609001073,U10289,P10006,3,包装有点简陋东西没问题,2026-09-13 05:04:34,否,,1,17,,
R202609002049,O202609002257,U10032,P10012,4,质量很好做工精细值得购买,2026-09-09 01:58:18,否,,2,36,已收到您的反馈我们会尽快处理,2026-09-09 04:58:18
R202609002050,O202609004048,U10159,P10012,2,物流慢得要死等了一周,2026-09-14 15:55:32,是,用了一段时间来追评确实不错,3,2,已收到您的反馈我们会尽快处理,2026-09-14 17:55:32
R202609002051,O202609006219,U10375,P10015,4,颜色正没有色差穿着舒服,2026-09-07 03:37:02,是,追评：发现了一些问题希望改进,2,26,,
R202609002052,O202609007858,U10425,P10015,4,手机性价比超高续航一天没问题推荐购买,2026-09-09 14:14:18,否,,1,37,感谢您的理解祝您生活愉快,2026-09-09 18:14:18
R202609002053,O202609006765,U10192,P10003,4,颜色正没有色差穿着舒服,2026-09-09 11:57:33,否,,0,7,非常抱歉给您带来不好的体验我们会改进,2026-09-09 14:57:33
R202609002054,O202609002706,U10323,P10017,4,绘本内容不错孩子很喜欢,2026-09-05 10:42:34,否,,1,26,,
R202609002055,O202609007503,U10363,P10020,4,客服态度好有问必答点赞,2026-09-08 16:55:43,否,,1,25,,
R202609002056,O202609003334,U10167,P10005,5,颜色正没有色差穿着舒服,2026-09-10 17:07:19,否,,3,22,,
R202609002057,O202609003669,U10473,P10010,2,鞋子偏小一码穿了半天脚疼,2026-09-07 14:48:53,否,,2,11,,
R202609002058,O202609009889,U10024,P10019,5,颜色正没有色差穿着舒服,2026-09-09 16:18:05,否,,0,39,非常抱歉给您带来不好的体验我们会改进,2026-09-09 20:18:05
R202609002059,O202609007214,U10403,P10017,5,客服态度好有问必答点赞,2026-09-10 09:12:28,否,,2,10,,
R202609002060,O202609005804,U10333,P10020,4,质量很好做工精细值得购买,2026-09-13 06:21:42,否,,3,36,感谢您的认可欢迎下次光临,2026-09-13 11:21:42
R202609002061,O202609003271,U10231,P10001,5,保温效果很好外观也漂亮物流很快,2026-09-12 04:59:21,否,,3,2,已收到您的反馈我们会尽快处理,2026-09-12 09:59:21
R202609002062,O202609003680,U10306,P10001,5,物流超快第二天就到了包装完好,2026-09-05 12:04:20,否,,2,41,,
R202609002063,O202609003859,U10105,P10018,3,质量凑合对得起这个价格,2026-09-12 09:16:16,否,,0,17,,
R202609002064,O202609009254,U10396,P10001,3,东西还行就是发货慢了点,2026-09-14 13:05:34,否,,3,23,感谢您的理解祝您生活愉快,2026-09-14 18:05:34
R202609002065,O202609001852,U10223,P10018,3,质量凑合对得起这个价格,2026-09-06 09:29:49,否,,0,39,感谢您的理解祝您生活愉快,2026-09-06 13:29:49
R202609002066,O202609004083,U10368,P10006,5,绘本内容不错孩子很喜欢,2026-09-08 21:35:06,否,,1,28,,
R202609002067,O202609002124,U10169,P10015,4,价格实惠比实体店便宜很多,2026-09-14 17:06:21,否,,2,43,,
R202609002068,O202609003069,U10032,P10014,4,质量很好做工精细值得购买,2026-09-14 20:09:08,否,,2,21,已收到您的反馈我们会尽快处理,2026-09-14 23:09:08
R202609002069,O202609002289,U10439,P10018,3,东西还行就是发货慢了点,2026-09-05 12:16:28,否,,2,38,,
R202609002070,O202609006708,U10029,P10013,3,包装有点简陋东西没问题,2026-09-10 17:02:59,否,,2,14,感谢您的理解祝您生活愉快,2026-09-10 22:02:59
R202609002071,O202609008149,U10024,P10018,4,质量很好做工精细值得购买,2026-09-13 14:59:24,否,,2,50,,
R202609002072,O202609006872,U10418,P10009,3,东西还行就是发货慢了点,2026-09-11 21:22:48,否,,1,27,非常抱歉给您带来不好的体验我们会改进,2026-09-11 23:22:48
R202609002073,O202609007566,U10017,P10003,4,保温效果很好外观也漂亮物流很快,2026-09-10 15:10:03,否,,2,1,,
R202609002074,O202609001820,U10218,P10002,4,价格实惠比实体店便宜很多,2026-09-05 15:00:14,是,追评：质量比预期好,1,42,感谢您的理解祝您生活愉快,2026-09-05 17:00:14
R202609002075,O202609003979,U10280,P10010,3,东西还行就是发货慢了点,2026-09-12 03:48:30,否,,2,5,已收到您的反馈我们会尽快处理,2026-09-12 04:48:30
R202609002076,O202609006433,U10256,P10019,4,手机性价比超高续航一天没问题推荐购买,2026-09-11 00:24:51,否,,3,47,非常抱歉给您带来不好的体验我们会改进,2026-09-11 02:24:51
R202609002077,O202609009459,U10316,P10017,5,颜色正没有色差穿着舒服,2026-09-07 09:09:59,否,,1,42,感谢您的认可欢迎下次光临,2026-09-07 12:09:59
R202609002078,O202609000256,U10372,P10001,5,价格实惠比实体店便宜很多,2026-09-08 21:09:18,否,,2,50,非常抱歉给您带来不好的体验我们会改进,2026-09-08 23:09:18
R202609002079,O202609003963,U10047,P10017,5,质量很好做工精细值得购买,2026-09-07 22:34:21,否,,3,27,非常抱歉给您带来不好的体验我们会改进,2026-09-08 03:34:21
R202609002080,O202609004283,U10440,P10010,5,质量很好做工精细值得购买,2026-09-13 09:18:16,否,,0,8,已收到您的反馈我们会尽快处理,2026-09-13 14:18:16
R202609002081,O202609006086,U10129,P10010,5,保温效果很好外观也漂亮物流很快,2026-09-11 11:12:08,否,,0,4,感谢您的理解祝您生活愉快,2026-09-11 12:12:08
R202609002082,O202609000503,U10262,P10003,5,颜色正没有色差穿着舒服,2026-09-13 00:39:40,否,,1,14,,
R202609002083,O202609003103,U10227,P10011,4,颜色正没有色差穿着舒服,2026-09-13 17:20:13,否,,0,0,已收到您的反馈我们会尽快处理,2026-09-13 18:20:13
R202609002084,O202609003992,U10182,P10013,5,绘本内容不错孩子很喜欢,2026-09-05 05:51:57,否,,1,7,,
R202609002085,O202609000519,U10347,P10006,5,价格实惠比实体店便宜很多,2026-09-07 23:55:12,是,追评：质量比预期好,0,44,感谢您的认可欢迎下次光临,2026-09-08 04:55:12
R202609002086,O202609004500,U10074,P10003,1,客服态度恶劣不理人,2026-09-08 14:44:27,否,,3,46,已收到您的反馈我们会尽快处理,2026-09-08 18:44:27
R202609002087,O202609005018,U10178,P10010,1,鞋子偏小一码穿了半天脚疼,2026-09-13 20:35:32,否,,0,45,非常抱歉给您带来不好的体验我们会改进,2026-09-13 22:35:32
R202609002088,O202609008991,U10480,P10019,5,物流超快第二天就到了包装完好,2026-09-10 11:48:26,否,,1,49,已收到您的反馈我们会尽快处理,2026-09-10 14:48:26
R202609002089,O202609006575,U10123,P10002,4,价格实惠比实体店便宜很多,2026-09-08 17:16:20,否,,3,10,感谢您的理解祝您生活愉快,2026-09-08 22:16:20
R202609002090,O202609004427,U10341,P10012,5,保温效果很好外观也漂亮物流很快,2026-09-09 04:53:05,否,,2,26,,
R202609002091,O202609001433,U10304,P10019,4,颜色正没有色差穿着舒服,2026-09-13 10:39:34,是,追评：发现了一些问题希望改进,1,38,已收到您的反馈我们会尽快处理,2026-09-13 11:39:34
R202609002092,O202609008778,U10099,P10019,4,质量很好做工精细值得购买,2026-09-05 06:51:07,否,,1,41,感谢您的认可欢迎下次光临,2026-09-05 08:51:07
R202609002093,O202609002389,U10237,P10009,5,绘本内容不错孩子很喜欢,2026-09-08 00:38:44,否,,0,5,,
R202609002094,O202609007165,U10236,P10003,5,手机性价比超高续航一天没问题推荐购买,2026-09-14 21:39:16,否,,1,13,,
R202609002095,O202609006191,U10142,P10017,4,客服态度好有问必答点赞,2026-09-14 08:19:28,否,,0,10,感谢您的理解祝您生活愉快,2026-09-14 10:19:28
R202609002096,O202609009858,U10064,P10020,4,质量很好做工精细值得购买,2026-09-06 13:23:14,否,,0,15,,
R202609002097,O202609004355,U10264,P10001,5,质量很好做工精细值得购买,2026-09-11 06:45:29,是,追评：发现了一些问题希望改进,3,27,,
R202609002098,O202609009940,U10462,P10017,4,物流超快第二天就到了包装完好,2026-09-06 20:43:30,否,,3,6,感谢您的认可欢迎下次光临,2026-09-06 23:43:30
R202609002099,O202609004267,U10017,P10009,2,鞋子偏小一码穿了半天脚疼,2026-09-13 21:19:17,否,,1,14,,
R202609002100,O202609006583,U10064,P10006,2,鞋子偏小一码穿了半天脚疼,2026-09-05 06:57:28,是,用了一段时间来追评确实不错,0,46,感谢您的理解祝您生活愉快,2026-09-05 09:57:28
R202609002101,O202609003558,U10341,P10005,4,物流超快第二天就到了包装完好,2026-09-12 06:38:50,是,追评：质量比预期好,0,35,感谢您的认可欢迎下次光临,2026-09-12 07:38:50
R202609002102,O202609000801,U10223,P10009,1,用了两天就坏了质量太差,2026-09-09 13:02:29,否,,2,12,感谢您的认可欢迎下次光临,2026-09-09 14:02:29
R202609002103,O202609008195,U10488,P10013,5,绘本内容不错孩子很喜欢,2026-09-12 23:33:54,否,,1,34,感谢您的认可欢迎下次光临,2026-09-13 02:33:54
R202609002104,O202609000788,U10106,P10011,4,绘本内容不错孩子很喜欢,2026-09-05 01:06:43,否,,1,41,,
R202609002105,O202609003514,U10450,P10007,5,手机性价比超高续航一天没问题推荐购买,2026-09-07 08:36:50,否,,1,18,非常抱歉给您带来不好的体验我们会改进,2026-09-07 12:36:50
R202609002106,O202609006234,U10023,P10001,5,绘本内容不错孩子很喜欢,2026-09-13 05:13:00,否,,2,20,非常抱歉给您带来不好的体验我们会改进,2026-09-13 09:13:00
R202609002107,O202609004402,U10333,P10015,3,质量凑合对得起这个价格,2026-09-10 01:56:31,是,追评：质量比预期好,3,22,,
R202609002108,O202609002330,U10272,P10015,2,收到货发现有瑕疵要求换货,2026-09-05 05:48:19,否,,2,20,已收到您的反馈我们会尽快处理,2026-09-05 09:48:19
R202609002109,O202609004198,U10230,P10010,4,手机性价比超高续航一天没问题推荐购买,2026-09-06 09:18:19,否,,0,28,,
R202609002110,O202609007609,U10320,P10014,1,客服态度恶劣不理人,2026-09-05 12:19:39,否,,0,31,,
R202609002111,O202609002792,U10495,P10015,5,手机性价比超高续航一天没问题推荐购买,2026-09-06 01:57:35,否,,3,12,,
R202609002112,O202609007128,U10306,P10015,4,颜色正没有色差穿着舒服,2026-09-13 13:20:03,否,,0,18,非常抱歉给您带来不好的体验我们会改进,2026-09-13 14:20:03
R202609002113,O202609002418,U10044,P10013,2,用了两天就坏了质量太差,2026-09-14 18:04:32,否,,2,17,已收到您的反馈我们会尽快处理,2026-09-14 22:04:32
R202609002114,O202609000547,U10418,P10002,2,收到货发现有瑕疵要求换货,2026-09-08 10:29:18,是,售后处理很快满意,3,13,感谢您的理解祝您生活愉快,2026-09-08 12:29:18
R202609002115,O202609002579,U10271,P10007,4,客服态度好有问必答点赞,2026-09-13 00:49:31,是,追评：发现了一些问题希望改进,3,41,已收到您的反馈我们会尽快处理,2026-09-13 05:49:31
R202609002116,O202609006085,U10450,P10011,5,价格实惠比实体店便宜很多,2026-09-13 21:54:06,否,,2,31,感谢您的认可欢迎下次光临,2026-09-14 02:54:06
R202609002117,O202609003244,U10489,P10015,4,客服态度好有问必答点赞,2026-09-07 11:24:38,否,,3,15,非常抱歉给您带来不好的体验我们会改进,2026-09-07 14:24:38
R202609002118,O202609007250,U10270,P10020,2,物流慢得要死等了一周,2026-09-07 19:14:26,否,,2,16,,
R202609002119,O202609005811,U10226,P10003,4,颜色正没有色差穿着舒服,2026-09-11 07:07:28,否,,3,37,,
R202609002120,O202609007740,U10320,P10018,5,手机性价比超高续航一天没问题推荐购买,2026-09-05 12:29:25,否,,3,26,,
R202609002121,O202609003729,U10484,P10001,4,绘本内容不错孩子很喜欢,2026-09-11 08:28:17,否,,3,30,感谢您的认可欢迎下次光临,2026-09-11 12:28:17
R202609002122,O202609001518,U10500,P10014,4,绘本内容不错孩子很喜欢,2026-09-07 16:58:45,否,,2,30,,
R202609002123,O202609001082,U10085,P10003,4,颜色正没有色差穿着舒服,2026-09-05 11:11:27,否,,2,1,感谢您的认可欢迎下次光临,2026-09-05 14:11:27
R202609002124,O202609001392,U10117,P10019,5,手机性价比超高续航一天没问题推荐购买,2026-09-07 20:54:23,否,,2,28,,
R202609002125,O202609000396,U10028,P10001,4,保温效果很好外观也漂亮物流很快,2026-09-09 04:53:21,否,,2,10,感谢您的理解祝您生活愉快,2026-09-09 05:53:21
R202609002126,O202609004949,U10256,P10009,5,绘本内容不错孩子很喜欢,2026-09-11 12:24:50,是,售后处理很快满意,1,44,感谢您的理解祝您生活愉快,2026-09-11 13:24:50
R202609002127,O202609001240,U10202,P10012,5,绘本内容不错孩子很喜欢,2026-09-10 16:26:16,否,,3,4,感谢您的认可欢迎下次光临,2026-09-10 19:26:16
R202609002128,O202609009164,U10006,P10010,4,手机性价比超高续航一天没问题推荐购买,2026-09-13 13:21:40,是,用了一段时间来追评确实不错,1,21,已收到您的反馈我们会尽快处理,2026-09-13 15:21:40
R202609002129,O202609004161,U10265,P10016,4,物流超快第二天就到了包装完好,2026-09-12 10:52:53,否,,3,41,非常抱歉给您带来不好的体验我们会改进,2026-09-12 15:52:53
R202609002130,O202609006719,U10372,P10015,4,质量很好做工精细值得购买,2026-09-07 17:46:35,否,,2,14,感谢您的理解祝您生活愉快,2026-09-07 19:46:35
R202609002131,O202609009569,U10493,P10006,4,质量很好做工精细值得购买,2026-09-11 09:02:06,否,,3,34,,
R202609002132,O202609009882,U10177,P10008,4,物流超快第二天就到了包装完好,2026-09-11 15:13:19,是,用了一段时间来追评确实不错,2,5,,
R202609002133,O202609003417,U10428,P10008,2,客服态度恶劣不理人,2026-09-06 21:29:41,否,,3,46,,
R202609002134,O202609007920,U10130,P10011,5,绘本内容不错孩子很喜欢,2026-09-13 14:55:15,否,,0,16,,
R202609002135,O202609007542,U10191,P10015,4,绘本内容不错孩子很喜欢,2026-09-14 17:32:23,是,售后处理很快满意,0,6,,
R202609002136,O202609007405,U10245,P10019,5,价格实惠比实体店便宜很多,2026-09-10 08:14:06,否,,2,37,非常抱歉给您带来不好的体验我们会改进,2026-09-10 13:14:06
R202609002137,O202609002870,U10204,P10014,4,绘本内容不错孩子很喜欢,2026-09-13 08:46:03,否,,1,43,非常抱歉给您带来不好的体验我们会改进,2026-09-13 13:46:03
R202609002138,O202609006721,U10496,P10009,4,价格实惠比实体店便宜很多,2026-09-11 06:37:22,否,,1,24,感谢您的理解祝您生活愉快,2026-09-11 08:37:22
R202609002139,O202609004284,U10454,P10007,4,客服态度好有问必答点赞,2026-09-09 05:38:10,否,,2,48,已收到您的反馈我们会尽快处理,2026-09-09 10:38:10
R202609002140,O202609009871,U10380,P10005,4,价格实惠比实体店便宜很多,2026-09-13 23:48:32,否,,3,28,已收到您的反馈我们会尽快处理,2026-09-14 01:48:32
R202609002141,O202609008791,U10098,P10004,3,东西还行就是发货慢了点,2026-09-13 02:18:10,是,售后处理很快满意,1,17,已收到您的反馈我们会尽快处理,2026-09-13 04:18:10
R202609002142,O202609003840,U10015,P10020,4,物流超快第二天就到了包装完好,2026-09-13 04:30:31,是,追评：发现了一些问题希望改进,3,18,已收到您的反馈我们会尽快处理,2026-09-13 07:30:31
R202609002143,O202609006434,U10045,P10011,5,手机性价比超高续航一天没问题推荐购买,2026-09-11 04:33:37,否,,3,47,感谢您的理解祝您生活愉快,2026-09-11 05:33:37
R202609002144,O202609009284,U10355,P10006,5,质量很好做工精细值得购买,2026-09-11 13:42:37,否,,3,7,感谢您的认可欢迎下次光临,2026-09-11 17:42:37
R202609002145,O202609000742,U10169,P10019,4,颜色正没有色差穿着舒服,2026-09-11 12:34:07,否,,1,29,非常抱歉给您带来不好的体验我们会改进,2026-09-11 14:34:07
R202609002146,O202609002584,U10471,P10019,5,颜色正没有色差穿着舒服,2026-09-11 21:27:17,否,,2,8,感谢您的认可欢迎下次光临,2026-09-11 22:27:17
R202609002147,O202609004188,U10257,P10016,5,绘本内容不错孩子很喜欢,2026-09-10 19:54:47,是,用了一段时间来追评确实不错,0,48,,
R202609002148,O202609003929,U10185,P10010,4,物流超快第二天就到了包装完好,2026-09-12 00:52:45,否,,3,2,感谢您的理解祝您生活愉快,2026-09-12 02:52:45
R202609002149,O202609008836,U10131,P10002,4,绘本内容不错孩子很喜欢,2026-09-14 00:00:03,否,,2,44,感谢您的理解祝您生活愉快,2026-09-14 03:00:03
R202609002150,O202609008900,U10086,P10011,1,客服态度恶劣不理人,2026-09-14 21:37:18,否,,2,35,,
R202609002151,O202609006824,U10456,P10006,5,手机性价比超高续航一天没问题推荐购买,2026-09-08 09:51:12,是,用了一段时间来追评确实不错,3,25,感谢您的理解祝您生活愉快,2026-09-08 12:51:12
R202609002152,O202609001428,U10129,P10009,3,东西还行就是发货慢了点,2026-09-06 00:18:06,是,追评：发现了一些问题希望改进,0,31,,
R202609002153,O202609002641,U10239,P10004,2,鞋子偏小一码穿了半天脚疼,2026-09-05 12:47:34,否,,0,39,非常抱歉给您带来不好的体验我们会改进,2026-09-05 16:47:34
R202609002154,O202609008270,U10289,P10019,5,颜色正没有色差穿着舒服,2026-09-12 05:01:28,是,用了一段时间来追评确实不错,0,39,非常抱歉给您带来不好的体验我们会改进,2026-09-12 08:01:28
R202609002155,O202609004716,U10472,P10019,5,物流超快第二天就到了包装完好,2026-09-07 08:46:20,否,,3,36,感谢您的理解祝您生活愉快,2026-09-07 13:46:20
R202609002156,O202609000675,U10310,P10016,1,鞋子偏小一码穿了半天脚疼,2026-09-05 14:42:13,是,追评：质量比预期好,2,38,已收到您的反馈我们会尽快处理,2026-09-05 16:42:13
R202609002157,O202609004017,U10325,P10015,3,包装有点简陋东西没问题,2026-09-10 18:10:22,否,,3,35,非常抱歉给您带来不好的体验我们会改进,2026-09-10 21:10:22
R202609002158,O202609003676,U10495,P10020,3,一般般吧没有想象中好,2026-09-13 18:38:58,否,,0,9,感谢您的认可欢迎下次光临,2026-09-13 20:38:58
R202609002159,O202609000270,U10261,P10012,4,颜色正没有色差穿着舒服,2026-09-11 16:17:45,否,,2,46,,
R202609002160,O202609001810,U10207,P10009,4,保温效果很好外观也漂亮物流很快,2026-09-05 18:54:26,否,,0,5,已收到您的反馈我们会尽快处理,2026-09-05 22:54:26
R202609002161,O202609009496,U10075,P10007,1,物流慢得要死等了一周,2026-09-10 03:20:17,是,追评：质量比预期好,1,47,,
R202609002162,O202609001200,U10392,P10019,1,跟描述完全不符要求退货,2026-09-10 17:05:24,否,,3,41,感谢您的认可欢迎下次光临,2026-09-10 22:05:24
R202609002163,O202609007260,U10411,P10013,5,保温效果很好外观也漂亮物流很快,2026-09-13 11:13:27,否,,1,17,感谢您的认可欢迎下次光临,2026-09-13 14:13:27
R202609002164,O202609005228,U10155,P10011,5,绘本内容不错孩子很喜欢,2026-09-14 16:34:10,否,,2,10,已收到您的反馈我们会尽快处理,2026-09-14 17:34:10
R202609002165,O202609001214,U10175,P10001,2,用了两天就坏了质量太差,2026-09-10 05:13:43,是,用了一段时间来追评确实不错,1,0,非常抱歉给您带来不好的体验我们会改进,2026-09-10 08:13:43
R202609002166,O202609000728,U10150,P10006,1,跟描述完全不符要求退货,2026-09-07 17:18:29,否,,2,42,,
R202609002167,O202609004893,U10144,P10008,3,包装有点简陋东西没问题,2026-09-11 19:38:32,否,,1,38,已收到您的反馈我们会尽快处理,2026-09-11 23:38:32
R202609002168,O202609005845,U10387,P10005,5,颜色正没有色差穿着舒服,2026-09-12 19:21:32,否,,3,24,感谢您的认可欢迎下次光临,2026-09-13 00:21:32
R202609002169,O202609009039,U10125,P10013,5,物流超快第二天就到了包装完好,2026-09-06 15:27:29,否,,0,27,非常抱歉给您带来不好的体验我们会改进,2026-09-06 19:27:29
R202609002170,O202609006692,U10332,P10020,4,客服态度好有问必答点赞,2026-09-10 16:24:26,是,售后处理很快满意,0,25,感谢您的认可欢迎下次光临,2026-09-10 20:24:26
R202609002171,O202609006855,U10431,P10004,4,保温效果很好外观也漂亮物流很快,2026-09-10 07:48:00,否,,2,29,感谢您的认可欢迎下次光临,2026-09-10 09:48:00
R202609002172,O202609006670,U10155,P10003,4,手机性价比超高续航一天没问题推荐购买,2026-09-10 11:47:45,否,,3,5,感谢您的理解祝您生活愉快,2026-09-10 15:47:45
R202609002173,O202609000700,U10228,P10007,5,保温效果很好外观也漂亮物流很快,2026-09-10 22:46:13,否,,3,18,,
R202609002174,O202609006863,U10001,P10002,5,质量很好做工精细值得购买,2026-09-13 20:00:37,否,,1,36,感谢您的认可欢迎下次光临,2026-09-13 21:00:37
R202609002175,O202609007463,U10477,P10010,1,用了两天就坏了质量太差,2026-09-09 20:47:58,是,追评：质量比预期好,3,50,感谢您的认可欢迎下次光临,2026-09-10 01:47:58
R202609002176,O202609001285,U10086,P10003,4,价格实惠比实体店便宜很多,2026-09-05 21:21:38,否,,1,1,,
R202609002177,O202609006523,U10175,P10015,3,东西还行就是发货慢了点,2026-09-07 21:08:51,否,,3,48,,
R202609002178,O202609007868,U10184,P10005,4,绘本内容不错孩子很喜欢,2026-09-14 10:56:00,否,,0,0,感谢您的理解祝您生活愉快,2026-09-14 13:56:00
R202609002179,O202609000135,U10204,P10019,2,物流慢得要死等了一周,2026-09-14 22:54:34,否,,0,33,非常抱歉给您带来不好的体验我们会改进,2026-09-15 03:54:34
R202609002180,O202609002157,U10161,P10020,5,价格实惠比实体店便宜很多,2026-09-05 04:04:46,是,售后处理很快满意,0,39,感谢您的理解祝您生活愉快,2026-09-05 08:04:46
R202609002181,O202609009593,U10085,P10002,5,物流超快第二天就到了包装完好,2026-09-08 13:50:03,是,追评：发现了一些问题希望改进,0,20,非常抱歉给您带来不好的体验我们会改进,2026-09-08 17:50:03
R202609002182,O202609007583,U10450,P10007,5,保温效果很好外观也漂亮物流很快,2026-09-05 00:14:55,否,,3,23,非常抱歉给您带来不好的体验我们会改进,2026-09-05 05:14:55
R202609002183,O202609007939,U10041,P10015,5,手机性价比超高续航一天没问题推荐购买,2026-09-08 21:36:58,否,,1,19,非常抱歉给您带来不好的体验我们会改进,2026-09-09 02:36:58
R202609002184,O202609002433,U10359,P10006,3,包装有点简陋东西没问题,2026-09-14 13:22:28,否,,0,23,感谢您的认可欢迎下次光临,2026-09-14 14:22:28
R202609002185,O202609003840,U10023,P10015,3,东西还行就是发货慢了点,2026-09-12 08:06:20,否,,3,49,感谢您的认可欢迎下次光临,2026-09-12 12:06:20
R202609002186,O202609005630,U10406,P10007,4,颜色正没有色差穿着舒服,2026-09-08 16:54:42,否,,1,45,,
R202609002187,O202609007022,U10060,P10002,5,绘本内容不错孩子很喜欢,2026-09-14 06:34:46,是,追评：发现了一些问题希望改进,3,2,,
R202609002188,O202609009829,U10057,P10014,5,价格实惠比实体店便宜很多,2026-09-13 09:22:34,否,,1,4,感谢您的认可欢迎下次光临,2026-09-13 10:22:34
R202609002189,O202609009804,U10368,P10016,3,东西还行就是发货慢了点,2026-09-13 03:56:01,否,,3,15,感谢您的认可欢迎下次光临,2026-09-13 07:56:01
R202609002190,O202609008259,U10492,P10006,3,一般般吧没有想象中好,2026-09-11 12:52:45,否,,2,34,感谢您的理解祝您生活愉快,2026-09-11 16:52:45
R202609002191,O202609009201,U10326,P10011,2,客服态度恶劣不理人,2026-09-05 07:17:20,否,,2,39,,
R202609002192,O202609001173,U10020,P10007,3,东西还行就是发货慢了点,2026-09-05 11:43:50,否,,0,43,,
R202609002193,O202609001506,U10257,P10020,4,物流超快第二天就到了包装完好,2026-09-09 19:05:03,否,,3,49,感谢您的认可欢迎下次光临,2026-09-10 00:05:03
R202609002194,O202609000388,U10427,P10003,4,质量很好做工精细值得购买,2026-09-12 16:28:35,是,售后处理很快满意,0,27,感谢您的理解祝您生活愉快,2026-09-12 18:28:35
R202609002195,O202609006413,U10357,P10013,1,用了两天就坏了质量太差,2026-09-06 06:37:49,否,,0,20,感谢您的认可欢迎下次光临,2026-09-06 11:37:49
R202609002196,O202609005726,U10003,P10006,5,颜色正没有色差穿着舒服,2026-09-07 08:24:42,否,,3,45,感谢您的认可欢迎下次光临,2026-09-07 13:24:42
R202609002197,O202609005808,U10236,P10003,4,客服态度好有问必答点赞,2026-09-05 23:49:15,是,售后处理很快满意,3,26,已收到您的反馈我们会尽快处理,2026-09-06 01:49:15
R202609002198,O202609009728,U10014,P10010,5,价格实惠比实体店便宜很多,2026-09-13 11:02:44,否,,1,43,感谢您的认可欢迎下次光临,2026-09-13 12:02:44
R202609002199,O202609003871,U10479,P10003,4,物流超快第二天就到了包装完好,2026-09-10 00:01:42,否,,3,8,已收到您的反馈我们会尽快处理,2026-09-10 02:01:42
R202609002200,O202609008679,U10396,P10009,2,用了两天就坏了质量太差,2026-09-09 08:08:50,否,,0,5,感谢您的认可欢迎下次光临,2026-09-09 11:08:50
R202609002201,O202609000084,U10141,P10015,4,手机性价比超高续航一天没问题推荐购买,2026-09-12 06:23:26,否,,1,9,,
R202609002202,O202609001746,U10258,P10013,1,物流慢得要死等了一周,2026-09-14 17:05:43,否,,1,32,,
R202609002203,O202609002342,U10389,P10001,4,绘本内容不错孩子很喜欢,2026-09-13 02:42:29,否,,2,5,非常抱歉给您带来不好的体验我们会改进,2026-09-13 03:42:29
R202609002204,O202609000570,U10273,P10009,5,颜色正没有色差穿着舒服,2026-09-13 22:52:17,否,,3,18,已收到您的反馈我们会尽快处理,2026-09-14 01:52:17
R202609002205,O202609000396,U10420,P10001,4,保温效果很好外观也漂亮物流很快,2026-09-06 21:07:56,否,,1,3,感谢您的理解祝您生活愉快,2026-09-07 00:07:56
R202609002206,O202609008788,U10255,P10017,4,保温效果很好外观也漂亮物流很快,2026-09-07 23:28:40,否,,3,22,已收到您的反馈我们会尽快处理,2026-09-08 04:28:40
R202609002207,O202609007569,U10033,P10006,4,绘本内容不错孩子很喜欢,2026-09-11 12:31:03,是,追评：发现了一些问题希望改进,1,37,,
R202609002208,O202609004844,U10229,P10003,5,物流超快第二天就到了包装完好,2026-09-13 10:52:35,是,追评：发现了一些问题希望改进,0,48,,
R202609002209,O202609000357,U10126,P10007,3,质量凑合对得起这个价格,2026-09-12 05:29:31,否,,3,21,已收到您的反馈我们会尽快处理,2026-09-12 08:29:31
R202609002210,O202609009656,U10188,P10006,2,用了两天就坏了质量太差,2026-09-09 19:28:03,否,,0,10,已收到您的反馈我们会尽快处理,2026-09-09 21:28:03
R202609002211,O202609002233,U10467,P10011,5,物流超快第二天就到了包装完好,2026-09-10 02:47:00,否,,3,13,,
R202609002212,O202609007823,U10108,P10020,4,颜色正没有色差穿着舒服,2026-09-11 08:38:13,是,追评：发现了一些问题希望改进,1,3,感谢您的认可欢迎下次光临,2026-09-11 13:38:13
R202609002213,O202609005278,U10202,P10013,3,东西还行就是发货慢了点,2026-09-13 19:05:42,是,用了一段时间来追评确实不错,2,37,,
R202609002214,O202609003903,U10491,P10007,5,绘本内容不错孩子很喜欢,2026-09-12 16:18:43,否,,2,8,感谢您的认可欢迎下次光临,2026-09-12 18:18:43
R202609002215,O202609006678,U10446,P10008,4,客服态度好有问必答点赞,2026-09-13 11:58:12,否,,1,20,感谢您的理解祝您生活愉快,2026-09-13 13:58:12
R202609002216,O202609001974,U10072,P10015,4,物流超快第二天就到了包装完好,2026-09-14 13:00:57,是,追评：发现了一些问题希望改进,3,22,感谢您的认可欢迎下次光临,2026-09-14 16:00:57
R202609002217,O202609002554,U10472,P10007,3,东西还行就是发货慢了点,2026-09-13 19:42:51,否,,0,48,感谢您的认可欢迎下次光临,2026-09-13 22:42:51
R202609002218,O202609004736,U10208,P10007,5,绘本内容不错孩子很喜欢,2026-09-07 23:27:09,否,,3,38,感谢您的理解祝您生活愉快,2026-09-08 04:27:09
R202609002219,O202609002833,U10001,P10010,5,保温效果很好外观也漂亮物流很快,2026-09-05 09:51:02,否,,2,8,非常抱歉给您带来不好的体验我们会改进,2026-09-05 12:51:02
R202609002220,O202609000009,U10040,P10006,1,跟描述完全不符要求退货,2026-09-09 13:49:24,否,,2,29,感谢您的认可欢迎下次光临,2026-09-09 17:49:24
R202609002221,O202609002036,U10148,P10015,4,客服态度好有问必答点赞,2026-09-10 17:19:20,否,,1,43,感谢您的认可欢迎下次光临,2026-09-10 20:19:20
R202609002222,O202609001868,U10096,P10002,3,东西还行就是发货慢了点,2026-09-14 01:02:17,否,,1,40,感谢您的认可欢迎下次光临,2026-09-14 04:02:17
R202609002223,O202609002500,U10248,P10001,1,客服态度恶劣不理人,2026-09-08 18:40:02,否,,1,31,,
R202609002224,O202609004753,U10103,P10019,5,质量很好做工精细值得购买,2026-09-13 02:55:39,是,售后处理很快满意,1,43,感谢您的认可欢迎下次光临,2026-09-13 04:55:39
R202609002225,O202609001642,U10066,P10018,5,价格实惠比实体店便宜很多,2026-09-12 06:04:40,否,,0,20,,
R202609002226,O202609005679,U10149,P10009,5,价格实惠比实体店便宜很多,2026-09-12 21:06:44,否,,2,31,,
R202609002227,O202609009364,U10368,P10005,4,客服态度好有问必答点赞,2026-09-11 06:59:50,否,,1,15,已收到您的反馈我们会尽快处理,2026-09-11 10:59:50
R202609002228,O202609000320,U10430,P10002,5,颜色正没有色差穿着舒服,2026-09-11 05:36:25,否,,1,27,感谢您的认可欢迎下次光临,2026-09-11 07:36:25
R202609002229,O202609000108,U10064,P10003,5,颜色正没有色差穿着舒服,2026-09-12 03:58:02,否,,1,36,,
R202609002230,O202609005446,U10085,P10014,5,物流超快第二天就到了包装完好,2026-09-14 23:57:10,否,,2,22,非常抱歉给您带来不好的体验我们会改进,2026-09-15 01:57:10
R202609002231,O202609000697,U10141,P10009,4,质量很好做工精细值得购买,2026-09-08 07:34:04,否,,2,18,,
R202609002232,O202609005765,U10268,P10009,5,质量很好做工精细值得购买,2026-09-12 23:35:34,否,,3,48,非常抱歉给您带来不好的体验我们会改进,2026-09-13 02:35:34
R202609002233,O202609000658,U10263,P10005,1,物流慢得要死等了一周,2026-09-12 16:37:33,是,追评：质量比预期好,2,18,,
R202609002234,O202609005621,U10127,P10005,4,绘本内容不错孩子很喜欢,2026-09-08 20:07:43,是,售后处理很快满意,2,50,非常抱歉给您带来不好的体验我们会改进,2026-09-08 23:07:43
R202609002235,O202609006282,U10033,P10016,5,物流超快第二天就到了包装完好,2026-09-14 00:53:06,否,,2,49,,
R202609002236,O202609007272,U10317,P10006,4,客服态度好有问必答点赞,2026-09-09 17:06:17,否,,0,1,,
R202609002237,O202609002603,U10035,P10002,4,物流超快第二天就到了包装完好,2026-09-11 03:24:03,否,,2,21,,
R202609002238,O202609007710,U10051,P10004,4,手机性价比超高续航一天没问题推荐购买,2026-09-14 11:30:06,是,追评：发现了一些问题希望改进,1,6,,
R202609002239,O202609009725,U10362,P10004,5,价格实惠比实体店便宜很多,2026-09-14 06:01:13,否,,0,48,,
R202609002240,O202609008464,U10084,P10020,3,质量凑合对得起这个价格,2026-09-10 09:21:46,否,,0,43,感谢您的理解祝您生活愉快,2026-09-10 10:21:46
R202609002241,O202609003099,U10247,P10006,3,一般般吧没有想象中好,2026-09-07 20:25:28,否,,2,36,非常抱歉给您带来不好的体验我们会改进,2026-09-07 23:25:28
R202609002242,O202609006562,U10151,P10009,5,颜色正没有色差穿着舒服,2026-09-10 23:12:48,否,,3,3,,
R202609002243,O202609004307,U10122,P10012,4,价格实惠比实体店便宜很多,2026-09-08 21:56:42,否,,2,12,非常抱歉给您带来不好的体验我们会改进,2026-09-08 22:56:42
R202609002244,O202609003767,U10376,P10008,5,价格实惠比实体店便宜很多,2026-09-06 00:07:56,否,,0,2,已收到您的反馈我们会尽快处理,2026-09-06 02:07:56
R202609002245,O202609002456,U10493,P10011,5,颜色正没有色差穿着舒服,2026-09-07 23:15:33,是,售后处理很快满意,2,13,感谢您的理解祝您生活愉快,2026-09-08 04:15:33
R202609002246,O202609003118,U10035,P10011,4,绘本内容不错孩子很喜欢,2026-09-12 05:39:29,是,用了一段时间来追评确实不错,0,17,已收到您的反馈我们会尽快处理,2026-09-12 09:39:29
R202609002247,O202609001540,U10310,P10006,3,质量凑合对得起这个价格,2026-09-06 23:16:29,否,,1,20,非常抱歉给您带来不好的体验我们会改进,2026-09-07 00:16:29
R202609002248,O202609006228,U10382,P10013,3,东西还行就是发货慢了点,2026-09-07 04:55:02,是,追评：质量比预期好,2,25,非常抱歉给您带来不好的体验我们会改进,2026-09-07 05:55:02
R202609002249,O202609009583,U10441,P10009,5,绘本内容不错孩子很喜欢,2026-09-13 01:16:47,否,,3,33,已收到您的反馈我们会尽快处理,2026-09-13 02:16:47
R202609002250,O202609003910,U10418,P10002,4,绘本内容不错孩子很喜欢,2026-09-08 20:08:37,否,,2,21,感谢您的理解祝您生活愉快,2026-09-08 23:08:37
R202609002251,O202609005382,U10050,P10009,5,质量很好做工精细值得购买,2026-09-10 07:00:02,否,,3,3,,
R202609002252,O202609002616,U10006,P10005,5,质量很好做工精细值得购买,2026-09-10 23:59:44,否,,3,1,非常抱歉给您带来不好的体验我们会改进,2026-09-11 04:59:44
R202609002253,O202609001766,U10447,P10008,5,客服态度好有问必答点赞,2026-09-13 18:45:47,否,,1,4,非常抱歉给您带来不好的体验我们会改进,2026-09-13 21:45:47
R202609002254,O202609000494,U10315,P10011,3,东西还行就是发货慢了点,2026-09-09 03:23:49,否,,3,39,感谢您的理解祝您生活愉快,2026-09-09 04:23:49
R202609002255,O202609008412,U10381,P10007,4,质量很好做工精细值得购买,2026-09-07 18:43:33,否,,2,39,,
R202609002256,O202609003532,U10081,P10018,4,颜色正没有色差穿着舒服,2026-09-05 05:20:20,否,,1,23,,
R202609002257,O202609004504,U10021,P10006,5,绘本内容不错孩子很喜欢,2026-09-14 05:22:48,是,追评：质量比预期好,1,8,感谢您的理解祝您生活愉快,2026-09-14 08:22:48
R202609002258,O202609003070,U10401,P10009,4,绘本内容不错孩子很喜欢,2026-09-12 09:39:09,否,,2,15,感谢您的认可欢迎下次光临,2026-09-12 13:39:09
R202609002259,O202609004727,U10457,P10008,5,质量很好做工精细值得购买,2026-09-11 14:12:17,否,,3,45,已收到您的反馈我们会尽快处理,2026-09-11 15:12:17
R202609002260,O202609004340,U10429,P10016,3,质量凑合对得起这个价格,2026-09-06 07:52:56,否,,1,31,,
R202609002261,O202609007140,U10089,P10002,5,物流超快第二天就到了包装完好,2026-09-13 20:34:14,否,,1,8,感谢您的理解祝您生活愉快,2026-09-13 23:34:14
R202609002262,O202609008650,U10023,P10009,5,颜色正没有色差穿着舒服,2026-09-10 00:15:54,是,追评：质量比预期好,2,2,感谢您的理解祝您生活愉快,2026-09-10 01:15:54
R202609002263,O202609003597,U10473,P10004,5,物流超快第二天就到了包装完好,2026-09-12 06:29:16,是,追评：发现了一些问题希望改进,0,44,感谢您的理解祝您生活愉快,2026-09-12 11:29:16
R202609002264,O202609003550,U10499,P10001,4,手机性价比超高续航一天没问题推荐购买,2026-09-12 02:13:53,否,,0,29,,
R202609002265,O202609002044,U10309,P10002,2,用了两天就坏了质量太差,2026-09-09 17:30:16,是,追评：发现了一些问题希望改进,3,15,,
R202609002266,O202609008595,U10043,P10012,5,物流超快第二天就到了包装完好,2026-09-14 00:59:41,否,,1,10,感谢您的理解祝您生活愉快,2026-09-14 02:59:41
R202609002267,O202609005154,U10328,P10003,3,东西还行就是发货慢了点,2026-09-11 11:50:59,是,售后处理很快满意,0,45,感谢您的认可欢迎下次光临,2026-09-11 12:50:59
R202609002268,O202609004921,U10029,P10003,4,物流超快第二天就到了包装完好,2026-09-11 17:26:59,否,,3,48,感谢您的理解祝您生活愉快,2026-09-11 21:26:59
R202609002269,O202609001226,U10411,P10003,2,客服态度恶劣不理人,2026-09-13 09:05:44,否,,3,33,,
R202609002270,O202609001060,U10098,P10013,3,一般般吧没有想象中好,2026-09-13 23:17:57,否,,0,42,,
R202609002271,O202609004383,U10473,P10003,4,绘本内容不错孩子很喜欢,2026-09-08 08:49:16,否,,2,6,,
R202609002272,O202609009506,U10426,P10010,5,保温效果很好外观也漂亮物流很快,2026-09-13 03:55:47,否,,3,0,感谢您的认可欢迎下次光临,2026-09-13 07:55:47
R202609002273,O202609000135,U10168,P10008,5,绘本内容不错孩子很喜欢,2026-09-07 09:39:41,否,,3,5,已收到您的反馈我们会尽快处理,2026-09-07 13:39:41
R202609002274,O202609003344,U10050,P10003,5,物流超快第二天就到了包装完好,2026-09-11 13:35:45,否,,3,13,感谢您的理解祝您生活愉快,2026-09-11 15:35:45
R202609002275,O202609001849,U10457,P10020,4,手机性价比超高续航一天没问题推荐购买,2026-09-10 07:38:21,否,,0,49,,
R202609002276,O202609004246,U10249,P10020,4,手机性价比超高续航一天没问题推荐购买,2026-09-06 23:50:44,否,,3,23,已收到您的反馈我们会尽快处理,2026-09-07 02:50:44
R202609002277,O202609001299,U10342,P10004,4,客服态度好有问必答点赞,2026-09-09 03:45:29,否,,2,15,感谢您的理解祝您生活愉快,2026-09-09 08:45:29
R202609002278,O202609006423,U10161,P10016,2,客服态度恶劣不理人,2026-09-05 08:45:54,否,,1,34,感谢您的认可欢迎下次光临,2026-09-05 11:45:54
R202609002279,O202609009428,U10260,P10018,4,物流超快第二天就到了包装完好,2026-09-11 03:15:14,否,,1,30,感谢您的理解祝您生活愉快,2026-09-11 08:15:14
R202609002280,O202609000424,U10026,P10017,3,一般般吧没有想象中好,2026-09-14 17:01:26,否,,1,14,,
R202609002281,O202609005412,U10197,P10008,5,客服态度好有问必答点赞,2026-09-13 09:03:24,否,,3,7,感谢您的理解祝您生活愉快,2026-09-13 11:03:24
R202609002282,O202609009025,U10009,P10017,4,质量很好做工精细值得购买,2026-09-07 02:55:22,否,,1,18,感谢您的认可欢迎下次光临,2026-09-07 06:55:22
R202609002283,O202609006967,U10417,P10019,4,客服态度好有问必答点赞,2026-09-08 11:11:19,否,,0,47,,
R202609002284,O202609005771,U10154,P10017,4,物流超快第二天就到了包装完好,2026-09-12 10:06:36,否,,2,17,感谢您的认可欢迎下次光临,2026-09-12 15:06:36
R202609002285,O202609001332,U10265,P10004,4,绘本内容不错孩子很喜欢,2026-09-08 03:48:52,否,,3,16,,
R202609002286,O202609003204,U10452,P10014,5,颜色正没有色差穿着舒服,2026-09-07 13:23:13,否,,3,6,,
R202609002287,O202609004026,U10047,P10008,5,颜色正没有色差穿着舒服,2026-09-10 20:09:27,是,售后处理很快满意,0,6,已收到您的反馈我们会尽快处理,2026-09-11 01:09:27
R202609002288,O202609000423,U10445,P10003,4,手机性价比超高续航一天没问题推荐购买,2026-09-13 14:56:21,否,,1,8,,
R202609002289,O202609002876,U10015,P10007,4,保温效果很好外观也漂亮物流很快,2026-09-14 20:30:11,否,,1,21,感谢您的理解祝您生活愉快,2026-09-14 23:30:11
R202609002290,O202609004367,U10368,P10006,5,手机性价比超高续航一天没问题推荐购买,2026-09-09 19:49:10,是,追评：质量比预期好,3,46,感谢您的理解祝您生活愉快,2026-09-10 00:49:10
R202609002291,O202609008271,U10190,P10020,4,客服态度好有问必答点赞,2026-09-14 04:23:23,否,,0,19,非常抱歉给您带来不好的体验我们会改进,2026-09-14 09:23:23
R202609002292,O202609002999,U10028,P10005,4,颜色正没有色差穿着舒服,2026-09-10 19:12:52,否,,1,13,,
R202609002293,O202609008784,U10265,P10011,2,跟描述完全不符要求退货,2026-09-08 00:38:56,否,,0,40,非常抱歉给您带来不好的体验我们会改进,2026-09-08 01:38:56
R202609002294,O202609004427,U10471,P10012,4,物流超快第二天就到了包装完好,2026-09-08 02:08:07,否,,2,9,感谢您的认可欢迎下次光临,2026-09-08 05:08:07
R202609002295,O202609002466,U10179,P10020,4,保温效果很好外观也漂亮物流很快,2026-09-07 01:39:47,否,,3,45,感谢您的认可欢迎下次光临,2026-09-07 05:39:47
R202609002296,O202609007172,U10277,P10013,3,一般般吧没有想象中好,2026-09-13 14:08:25,否,,1,44,非常抱歉给您带来不好的体验我们会改进,2026-09-13 18:08:25
R202609002297,O202609005004,U10176,P10014,4,物流超快第二天就到了包装完好,2026-09-11 03:45:59,否,,2,11,感谢您的理解祝您生活愉快,2026-09-11 06:45:59
R202609002298,O202609007883,U10424,P10012,5,保温效果很好外观也漂亮物流很快,2026-09-06 21:09:42,否,,0,16,感谢您的理解祝您生活愉快,2026-09-07 01:09:42
R202609002299,O202609001730,U10008,P10009,5,价格实惠比实体店便宜很多,2026-09-08 04:29:42,否,,0,30,已收到您的反馈我们会尽快处理,2026-09-08 07:29:42
R202609002300,O202609005937,U10079,P10004,3,一般般吧没有想象中好,2026-09-07 15:18:23,否,,1,35,感谢您的理解祝您生活愉快,2026-09-07 16:18:23
R202609002301,O202609004762,U10271,P10019,5,保温效果很好外观也漂亮物流很快,2026-09-09 22:17:03,是,追评：发现了一些问题希望改进,0,11,非常抱歉给您带来不好的体验我们会改进,2026-09-10 00:17:03
R202609002302,O202609005095,U10263,P10016,2,物流慢得要死等了一周,2026-09-06 09:00:55,否,,2,7,,
R202609002303,O202609009042,U10088,P10006,1,鞋子偏小一码穿了半天脚疼,2026-09-06 04:56:30,否,,1,49,非常抱歉给您带来不好的体验我们会改进,2026-09-06 07:56:30
R202609002304,O202609004237,U10114,P10020,5,物流超快第二天就到了包装完好,2026-09-09 23:43:34,否,,1,4,感谢您的理解祝您生活愉快,2026-09-10 04:43:34
R202609002305,O202609003047,U10058,P10016,5,手机性价比超高续航一天没问题推荐购买,2026-09-06 07:34:34,否,,1,24,,
R202609002306,O202609005677,U10432,P10010,3,质量凑合对得起这个价格,2026-09-10 10:44:38,否,,2,2,感谢您的认可欢迎下次光临,2026-09-10 12:44:38
R202609002307,O202609007487,U10281,P10009,5,客服态度好有问必答点赞,2026-09-11 15:05:01,否,,2,33,,
R202609002308,O202609002487,U10249,P10007,5,绘本内容不错孩子很喜欢,2026-09-09 00:33:17,是,追评：质量比预期好,0,44,,
R202609002309,O202609006838,U10440,P10020,3,东西还行就是发货慢了点,2026-09-07 15:46:30,是,用了一段时间来追评确实不错,0,3,感谢您的认可欢迎下次光临,2026-09-07 17:46:30
R202609002310,O202609004704,U10278,P10009,4,保温效果很好外观也漂亮物流很快,2026-09-09 07:35:46,是,追评：发现了一些问题希望改进,3,2,,
R202609002311,O202609009806,U10103,P10014,5,手机性价比超高续航一天没问题推荐购买,2026-09-12 19:50:07,否,,0,25,,
R202609002312,O202609003523,U10102,P10010,4,颜色正没有色差穿着舒服,2026-09-06 21:36:20,否,,3,27,已收到您的反馈我们会尽快处理,2026-09-06 23:36:20
R202609002313,O202609006169,U10330,P10010,5,客服态度好有问必答点赞,2026-09-05 22:56:50,否,,1,44,已收到您的反馈我们会尽快处理,2026-09-06 00:56:50
R202609002314,O202609002773,U10040,P10005,4,绘本内容不错孩子很喜欢,2026-09-11 17:25:51,否,,3,2,,
R202609002315,O202609000385,U10082,P10009,4,颜色正没有色差穿着舒服,2026-09-10 23:00:31,否,,1,43,感谢您的理解祝您生活愉快,2026-09-11 02:00:31
R202609002316,O202609001135,U10238,P10008,4,客服态度好有问必答点赞,2026-09-11 01:40:32,否,,0,13,已收到您的反馈我们会尽快处理,2026-09-11 05:40:32
R202609002317,O202609007705,U10244,P10005,5,保温效果很好外观也漂亮物流很快,2026-09-13 12:36:01,否,,3,14,非常抱歉给您带来不好的体验我们会改进,2026-09-13 14:36:01
R202609002318,O202609001668,U10391,P10010,5,质量很好做工精细值得购买,2026-09-06 07:29:10,否,,2,48,,
R202609002319,O202609009594,U10010,P10008,4,绘本内容不错孩子很喜欢,2026-09-09 07:12:51,否,,1,1,,
R202609002320,O202609001157,U10027,P10016,5,绘本内容不错孩子很喜欢,2026-09-05 19:11:24,否,,3,26,非常抱歉给您带来不好的体验我们会改进,2026-09-05 20:11:24
R202609002321,O202609000574,U10498,P10013,1,跟描述完全不符要求退货,2026-09-05 00:42:11,否,,0,25,已收到您的反馈我们会尽快处理,2026-09-05 05:42:11
R202609002322,O202609001033,U10157,P10018,4,手机性价比超高续航一天没问题推荐购买,2026-09-14 18:38:12,否,,2,9,非常抱歉给您带来不好的体验我们会改进,2026-09-14 23:38:12
R202609002323,O202609002174,U10441,P10012,4,质量很好做工精细值得购买,2026-09-14 18:26:46,否,,2,41,非常抱歉给您带来不好的体验我们会改进,2026-09-14 23:26:46
R202609002324,O202609007075,U10083,P10007,5,物流超快第二天就到了包装完好,2026-09-05 21:19:30,否,,1,2,,
R202609002325,O202609003426,U10308,P10001,3,一般般吧没有想象中好,2026-09-08 07:39:44,否,,0,50,感谢您的认可欢迎下次光临,2026-09-08 09:39:44
R202609002326,O202609008492,U10325,P10019,5,绘本内容不错孩子很喜欢,2026-09-12 18:37:34,否,,3,20,非常抱歉给您带来不好的体验我们会改进,2026-09-12 23:37:34
R202609002327,O202609000322,U10212,P10019,4,价格实惠比实体店便宜很多,2026-09-07 02:05:53,否,,2,33,,
R202609002328,O202609004290,U10500,P10009,1,跟描述完全不符要求退货,2026-09-07 15:54:25,否,,0,14,感谢您的认可欢迎下次光临,2026-09-07 16:54:25
R202609002329,O202609005447,U10436,P10018,4,物流超快第二天就到了包装完好,2026-09-06 16:33:01,否,,0,14,非常抱歉给您带来不好的体验我们会改进,2026-09-06 19:33:01
R202609002330,O202609000135,U10203,P10015,4,质量很好做工精细值得购买,2026-09-11 23:20:34,否,,2,37,感谢您的理解祝您生活愉快,2026-09-12 00:20:34
R202609002331,O202609005690,U10013,P10015,3,东西还行就是发货慢了点,2026-09-11 11:27:36,否,,0,17,感谢您的认可欢迎下次光临,2026-09-11 13:27:36
R202609002332,O202609005455,U10429,P10010,3,包装有点简陋东西没问题,2026-09-14 10:25:48,否,,0,24,感谢您的理解祝您生活愉快,2026-09-14 11:25:48
R202609002333,O202609004555,U10204,P10020,5,保温效果很好外观也漂亮物流很快,2026-09-06 19:08:22,是,追评：发现了一些问题希望改进,3,37,非常抱歉给您带来不好的体验我们会改进,2026-09-06 22:08:22
R202609002334,O202609006000,U10227,P10019,5,物流超快第二天就到了包装完好,2026-09-05 12:36:47,否,,2,5,,
R202609002335,O202609006165,U10098,P10018,3,一般般吧没有想象中好,2026-09-12 18:10:44,是,售后处理很快满意,0,28,,
R202609002336,O202609002961,U10048,P10011,1,用了两天就坏了质量太差,2026-09-11 23:13:40,否,,0,41,,
R202609002337,O202609003637,U10024,P10009,5,质量很好做工精细值得购买,2026-09-13 16:59:40,否,,2,0,感谢您的认可欢迎下次光临,2026-09-13 17:59:40
R202609002338,O202609001150,U10262,P10012,4,物流超快第二天就到了包装完好,2026-09-05 12:10:17,否,,2,41,感谢您的理解祝您生活愉快,2026-09-05 17:10:17
R202609002339,O202609003682,U10438,P10008,1,鞋子偏小一码穿了半天脚疼,2026-09-08 00:14:06,否,,0,13,,
R202609002340,O202609004334,U10072,P10013,4,绘本内容不错孩子很喜欢,2026-09-13 01:27:58,否,,0,49,已收到您的反馈我们会尽快处理,2026-09-13 03:27:58
R202609002341,O202609000813,U10224,P10017,1,收到货发现有瑕疵要求换货,2026-09-14 04:59:21,否,,2,36,感谢您的理解祝您生活愉快,2026-09-14 07:59:21
R202609002342,O202609004886,U10052,P10016,5,保温效果很好外观也漂亮物流很快,2026-09-08 07:45:24,否,,0,15,已收到您的反馈我们会尽快处理,2026-09-08 09:45:24
R202609002343,O202609007079,U10280,P10007,5,物流超快第二天就到了包装完好,2026-09-09 22:13:57,否,,1,25,非常抱歉给您带来不好的体验我们会改进,2026-09-10 03:13:57
R202609002344,O202609009132,U10048,P10019,5,颜色正没有色差穿着舒服,2026-09-06 20:35:27,否,,1,19,感谢您的认可欢迎下次光临,2026-09-07 01:35:27
R202609002345,O202609009233,U10372,P10008,5,质量很好做工精细值得购买,2026-09-12 06:52:48,是,售后处理很快满意,0,1,已收到您的反馈我们会尽快处理,2026-09-12 11:52:48
R202609002346,O202609002742,U10048,P10003,3,东西还行就是发货慢了点,2026-09-14 06:17:49,否,,3,11,已收到您的反馈我们会尽快处理,2026-09-14 07:17:49
R202609002347,O202609002509,U10259,P10013,5,手机性价比超高续航一天没问题推荐购买,2026-09-09 11:15:03,否,,3,18,非常抱歉给您带来不好的体验我们会改进,2026-09-09 13:15:03
R202609002348,O202609006994,U10424,P10019,4,物流超快第二天就到了包装完好,2026-09-08 11:06:26,否,,3,23,非常抱歉给您带来不好的体验我们会改进,2026-09-08 13:06:26
R202609002349,O202609006729,U10123,P10013,2,跟描述完全不符要求退货,2026-09-14 09:20:32,否,,1,1,已收到您的反馈我们会尽快处理,2026-09-14 12:20:32
R202609002350,O202609002050,U10447,P10017,2,客服态度恶劣不理人,2026-09-14 07:56:44,是,追评：发现了一些问题希望改进,0,28,,
R202609002351,O202609002943,U10359,P10005,1,鞋子偏小一码穿了半天脚疼,2026-09-13 10:58:29,是,追评：发现了一些问题希望改进,2,31,,
R202609002352,O202609008105,U10208,P10020,5,物流超快第二天就到了包装完好,2026-09-09 02:57:57,是,售后处理很快满意,0,40,感谢您的理解祝您生活愉快,2026-09-09 07:57:57
R202609002353,O202609008128,U10074,P10019,3,一般般吧没有想象中好,2026-09-08 02:38:20,否,,1,42,感谢您的理解祝您生活愉快,2026-09-08 04:38:20
R202609002354,O202609000917,U10016,P10013,5,价格实惠比实体店便宜很多,2026-09-07 10:48:24,否,,1,18,,
R202609002355,O202609004550,U10340,P10009,5,质量很好做工精细值得购买,2026-09-06 22:00:24,否,,2,27,已收到您的反馈我们会尽快处理,2026-09-06 23:00:24
R202609002356,O202609008957,U10428,P10010,5,客服态度好有问必答点赞,2026-09-09 19:22:24,否,,1,25,,
R202609002357,O202609005268,U10369,P10007,4,物流超快第二天就到了包装完好,2026-09-08 02:44:25,否,,2,8,感谢您的理解祝您生活愉快,2026-09-08 03:44:25
R202609002358,O202609000083,U10494,P10007,2,客服态度恶劣不理人,2026-09-08 15:10:49,是,用了一段时间来追评确实不错,0,31,非常抱歉给您带来不好的体验我们会改进,2026-09-08 17:10:49
R202609002359,O202609008032,U10084,P10017,1,收到货发现有瑕疵要求换货,2026-09-05 08:01:24,否,,0,29,感谢您的理解祝您生活愉快,2026-09-05 11:01:24
R202609002360,O202609003441,U10166,P10015,5,质量很好做工精细值得购买,2026-09-05 04:35:29,否,,3,27,,
R202609002361,O202609002087,U10090,P10001,1,收到货发现有瑕疵要求换货,2026-09-09 02:04:44,否,,1,33,,
R202609002362,O202609006509,U10433,P10005,5,客服态度好有问必答点赞,2026-09-10 23:17:26,否,,3,27,已收到您的反馈我们会尽快处理,2026-09-11 01:17:26
R202609002363,O202609008898,U10375,P10003,5,质量很好做工精细值得购买,2026-09-07 22:03:47,否,,1,25,,
R202609002364,O202609000471,U10306,P10007,2,物流慢得要死等了一周,2026-09-09 07:05:50,是,售后处理很快满意,1,44,非常抱歉给您带来不好的体验我们会改进,2026-09-09 12:05:50
R202609002365,O202609004122,U10161,P10015,4,物流超快第二天就到了包装完好,2026-09-12 13:06:20,否,,1,31,,
R202609002366,O202609001806,U10261,P10004,4,颜色正没有色差穿着舒服,2026-09-14 21:16:20,否,,3,4,感谢您的认可欢迎下次光临,2026-09-15 01:16:20
R202609002367,O202609009760,U10077,P10001,5,颜色正没有色差穿着舒服,2026-09-09 16:58:00,否,,2,24,感谢您的理解祝您生活愉快,2026-09-09 21:58:00
R202609002368,O202609000054,U10186,P10011,4,绘本内容不错孩子很喜欢,2026-09-12 03:55:37,是,追评：质量比预期好,1,30,感谢您的认可欢迎下次光临,2026-09-12 06:55:37
R202609002369,O202609002397,U10468,P10016,3,一般般吧没有想象中好,2026-09-12 21:13:41,是,追评：发现了一些问题希望改进,3,49,已收到您的反馈我们会尽快处理,2026-09-12 23:13:41
R202609002370,O202609002414,U10211,P10003,4,质量很好做工精细值得购买,2026-09-05 23:07:44,否,,0,34,非常抱歉给您带来不好的体验我们会改进,2026-09-06 04:07:44
R202609002371,O202609009139,U10005,P10020,5,绘本内容不错孩子很喜欢,2026-09-14 18:50:39,否,,3,27,非常抱歉给您带来不好的体验我们会改进,2026-09-14 20:50:39
R202609002372,O202609005913,U10006,P10014,3,包装有点简陋东西没问题,2026-09-13 01:59:32,否,,0,43,,
R202609002373,O202609000660,U10397,P10018,4,手机性价比超高续航一天没问题推荐购买,2026-09-12 09:46:39,否,,3,17,,
R202609002374,O202609005109,U10362,P10010,2,收到货发现有瑕疵要求换货,2026-09-12 11:32:32,否,,0,24,已收到您的反馈我们会尽快处理,2026-09-12 15:32:32
R202609002375,O202609006797,U10040,P10012,5,手机性价比超高续航一天没问题推荐购买,2026-09-14 13:12:31,是,用了一段时间来追评确实不错,1,1,非常抱歉给您带来不好的体验我们会改进,2026-09-14 18:12:31
R202609002376,O202609005493,U10177,P10007,5,绘本内容不错孩子很喜欢,2026-09-05 06:50:00,否,,0,8,感谢您的认可欢迎下次光临,2026-09-05 08:50:00
R202609002377,O202609002046,U10418,P10019,4,价格实惠比实体店便宜很多,2026-09-13 12:10:35,否,,0,5,已收到您的反馈我们会尽快处理,2026-09-13 15:10:35
R202609002378,O202609006659,U10344,P10015,4,颜色正没有色差穿着舒服,2026-09-13 19:43:51,是,追评：发现了一些问题希望改进,3,25,已收到您的反馈我们会尽快处理,2026-09-13 20:43:51
R202609002379,O202609000302,U10444,P10004,5,手机性价比超高续航一天没问题推荐购买,2026-09-11 18:03:13,否,,2,35,非常抱歉给您带来不好的体验我们会改进,2026-09-11 20:03:13
R202609002380,O202609006675,U10244,P10020,1,鞋子偏小一码穿了半天脚疼,2026-09-10 16:59:29,否,,1,47,非常抱歉给您带来不好的体验我们会改进,2026-09-10 18:59:29
R202609002381,O202609005733,U10289,P10002,5,质量很好做工精细值得购买,2026-09-05 17:08:13,否,,0,49,感谢您的认可欢迎下次光临,2026-09-05 18:08:13
R202609002382,O202609008466,U10277,P10002,4,质量很好做工精细值得购买,2026-09-07 23:22:12,否,,2,23,已收到您的反馈我们会尽快处理,2026-09-08 00:22:12
R202609002383,O202609008328,U10207,P10017,4,保温效果很好外观也漂亮物流很快,2026-09-10 10:42:12,否,,1,14,感谢您的认可欢迎下次光临,2026-09-10 13:42:12
R202609002384,O202609008811,U10029,P10014,1,物流慢得要死等了一周,2026-09-10 12:29:02,是,用了一段时间来追评确实不错,1,50,,
R202609002385,O202609006320,U10187,P10018,4,价格实惠比实体店便宜很多,2026-09-08 17:51:37,否,,3,18,已收到您的反馈我们会尽快处理,2026-09-08 22:51:37
R202609002386,O202609006955,U10114,P10006,3,东西还行就是发货慢了点,2026-09-10 15:53:03,是,追评：发现了一些问题希望改进,0,0,,
R202609002387,O202609006425,U10174,P10003,1,物流慢得要死等了一周,2026-09-14 00:37:26,否,,0,15,非常抱歉给您带来不好的体验我们会改进,2026-09-14 05:37:26
R202609002388,O202609009836,U10293,P10004,3,质量凑合对得起这个价格,2026-09-06 15:13:12,否,,0,10,已收到您的反馈我们会尽快处理,2026-09-06 20:13:12
R202609002389,O202609001665,U10102,P10010,4,颜色正没有色差穿着舒服,2026-09-08 09:45:32,否,,2,19,已收到您的反馈我们会尽快处理,2026-09-08 10:45:32
R202609002390,O202609004400,U10091,P10003,5,颜色正没有色差穿着舒服,2026-09-05 22:28:34,是,追评：发现了一些问题希望改进,1,1,,
R202609002391,O202609003582,U10282,P10019,4,保温效果很好外观也漂亮物流很快,2026-09-13 10:59:25,否,,1,7,非常抱歉给您带来不好的体验我们会改进,2026-09-13 14:59:25
R202609002392,O202609001706,U10124,P10017,5,质量很好做工精细值得购买,2026-09-05 09:02:41,否,,3,16,非常抱歉给您带来不好的体验我们会改进,2026-09-05 12:02:41
R202609002393,O202609002616,U10072,P10011,4,手机性价比超高续航一天没问题推荐购买,2026-09-10 11:47:26,是,用了一段时间来追评确实不错,2,8,非常抱歉给您带来不好的体验我们会改进,2026-09-10 13:47:26
R202609002394,O202609001319,U10004,P10001,1,用了两天就坏了质量太差,2026-09-06 07:23:05,否,,2,9,已收到您的反馈我们会尽快处理,2026-09-06 09:23:05
R202609002395,O202609006440,U10448,P10015,5,质量很好做工精细值得购买,2026-09-08 23:37:54,否,,3,21,感谢您的认可欢迎下次光临,2026-09-09 01:37:54
R202609002396,O202609003293,U10232,P10020,4,客服态度好有问必答点赞,2026-09-06 04:11:31,否,,3,11,已收到您的反馈我们会尽快处理,2026-09-06 08:11:31
R202609002397,O202609003849,U10491,P10017,5,价格实惠比实体店便宜很多,2026-09-13 04:09:49,否,,0,38,,
R202609002398,O202609002471,U10171,P10018,5,价格实惠比实体店便宜很多,2026-09-05 10:34:39,否,,1,22,非常抱歉给您带来不好的体验我们会改进,2026-09-05 14:34:39
R202609002399,O202609002698,U10277,P10015,4,保温效果很好外观也漂亮物流很快,2026-09-09 10:31:12,是,追评：发现了一些问题希望改进,0,49,感谢您的理解祝您生活愉快,2026-09-09 12:31:12
R202609002400,O202609001242,U10431,P10008,1,客服态度恶劣不理人,2026-09-10 04:37:02,否,,3,15,非常抱歉给您带来不好的体验我们会改进,2026-09-10 06:37:02
R202609002401,O202609007811,U10297,P10010,2,鞋子偏小一码穿了半天脚疼,2026-09-07 03:26:33,否,,1,27,感谢您的认可欢迎下次光临,2026-09-07 08:26:33
R202609002402,O202609003781,U10402,P10005,5,颜色正没有色差穿着舒服,2026-09-07 16:23:11,是,追评：发现了一些问题希望改进,3,23,感谢您的理解祝您生活愉快,2026-09-07 20:23:11
R202609002403,O202609007774,U10014,P10018,4,物流超快第二天就到了包装完好,2026-09-11 12:56:58,否,,0,6,感谢您的理解祝您生活愉快,2026-09-11 13:56:58
R202609002404,O202609001221,U10167,P10012,4,颜色正没有色差穿着舒服,2026-09-07 11:01:38,否,,0,35,感谢您的理解祝您生活愉快,2026-09-07 16:01:38
R202609002405,O202609006636,U10246,P10018,4,手机性价比超高续航一天没问题推荐购买,2026-09-08 04:15:55,否,,1,11,,
R202609002406,O202609005214,U10037,P10013,4,物流超快第二天就到了包装完好,2026-09-05 13:28:12,否,,2,41,非常抱歉给您带来不好的体验我们会改进,2026-09-05 18:28:12
R202609002407,O202609003940,U10205,P10013,1,跟描述完全不符要求退货,2026-09-05 22:58:57,是,用了一段时间来追评确实不错,3,21,非常抱歉给您带来不好的体验我们会改进,2026-09-06 01:58:57
R202609002408,O202609000803,U10088,P10019,5,客服态度好有问必答点赞,2026-09-07 12:31:41,否,,3,31,非常抱歉给您带来不好的体验我们会改进,2026-09-07 15:31:41
R202609002409,O202609002422,U10107,P10019,5,客服态度好有问必答点赞,2026-09-14 04:12:18,否,,3,26,感谢您的理解祝您生活愉快,2026-09-14 08:12:18
R202609002410,O202609008742,U10202,P10004,3,包装有点简陋东西没问题,2026-09-14 22:02:02,否,,2,22,,
R202609002411,O202609003778,U10109,P10014,5,手机性价比超高续航一天没问题推荐购买,2026-09-08 03:24:57,否,,3,8,,
R202609002412,O202609000838,U10274,P10011,4,颜色正没有色差穿着舒服,2026-09-09 00:24:04,否,,3,32,已收到您的反馈我们会尽快处理,2026-09-09 01:24:04
R202609002413,O202609002090,U10172,P10017,2,跟描述完全不符要求退货,2026-09-14 20:12:15,是,追评：质量比预期好,2,0,感谢您的认可欢迎下次光临,2026-09-15 01:12:15
R202609002414,O202609005420,U10279,P10005,5,手机性价比超高续航一天没问题推荐购买,2026-09-14 15:26:21,否,,2,22,非常抱歉给您带来不好的体验我们会改进,2026-09-14 16:26:21
R202609002415,O202609005767,U10185,P10003,1,用了两天就坏了质量太差,2026-09-07 13:32:43,是,售后处理很快满意,3,0,已收到您的反馈我们会尽快处理,2026-09-07 16:32:43
R202609002416,O202609001647,U10297,P10001,5,物流超快第二天就到了包装完好,2026-09-11 15:04:11,否,,0,40,感谢您的认可欢迎下次光临,2026-09-11 19:04:11
R202609002417,O202609004397,U10024,P10009,4,客服态度好有问必答点赞,2026-09-08 09:37:29,否,,0,11,,
R202609002418,O202609005613,U10051,P10016,4,保温效果很好外观也漂亮物流很快,2026-09-08 21:01:32,否,,3,3,,
R202609002419,O202609008644,U10148,P10013,2,客服态度恶劣不理人,2026-09-09 15:08:29,是,售后处理很快满意,0,10,,
R202609002420,O202609007850,U10358,P10003,5,绘本内容不错孩子很喜欢,2026-09-12 02:32:41,否,,1,17,感谢您的认可欢迎下次光临,2026-09-12 03:32:41
R202609002421,O202609002932,U10054,P10004,4,颜色正没有色差穿着舒服,2026-09-07 08:22:53,是,用了一段时间来追评确实不错,0,34,,
R202609002422,O202609004916,U10017,P10009,4,绘本内容不错孩子很喜欢,2026-09-05 03:04:14,否,,3,19,,
R202609002423,O202609008285,U10403,P10010,4,绘本内容不错孩子很喜欢,2026-09-12 04:59:00,否,,2,28,感谢您的理解祝您生活愉快,2026-09-12 08:59:00
R202609002424,O202609007957,U10105,P10015,2,客服态度恶劣不理人,2026-09-10 19:54:13,否,,1,28,感谢您的理解祝您生活愉快,2026-09-10 21:54:13
R202609002425,O202609007646,U10108,P10002,3,一般般吧没有想象中好,2026-09-08 22:46:40,否,,1,30,非常抱歉给您带来不好的体验我们会改进,2026-09-09 02:46:40
R202609002426,O202609003770,U10075,P10011,3,包装有点简陋东西没问题,2026-09-10 21:30:00,否,,3,31,感谢您的理解祝您生活愉快,2026-09-10 23:30:00
R202609002427,O202609008114,U10037,P10006,5,绘本内容不错孩子很喜欢,2026-09-09 14:10:46,否,,0,16,已收到您的反馈我们会尽快处理,2026-09-09 17:10:46
R202609002428,O202609002701,U10315,P10013,1,鞋子偏小一码穿了半天脚疼,2026-09-12 17:58:45,否,,0,44,已收到您的反馈我们会尽快处理,2026-09-12 18:58:45
R202609002429,O202609005311,U10495,P10015,3,东西还行就是发货慢了点,2026-09-14 17:31:53,否,,1,41,已收到您的反馈我们会尽快处理,2026-09-14 21:31:53
R202609002430,O202609002026,U10269,P10015,2,鞋子偏小一码穿了半天脚疼,2026-09-09 05:22:22,是,追评：发现了一些问题希望改进,3,42,已收到您的反馈我们会尽快处理,2026-09-09 10:22:22
R202609002431,O202609002775,U10183,P10015,3,质量凑合对得起这个价格,2026-09-10 18:28:48,否,,0,40,非常抱歉给您带来不好的体验我们会改进,2026-09-10 20:28:48
R202609002432,O202609004906,U10388,P10006,5,绘本内容不错孩子很喜欢,2026-09-06 06:51:09,否,,1,11,感谢您的认可欢迎下次光临,2026-09-06 08:51:09
R202609002433,O202609005753,U10264,P10017,4,保温效果很好外观也漂亮物流很快,2026-09-14 11:13:33,否,,2,35,,
R202609002434,O202609003634,U10399,P10013,5,客服态度好有问必答点赞,2026-09-14 12:25:15,否,,3,37,,
R202609002435,O202609006625,U10025,P10006,5,颜色正没有色差穿着舒服,2026-09-08 14:38:41,否,,0,48,感谢您的认可欢迎下次光临,2026-09-08 16:38:41
R202609002436,O202609009453,U10334,P10008,5,颜色正没有色差穿着舒服,2026-09-06 14:33:34,否,,0,16,非常抱歉给您带来不好的体验我们会改进,2026-09-06 19:33:34
R202609002437,O202609009726,U10215,P10014,5,手机性价比超高续航一天没问题推荐购买,2026-09-05 16:27:58,否,,3,6,,
R202609002438,O202609002526,U10311,P10003,3,包装有点简陋东西没问题,2026-09-08 12:23:23,否,,1,8,,
R202609002439,O202609003655,U10152,P10020,5,保温效果很好外观也漂亮物流很快,2026-09-07 13:13:42,是,追评：发现了一些问题希望改进,1,19,已收到您的反馈我们会尽快处理,2026-09-07 18:13:42
R202609002440,O202609001145,U10387,P10009,4,质量很好做工精细值得购买,2026-09-05 04:42:32,是,用了一段时间来追评确实不错,2,29,非常抱歉给您带来不好的体验我们会改进,2026-09-05 07:42:32
R202609002441,O202609003744,U10474,P10007,2,鞋子偏小一码穿了半天脚疼,2026-09-14 03:11:52,否,,3,0,感谢您的理解祝您生活愉快,2026-09-14 05:11:52
R202609002442,O202609007337,U10458,P10015,5,价格实惠比实体店便宜很多,2026-09-10 19:22:09,否,,2,49,已收到您的反馈我们会尽快处理,2026-09-10 23:22:09
R202609002443,O202609000413,U10150,P10006,5,物流超快第二天就到了包装完好,2026-09-11 05:42:47,否,,3,30,已收到您的反馈我们会尽快处理,2026-09-11 09:42:47
R202609002444,O202609009466,U10130,P10002,4,质量很好做工精细值得购买,2026-09-07 23:55:58,否,,1,49,,
R202609002445,O202609007987,U10494,P10011,4,客服态度好有问必答点赞,2026-09-07 16:35:10,否,,3,44,,
R202609002446,O202609007332,U10316,P10020,5,质量很好做工精细值得购买,2026-09-07 17:34:09,否,,0,24,非常抱歉给您带来不好的体验我们会改进,2026-09-07 21:34:09
R202609002447,O202609002446,U10395,P10006,5,客服态度好有问必答点赞,2026-09-13 09:47:28,否,,1,0,非常抱歉给您带来不好的体验我们会改进,2026-09-13 12:47:28
R202609002448,O202609006825,U10154,P10006,5,颜色正没有色差穿着舒服,2026-09-12 11:56:29,否,,2,2,非常抱歉给您带来不好的体验我们会改进,2026-09-12 13:56:29
R202609002449,O202609008084,U10357,P10006,5,手机性价比超高续航一天没问题推荐购买,2026-09-07 13:26:07,是,售后处理很快满意,2,45,感谢您的认可欢迎下次光临,2026-09-07 18:26:07
R202609002450,O202609005016,U10308,P10019,4,客服态度好有问必答点赞,2026-09-12 11:43:06,否,,2,24,,
R202609002451,O202609000379,U10164,P10019,5,物流超快第二天就到了包装完好,2026-09-08 16:32:30,是,售后处理很快满意,3,4,非常抱歉给您带来不好的体验我们会改进,2026-09-08 20:32:30
R202609002452,O202609004661,U10381,P10010,1,客服态度恶劣不理人,2026-09-08 00:30:35,否,,2,25,,
R202609002453,O202609003107,U10054,P10009,3,质量凑合对得起这个价格,2026-09-13 16:19:03,否,,2,12,,
R202609002454,O202609007121,U10402,P10008,4,质量很好做工精细值得购买,2026-09-06 04:31:26,是,用了一段时间来追评确实不错,3,42,感谢您的认可欢迎下次光临,2026-09-06 05:31:26
R202609002455,O202609007500,U10477,P10004,4,物流超快第二天就到了包装完好,2026-09-06 21:57:55,是,用了一段时间来追评确实不错,1,47,感谢您的认可欢迎下次光临,2026-09-07 01:57:55
R202609002456,O202609007204,U10183,P10007,2,客服态度恶劣不理人,2026-09-10 08:38:24,是,追评：质量比预期好,3,0,非常抱歉给您带来不好的体验我们会改进,2026-09-10 10:38:24
R202609002457,O202609004305,U10266,P10014,2,物流慢得要死等了一周,2026-09-07 11:30:07,是,追评：质量比预期好,3,40,,
R202609002458,O202609008607,U10234,P10009,3,东西还行就是发货慢了点,2026-09-06 02:32:29,否,,3,20,已收到您的反馈我们会尽快处理,2026-09-06 06:32:29
R202609002459,O202609009625,U10231,P10002,3,包装有点简陋东西没问题,2026-09-06 09:06:02,否,,1,1,感谢您的理解祝您生活愉快,2026-09-06 13:06:02
R202609002460,O202609006351,U10097,P10018,4,价格实惠比实体店便宜很多,2026-09-11 01:51:32,否,,2,43,,
R202609002461,O202609002691,U10198,P10014,3,包装有点简陋东西没问题,2026-09-09 23:19:45,否,,2,43,感谢您的理解祝您生活愉快,2026-09-10 02:19:45
R202609002462,O202609008132,U10399,P10012,4,客服态度好有问必答点赞,2026-09-14 18:46:57,否,,2,40,已收到您的反馈我们会尽快处理,2026-09-14 20:46:57
R202609002463,O202609007233,U10366,P10012,5,质量很好做工精细值得购买,2026-09-14 02:24:50,是,售后处理很快满意,2,45,感谢您的理解祝您生活愉快,2026-09-14 04:24:50
R202609002464,O202609004936,U10083,P10011,1,物流慢得要死等了一周,2026-09-07 21:46:29,否,,3,25,,
R202609002465,O202609009809,U10278,P10009,4,手机性价比超高续航一天没问题推荐购买,2026-09-12 06:42:12,是,追评：发现了一些问题希望改进,2,22,感谢您的理解祝您生活愉快,2026-09-12 07:42:12
R202609002466,O202609004966,U10113,P10012,3,质量凑合对得起这个价格,2026-09-12 16:27:45,否,,1,38,感谢您的认可欢迎下次光临,2026-09-12 21:27:45
R202609002467,O202609009206,U10171,P10017,4,质量很好做工精细值得购买,2026-09-10 18:39:29,否,,1,7,感谢您的理解祝您生活愉快,2026-09-10 23:39:29
R202609002468,O202609005922,U10402,P10002,5,客服态度好有问必答点赞,2026-09-08 11:20:31,否,,2,12,感谢您的认可欢迎下次光临,2026-09-08 12:20:31
R202609002469,O202609005220,U10182,P10019,2,鞋子偏小一码穿了半天脚疼,2026-09-06 21:25:10,否,,0,21,已收到您的反馈我们会尽快处理,2026-09-07 00:25:10
R202609002470,O202609009764,U10094,P10020,2,收到货发现有瑕疵要求换货,2026-09-14 02:22:27,否,,1,13,感谢您的理解祝您生活愉快,2026-09-14 04:22:27
R202609002471,O202609008821,U10412,P10019,4,物流超快第二天就到了包装完好,2026-09-08 00:41:26,否,,0,22,已收到您的反馈我们会尽快处理,2026-09-08 01:41:26
R202609002472,O202609009630,U10240,P10007,5,颜色正没有色差穿着舒服,2026-09-11 15:38:21,否,,3,43,非常抱歉给您带来不好的体验我们会改进,2026-09-11 20:38:21
R202609002473,O202609004789,U10215,P10009,4,客服态度好有问必答点赞,2026-09-12 14:48:43,否,,0,6,,
R202609002474,O202609002496,U10337,P10015,5,客服态度好有问必答点赞,2026-09-14 13:20:17,否,,1,30,,
R202609002475,O202609005312,U10085,P10010,1,物流慢得要死等了一周,2026-09-05 03:38:50,是,用了一段时间来追评确实不错,2,0,感谢您的认可欢迎下次光临,2026-09-05 06:38:50
R202609002476,O202609008800,U10320,P10014,4,价格实惠比实体店便宜很多,2026-09-11 08:29:31,是,追评：质量比预期好,2,37,感谢您的认可欢迎下次光临,2026-09-11 12:29:31
R202609002477,O202609007775,U10449,P10015,5,物流超快第二天就到了包装完好,2026-09-11 14:47:18,否,,3,37,已收到您的反馈我们会尽快处理,2026-09-11 19:47:18
R202609002478,O202609007607,U10412,P10006,4,颜色正没有色差穿着舒服,2026-09-06 17:50:09,否,,1,36,感谢您的理解祝您生活愉快,2026-09-06 21:50:09
R202609002479,O202609000575,U10347,P10014,3,质量凑合对得起这个价格,2026-09-06 23:40:06,否,,3,46,感谢您的理解祝您生活愉快,2026-09-07 01:40:06
R202609002480,O202609009362,U10397,P10005,3,东西还行就是发货慢了点,2026-09-06 08:25:33,否,,2,17,非常抱歉给您带来不好的体验我们会改进,2026-09-06 11:25:33
R202609002481,O202609007001,U10446,P10010,4,保温效果很好外观也漂亮物流很快,2026-09-10 00:25:09,否,,0,42,非常抱歉给您带来不好的体验我们会改进,2026-09-10 01:25:09
R202609002482,O202609000736,U10423,P10003,3,质量凑合对得起这个价格,2026-09-11 08:25:16,否,,0,44,感谢您的理解祝您生活愉快,2026-09-11 09:25:16
R202609002483,O202609005025,U10056,P10002,4,价格实惠比实体店便宜很多,2026-09-13 10:39:16,否,,1,2,非常抱歉给您带来不好的体验我们会改进,2026-09-13 12:39:16
R202609002484,O202609000238,U10026,P10014,5,质量很好做工精细值得购买,2026-09-07 08:27:16,否,,3,27,,
R202609002485,O202609006621,U10352,P10007,5,手机性价比超高续航一天没问题推荐购买,2026-09-11 20:59:15,否,,3,42,已收到您的反馈我们会尽快处理,2026-09-11 22:59:15
R202609002486,O202609003292,U10034,P10009,4,手机性价比超高续航一天没问题推荐购买,2026-09-07 22:50:32,否,,2,37,感谢您的认可欢迎下次光临,2026-09-08 00:50:32
R202609002487,O202609009240,U10229,P10006,1,客服态度恶劣不理人,2026-09-14 03:26:15,否,,3,33,,
R202609002488,O202609003774,U10181,P10018,4,手机性价比超高续航一天没问题推荐购买,2026-09-10 04:03:36,是,追评：质量比预期好,2,0,,
R202609002489,O202609008469,U10473,P10010,5,价格实惠比实体店便宜很多,2026-09-12 17:31:37,否,,3,50,,
R202609002490,O202609003099,U10012,P10009,3,东西还行就是发货慢了点,2026-09-06 20:15:19,否,,0,24,已收到您的反馈我们会尽快处理,2026-09-07 01:15:19
R202609002491,O202609006659,U10118,P10005,5,客服态度好有问必答点赞,2026-09-12 05:30:52,否,,0,41,感谢您的理解祝您生活愉快,2026-09-12 09:30:52
R202609002492,O202609002798,U10339,P10002,3,质量凑合对得起这个价格,2026-09-06 04:31:42,是,追评：质量比预期好,0,8,感谢您的理解祝您生活愉快,2026-09-06 05:31:42
R202609002493,O202609000385,U10054,P10004,4,手机性价比超高续航一天没问题推荐购买,2026-09-11 02:57:53,否,,2,13,感谢您的理解祝您生活愉快,2026-09-11 05:57:53
R202609002494,O202609008609,U10380,P10010,2,跟描述完全不符要求退货,2026-09-08 02:16:21,否,,3,33,感谢您的理解祝您生活愉快,2026-09-08 06:16:21
R202609002495,O202609002956,U10142,P10006,4,价格实惠比实体店便宜很多,2026-09-12 15:13:43,否,,0,39,感谢您的理解祝您生活愉快,2026-09-12 18:13:43
R202609002496,O202609000631,U10465,P10003,5,保温效果很好外观也漂亮物流很快,2026-09-05 02:49:03,否,,1,26,,
R202609002497,O202609001105,U10288,P10004,5,质量很好做工精细值得购买,2026-09-13 11:25:04,否,,3,38,感谢您的认可欢迎下次光临,2026-09-13 14:25:04
R202609002498,O202609009695,U10281,P10020,2,鞋子偏小一码穿了半天脚疼,2026-09-05 06:40:36,是,追评：质量比预期好,2,27,感谢您的理解祝您生活愉快,2026-09-05 11:40:36
R202609002499,O202609009750,U10178,P10020,5,颜色正没有色差穿着舒服,2026-09-11 01:03:24,否,,0,38,非常抱歉给您带来不好的体验我们会改进,2026-09-11 02:03:24
R202609002500,O202609008318,U10226,P10015,5,保温效果很好外观也漂亮物流很快,2026-09-11 20:58:55,否,,3,14,感谢您的认可欢迎下次光临,2026-09-11 21:58:55
R202609002501,O202609007604,U10322,P10002,2,收到货发现有瑕疵要求换货,2026-09-08 10:58:03,否,,1,23,感谢您的理解祝您生活愉快,2026-09-08 15:58:03
R202609002502,O202609004588,U10490,P10019,4,价格实惠比实体店便宜很多,2026-09-07 15:12:17,是,追评：发现了一些问题希望改进,1,41,非常抱歉给您带来不好的体验我们会改进,2026-09-07 19:12:17
R202609002503,O202609006380,U10442,P10019,5,手机性价比超高续航一天没问题推荐购买,2026-09-14 07:11:00,是,追评：发现了一些问题希望改进,2,38,,
R202609002504,O202609004520,U10029,P10014,5,绘本内容不错孩子很喜欢,2026-09-14 15:55:30,是,追评：发现了一些问题希望改进,0,49,感谢您的理解祝您生活愉快,2026-09-14 18:55:30
R202609002505,O202609001861,U10226,P10002,3,质量凑合对得起这个价格,2026-09-08 20:53:56,否,,3,19,已收到您的反馈我们会尽快处理,2026-09-08 22:53:56
R202609002506,O202609003438,U10105,P10001,4,保温效果很好外观也漂亮物流很快,2026-09-12 02:13:13,否,,1,9,,
R202609002507,O202609009971,U10436,P10003,4,颜色正没有色差穿着舒服,2026-09-10 16:08:12,否,,0,3,已收到您的反馈我们会尽快处理,2026-09-10 19:08:12
R202609002508,O202609001381,U10122,P10011,1,用了两天就坏了质量太差,2026-09-14 02:11:02,否,,3,47,,
R202609002509,O202609004944,U10129,P10017,4,物流超快第二天就到了包装完好,2026-09-09 18:22:48,否,,1,11,非常抱歉给您带来不好的体验我们会改进,2026-09-09 20:22:48
R202609002510,O202609005576,U10053,P10013,4,绘本内容不错孩子很喜欢,2026-09-13 22:51:20,否,,0,20,,
R202609002511,O202609007122,U10298,P10018,4,价格实惠比实体店便宜很多,2026-09-08 22:14:37,是,追评：质量比预期好,3,41,非常抱歉给您带来不好的体验我们会改进,2026-09-09 03:14:37
R202609002512,O202609004842,U10261,P10013,4,颜色正没有色差穿着舒服,2026-09-07 02:00:54,否,,0,42,已收到您的反馈我们会尽快处理,2026-09-07 06:00:54
R202609002513,O202609006607,U10126,P10001,2,收到货发现有瑕疵要求换货,2026-09-12 12:36:06,否,,2,8,,
R202609002514,O202609003908,U10408,P10010,5,客服态度好有问必答点赞,2026-09-05 00:21:46,否,,3,38,,
R202609002515,O202609004754,U10167,P10012,3,质量凑合对得起这个价格,2026-09-13 14:28:54,否,,2,28,已收到您的反馈我们会尽快处理,2026-09-13 16:28:54
R202609002516,O202609001019,U10444,P10008,4,绘本内容不错孩子很喜欢,2026-09-11 12:16:16,否,,0,20,非常抱歉给您带来不好的体验我们会改进,2026-09-11 15:16:16
R202609002517,O202609000555,U10264,P10011,4,质量很好做工精细值得购买,2026-09-12 05:55:15,否,,1,38,感谢您的理解祝您生活愉快,2026-09-12 06:55:15
R202609002518,O202609004133,U10384,P10017,1,跟描述完全不符要求退货,2026-09-05 09:59:49,否,,2,27,感谢您的认可欢迎下次光临,2026-09-05 11:59:49
R202609002519,O202609001860,U10080,P10009,1,跟描述完全不符要求退货,2026-09-13 03:27:34,是,用了一段时间来追评确实不错,1,24,感谢您的认可欢迎下次光临,2026-09-13 04:27:34
R202609002520,O202609007523,U10298,P10002,4,保温效果很好外观也漂亮物流很快,2026-09-07 08:52:20,是,追评：质量比预期好,1,6,,
R202609002521,O202609004887,U10236,P10010,5,保温效果很好外观也漂亮物流很快,2026-09-12 19:36:08,否,,1,26,感谢您的理解祝您生活愉快,2026-09-12 20:36:08
R202609002522,O202609008552,U10417,P10013,3,质量凑合对得起这个价格,2026-09-12 14:30:58,否,,3,13,,
R202609002523,O202609000235,U10359,P10020,1,客服态度恶劣不理人,2026-09-13 16:56:25,是,追评：质量比预期好,2,3,非常抱歉给您带来不好的体验我们会改进,2026-09-13 18:56:25
R202609002524,O202609003544,U10169,P10015,5,绘本内容不错孩子很喜欢,2026-09-07 18:46:05,否,,3,20,感谢您的认可欢迎下次光临,2026-09-07 22:46:05
R202609002525,O202609003778,U10104,P10001,4,质量很好做工精细值得购买,2026-09-08 09:02:51,否,,0,23,非常抱歉给您带来不好的体验我们会改进,2026-09-08 12:02:51
R202609002526,O202609009809,U10483,P10011,5,保温效果很好外观也漂亮物流很快,2026-09-07 01:34:29,是,用了一段时间来追评确实不错,0,6,感谢您的认可欢迎下次光临,2026-09-07 02:34:29
R202609002527,O202609000137,U10261,P10020,3,东西还行就是发货慢了点,2026-09-09 00:56:01,否,,1,19,感谢您的理解祝您生活愉快,2026-09-09 01:56:01
R202609002528,O202609007227,U10228,P10014,5,质量很好做工精细值得购买,2026-09-10 09:49:52,否,,0,22,,
R202609002529,O202609008655,U10410,P10014,3,包装有点简陋东西没问题,2026-09-09 13:04:16,否,,2,21,感谢您的认可欢迎下次光临,2026-09-09 17:04:16
R202609002530,O202609006262,U10181,P10016,5,物流超快第二天就到了包装完好,2026-09-06 06:42:49,否,,3,32,感谢您的认可欢迎下次光临,2026-09-06 07:42:49
R202609002531,O202609000550,U10292,P10006,5,质量很好做工精细值得购买,2026-09-05 04:34:20,否,,1,22,已收到您的反馈我们会尽快处理,2026-09-05 09:34:20
R202609002532,O202609008090,U10444,P10004,2,用了两天就坏了质量太差,2026-09-11 05:33:44,否,,1,50,感谢您的理解祝您生活愉快,2026-09-11 09:33:44
R202609002533,O202609007332,U10210,P10007,3,包装有点简陋东西没问题,2026-09-09 21:00:42,否,,1,32,感谢您的理解祝您生活愉快,2026-09-10 02:00:42
R202609002534,O202609009090,U10205,P10008,5,客服态度好有问必答点赞,2026-09-06 22:41:09,否,,3,7,感谢您的认可欢迎下次光临,2026-09-07 01:41:09
R202609002535,O202609004513,U10264,P10001,2,收到货发现有瑕疵要求换货,2026-09-11 15:17:02,否,,0,35,,
R202609002536,O202609009965,U10380,P10012,4,保温效果很好外观也漂亮物流很快,2026-09-05 04:44:23,否,,3,33,感谢您的理解祝您生活愉快,2026-09-05 07:44:23
R202609002537,O202609005848,U10285,P10009,5,颜色正没有色差穿着舒服,2026-09-06 17:20:08,否,,1,7,感谢您的理解祝您生活愉快,2026-09-06 22:20:08
R202609002538,O202609006843,U10145,P10005,4,保温效果很好外观也漂亮物流很快,2026-09-09 04:01:21,否,,1,11,感谢您的认可欢迎下次光临,2026-09-09 06:01:21
R202609002539,O202609006913,U10324,P10010,5,客服态度好有问必答点赞,2026-09-05 07:36:43,否,,1,45,感谢您的理解祝您生活愉快,2026-09-05 09:36:43
R202609002540,O202609001066,U10178,P10018,3,一般般吧没有想象中好,2026-09-06 10:39:06,否,,3,1,非常抱歉给您带来不好的体验我们会改进,2026-09-06 12:39:06
R202609002541,O202609005264,U10340,P10020,5,绘本内容不错孩子很喜欢,2026-09-14 21:54:31,否,,3,16,感谢您的认可欢迎下次光临,2026-09-14 23:54:31
R202609002542,O202609009826,U10179,P10017,4,质量很好做工精细值得购买,2026-09-11 22:47:31,是,追评：发现了一些问题希望改进,0,3,,
R202609002543,O202609003219,U10087,P10008,4,价格实惠比实体店便宜很多,2026-09-14 20:07:07,否,,3,17,,
R202609002544,O202609008072,U10497,P10018,5,绘本内容不错孩子很喜欢,2026-09-11 05:54:52,是,用了一段时间来追评确实不错,1,7,,
R202609002545,O202609005376,U10267,P10020,5,绘本内容不错孩子很喜欢,2026-09-08 11:40:49,否,,1,26,感谢您的理解祝您生活愉快,2026-09-08 15:40:49
R202609002546,O202609006760,U10396,P10016,2,收到货发现有瑕疵要求换货,2026-09-05 11:52:33,否,,0,2,,
R202609002547,O202609000113,U10450,P10012,4,客服态度好有问必答点赞,2026-09-14 00:03:32,是,追评：质量比预期好,1,19,非常抱歉给您带来不好的体验我们会改进,2026-09-14 03:03:32
R202609002548,O202609006745,U10023,P10008,5,质量很好做工精细值得购买,2026-09-10 08:24:21,否,,1,32,感谢您的认可欢迎下次光临,2026-09-10 11:24:21
R202609002549,O202609007799,U10270,P10005,5,价格实惠比实体店便宜很多,2026-09-14 23:11:00,否,,1,19,,
R202609002550,O202609005820,U10406,P10007,3,一般般吧没有想象中好,2026-09-09 11:35:47,否,,1,11,已收到您的反馈我们会尽快处理,2026-09-09 13:35:47
R202609002551,O202609001707,U10447,P10012,5,价格实惠比实体店便宜很多,2026-09-12 04:18:20,否,,1,21,,
R202609002552,O202609004071,U10485,P10017,4,绘本内容不错孩子很喜欢,2026-09-07 06:38:03,否,,3,0,感谢您的认可欢迎下次光临,2026-09-07 11:38:03
R202609002553,O202609001830,U10130,P10009,5,价格实惠比实体店便宜很多,2026-09-09 08:28:22,否,,0,39,,
R202609002554,O202609008784,U10181,P10008,5,质量很好做工精细值得购买,2026-09-12 14:36:32,是,追评：质量比预期好,1,27,感谢您的理解祝您生活愉快,2026-09-12 17:36:32
R202609002555,O202609003954,U10019,P10005,5,质量很好做工精细值得购买,2026-09-05 13:17:38,否,,0,12,感谢您的认可欢迎下次光临,2026-09-05 17:17:38
R202609002556,O202609001128,U10451,P10003,4,保温效果很好外观也漂亮物流很快,2026-09-13 04:53:00,否,,1,47,,
R202609002557,O202609004565,U10468,P10012,3,东西还行就是发货慢了点,2026-09-05 05:45:17,否,,0,34,感谢您的理解祝您生活愉快,2026-09-05 09:45:17
R202609002558,O202609001078,U10026,P10006,5,保温效果很好外观也漂亮物流很快,2026-09-11 09:37:14,否,,2,21,感谢您的理解祝您生活愉快,2026-09-11 12:37:14
R202609002559,O202609005381,U10263,P10014,5,手机性价比超高续航一天没问题推荐购买,2026-09-13 21:01:00,是,追评：质量比预期好,1,18,感谢您的理解祝您生活愉快,2026-09-14 02:01:00
R202609002560,O202609000192,U10320,P10012,3,一般般吧没有想象中好,2026-09-12 10:27:11,是,用了一段时间来追评确实不错,3,25,非常抱歉给您带来不好的体验我们会改进,2026-09-12 14:27:11
R202609002561,O202609002898,U10203,P10010,1,鞋子偏小一码穿了半天脚疼,2026-09-14 13:49:06,是,售后处理很快满意,3,9,感谢您的理解祝您生活愉快,2026-09-14 17:49:06
R202609002562,O202609005324,U10482,P10019,4,物流超快第二天就到了包装完好,2026-09-13 03:44:46,否,,3,49,非常抱歉给您带来不好的体验我们会改进,2026-09-13 06:44:46
R202609002563,O202609005528,U10156,P10013,1,用了两天就坏了质量太差,2026-09-12 07:45:27,否,,3,23,,
R202609002564,O202609002047,U10002,P10012,4,价格实惠比实体店便宜很多,2026-09-09 04:18:40,否,,1,11,,
R202609002565,O202609000194,U10205,P10006,1,收到货发现有瑕疵要求换货,2026-09-05 14:34:30,否,,1,2,感谢您的理解祝您生活愉快,2026-09-05 15:34:30
R202609002566,O202609005270,U10261,P10011,4,手机性价比超高续航一天没问题推荐购买,2026-09-12 07:00:40,否,,3,22,感谢您的理解祝您生活愉快,2026-09-12 11:00:40
R202609002567,O202609003673,U10454,P10012,4,颜色正没有色差穿着舒服,2026-09-08 20:21:44,否,,3,26,非常抱歉给您带来不好的体验我们会改进,2026-09-09 01:21:44
R202609002568,O202609003910,U10367,P10008,4,客服态度好有问必答点赞,2026-09-07 18:20:44,否,,3,19,,
R202609002569,O202609007841,U10287,P10016,4,客服态度好有问必答点赞,2026-09-05 04:40:25,否,,2,28,非常抱歉给您带来不好的体验我们会改进,2026-09-05 06:40:25
R202609002570,O202609007463,U10466,P10020,5,手机性价比超高续航一天没问题推荐购买,2026-09-10 17:56:16,否,,2,18,,
R202609002571,O202609007567,U10335,P10001,1,跟描述完全不符要求退货,2026-09-12 03:14:48,否,,3,3,非常抱歉给您带来不好的体验我们会改进,2026-09-12 04:14:48
R202609002572,O202609009788,U10111,P10012,5,客服态度好有问必答点赞,2026-09-14 19:15:20,是,用了一段时间来追评确实不错,3,11,感谢您的理解祝您生活愉快,2026-09-15 00:15:20
R202609002573,O202609001549,U10320,P10007,4,质量很好做工精细值得购买,2026-09-13 19:02:35,否,,1,37,感谢您的认可欢迎下次光临,2026-09-13 20:02:35
R202609002574,O202609007559,U10397,P10002,3,包装有点简陋东西没问题,2026-09-14 01:58:12,是,追评：质量比预期好,3,6,,
R202609002575,O202609006950,U10397,P10007,4,保温效果很好外观也漂亮物流很快,2026-09-06 21:25:55,否,,0,33,非常抱歉给您带来不好的体验我们会改进,2026-09-06 23:25:55
R202609002576,O202609003928,U10001,P10017,3,一般般吧没有想象中好,2026-09-14 13:58:26,否,,1,39,,
R202609002577,O202609003161,U10417,P10016,3,质量凑合对得起这个价格,2026-09-12 08:00:57,否,,1,2,,
R202609002578,O202609003577,U10329,P10014,4,绘本内容不错孩子很喜欢,2026-09-14 15:35:20,否,,3,21,感谢您的认可欢迎下次光临,2026-09-14 16:35:20
R202609002579,O202609009878,U10497,P10009,3,东西还行就是发货慢了点,2026-09-14 00:37:34,否,,1,6,感谢您的认可欢迎下次光临,2026-09-14 03:37:34
R202609002580,O202609004338,U10418,P10012,4,保温效果很好外观也漂亮物流很快,2026-09-10 20:30:59,否,,0,10,已收到您的反馈我们会尽快处理,2026-09-10 22:30:59
R202609002581,O202609009746,U10434,P10001,4,手机性价比超高续航一天没问题推荐购买,2026-09-14 22:43:26,是,用了一段时间来追评确实不错,2,43,已收到您的反馈我们会尽快处理,2026-09-15 00:43:26
R202609002582,O202609007349,U10320,P10019,5,价格实惠比实体店便宜很多,2026-09-12 02:52:37,否,,2,28,,
R202609002583,O202609001304,U10226,P10011,3,质量凑合对得起这个价格,2026-09-09 23:18:24,否,,1,6,非常抱歉给您带来不好的体验我们会改进,2026-09-10 00:18:24
R202609002584,O202609009398,U10115,P10002,5,价格实惠比实体店便宜很多,2026-09-13 17:53:56,否,,1,19,,
R202609002585,O202609005487,U10087,P10013,5,手机性价比超高续航一天没问题推荐购买,2026-09-05 11:15:05,否,,3,46,感谢您的认可欢迎下次光临,2026-09-05 16:15:05
R202609002586,O202609007159,U10357,P10007,5,保温效果很好外观也漂亮物流很快,2026-09-11 02:10:01,否,,3,49,感谢您的理解祝您生活愉快,2026-09-11 07:10:01
R202609002587,O202609000607,U10103,P10002,5,绘本内容不错孩子很喜欢,2026-09-12 14:16:01,否,,0,46,非常抱歉给您带来不好的体验我们会改进,2026-09-12 15:16:01
R202609002588,O202609005936,U10055,P10004,3,质量凑合对得起这个价格,2026-09-07 23:42:18,否,,1,41,,
R202609002589,O202609008969,U10462,P10005,4,颜色正没有色差穿着舒服,2026-09-09 06:29:13,是,售后处理很快满意,0,22,,
R202609002590,O202609003831,U10029,P10017,4,绘本内容不错孩子很喜欢,2026-09-06 01:54:07,否,,3,24,已收到您的反馈我们会尽快处理,2026-09-06 05:54:07
R202609002591,O202609005371,U10145,P10017,2,客服态度恶劣不理人,2026-09-07 12:44:13,否,,1,31,,
R202609002592,O202609003214,U10099,P10001,5,物流超快第二天就到了包装完好,2026-09-11 23:37:37,是,追评：质量比预期好,0,49,已收到您的反馈我们会尽快处理,2026-09-12 04:37:37
R202609002593,O202609000518,U10269,P10008,4,绘本内容不错孩子很喜欢,2026-09-14 22:09:00,是,追评：发现了一些问题希望改进,2,45,感谢您的认可欢迎下次光临,2026-09-14 23:09:00
R202609002594,O202609009342,U10225,P10011,4,质量很好做工精细值得购买,2026-09-11 19:56:09,否,,3,36,感谢您的理解祝您生活愉快,2026-09-11 21:56:09
R202609002595,O202609004492,U10297,P10019,5,手机性价比超高续航一天没问题推荐购买,2026-09-08 05:56:46,否,,0,29,,
R202609002596,O202609003489,U10431,P10004,2,收到货发现有瑕疵要求换货,2026-09-11 21:13:07,否,,1,42,,
R202609002597,O202609006512,U10160,P10012,5,手机性价比超高续航一天没问题推荐购买,2026-09-13 23:08:33,是,追评：质量比预期好,0,8,,
R202609002598,O202609001445,U10095,P10018,4,客服态度好有问必答点赞,2026-09-11 15:57:49,否,,2,0,已收到您的反馈我们会尽快处理,2026-09-11 20:57:49
R202609002599,O202609009214,U10290,P10019,5,手机性价比超高续航一天没问题推荐购买,2026-09-10 02:13:11,否,,3,41,已收到您的反馈我们会尽快处理,2026-09-10 07:13:11
R202609002600,O202609005405,U10366,P10011,5,颜色正没有色差穿着舒服,2026-09-09 21:15:02,否,,2,50,已收到您的反馈我们会尽快处理,2026-09-09 23:15:02
R202609002601,O202609001480,U10275,P10003,5,价格实惠比实体店便宜很多,2026-09-11 06:58:18,否,,3,28,已收到您的反馈我们会尽快处理,2026-09-11 10:58:18
R202609002602,O202609005411,U10339,P10007,4,质量很好做工精细值得购买,2026-09-09 08:16:57,否,,3,28,已收到您的反馈我们会尽快处理,2026-09-09 09:16:57
R202609002603,O202609005519,U10416,P10010,4,物流超快第二天就到了包装完好,2026-09-11 16:02:54,是,用了一段时间来追评确实不错,2,0,,
R202609002604,O202609000397,U10385,P10002,3,质量凑合对得起这个价格,2026-09-09 10:51:37,否,,1,37,感谢您的认可欢迎下次光临,2026-09-09 11:51:37
R202609002605,O202609002557,U10264,P10014,4,保温效果很好外观也漂亮物流很快,2026-09-05 13:52:54,是,追评：质量比预期好,2,12,已收到您的反馈我们会尽快处理,2026-09-05 14:52:54
R202609002606,O202609005430,U10346,P10020,4,手机性价比超高续航一天没问题推荐购买,2026-09-11 20:45:24,否,,0,27,感谢您的理解祝您生活愉快,2026-09-12 00:45:24
R202609002607,O202609009650,U10285,P10019,4,质量很好做工精细值得购买,2026-09-07 09:29:41,否,,3,46,感谢您的理解祝您生活愉快,2026-09-07 11:29:41
R202609002608,O202609003789,U10005,P10017,5,客服态度好有问必答点赞,2026-09-13 08:26:33,否,,2,33,,
R202609002609,O202609006716,U10475,P10020,4,质量很好做工精细值得购买,2026-09-13 19:05:55,是,追评：发现了一些问题希望改进,3,33,非常抱歉给您带来不好的体验我们会改进,2026-09-13 22:05:55
R202609002610,O202609006190,U10243,P10011,4,手机性价比超高续航一天没问题推荐购买,2026-09-11 16:25:21,否,,0,4,非常抱歉给您带来不好的体验我们会改进,2026-09-11 17:25:21
R202609002611,O202609002555,U10146,P10020,4,保温效果很好外观也漂亮物流很快,2026-09-08 19:03:37,否,,1,29,感谢您的认可欢迎下次光临,2026-09-08 22:03:37
R202609002612,O202609009916,U10126,P10005,2,用了两天就坏了质量太差,2026-09-11 13:47:44,是,用了一段时间来追评确实不错,3,23,,
R202609002613,O202609005054,U10145,P10010,3,质量凑合对得起这个价格,2026-09-05 17:46:00,否,,0,45,感谢您的理解祝您生活愉快,2026-09-05 19:46:00
R202609002614,O202609002151,U10187,P10015,3,包装有点简陋东西没问题,2026-09-12 01:27:20,否,,3,8,非常抱歉给您带来不好的体验我们会改进,2026-09-12 06:27:20
R202609002615,O202609002008,U10462,P10008,4,手机性价比超高续航一天没问题推荐购买,2026-09-14 00:16:08,是,用了一段时间来追评确实不错,0,16,,
R202609002616,O202609002866,U10049,P10002,4,客服态度好有问必答点赞,2026-09-10 19:11:33,否,,1,40,,
R202609002617,O202609008207,U10173,P10002,5,物流超快第二天就到了包装完好,2026-09-08 14:39:32,是,追评：质量比预期好,0,6,非常抱歉给您带来不好的体验我们会改进,2026-09-08 17:39:32
R202609002618,O202609002652,U10264,P10007,5,颜色正没有色差穿着舒服,2026-09-08 12:38:36,是,追评：发现了一些问题希望改进,2,20,已收到您的反馈我们会尽快处理,2026-09-08 13:38:36
R202609002619,O202609004144,U10243,P10003,4,价格实惠比实体店便宜很多,2026-09-05 09:10:27,否,,0,17,,
R202609002620,O202609001816,U10064,P10017,2,用了两天就坏了质量太差,2026-09-06 18:35:29,是,追评：发现了一些问题希望改进,2,16,感谢您的理解祝您生活愉快,2026-09-06 20:35:29
R202609002621,O202609000216,U10192,P10018,4,绘本内容不错孩子很喜欢,2026-09-14 06:42:32,是,追评：发现了一些问题希望改进,1,1,,
R202609002622,O202609008720,U10140,P10003,5,手机性价比超高续航一天没问题推荐购买,2026-09-11 07:02:19,是,追评：质量比预期好,3,30,,
R202609002623,O202609001861,U10215,P10015,4,质量很好做工精细值得购买,2026-09-12 22:09:43,否,,1,43,感谢您的认可欢迎下次光临,2026-09-13 00:09:43
R202609002624,O202609007717,U10298,P10017,5,绘本内容不错孩子很喜欢,2026-09-12 05:36:55,否,,3,30,非常抱歉给您带来不好的体验我们会改进,2026-09-12 07:36:55
R202609002625,O202609006653,U10260,P10019,3,东西还行就是发货慢了点,2026-09-06 06:12:06,否,,0,25,已收到您的反馈我们会尽快处理,2026-09-06 11:12:06
R202609002626,O202609004216,U10177,P10010,5,客服态度好有问必答点赞,2026-09-05 21:30:58,是,追评：质量比预期好,1,39,已收到您的反馈我们会尽快处理,2026-09-06 02:30:58
R202609002627,O202609007836,U10390,P10018,4,保温效果很好外观也漂亮物流很快,2026-09-13 04:51:27,是,追评：发现了一些问题希望改进,3,37,感谢您的认可欢迎下次光临,2026-09-13 07:51:27
R202609002628,O202609003473,U10069,P10019,4,价格实惠比实体店便宜很多,2026-09-14 16:43:15,否,,0,15,,
R202609002629,O202609006779,U10421,P10014,2,客服态度恶劣不理人,2026-09-08 13:29:20,否,,0,41,已收到您的反馈我们会尽快处理,2026-09-08 17:29:20
R202609002630,O202609005940,U10152,P10006,2,用了两天就坏了质量太差,2026-09-13 02:39:49,否,,0,8,感谢您的认可欢迎下次光临,2026-09-13 06:39:49
R202609002631,O202609004424,U10187,P10014,3,东西还行就是发货慢了点,2026-09-07 17:45:28,否,,0,22,已收到您的反馈我们会尽快处理,2026-09-07 21:45:28
R202609002632,O202609007374,U10411,P10010,4,绘本内容不错孩子很喜欢,2026-09-11 23:42:05,是,追评：质量比预期好,0,36,,
R202609002633,O202609007974,U10197,P10018,2,跟描述完全不符要求退货,2026-09-05 15:03:13,是,用了一段时间来追评确实不错,0,2,感谢您的理解祝您生活愉快,2026-09-05 17:03:13
R202609002634,O202609001420,U10374,P10018,4,保温效果很好外观也漂亮物流很快,2026-09-08 06:38:16,否,,3,32,感谢您的认可欢迎下次光临,2026-09-08 07:38:16
R202609002635,O202609009611,U10447,P10011,5,手机性价比超高续航一天没问题推荐购买,2026-09-08 02:24:40,否,,1,48,,
R202609002636,O202609008948,U10336,P10001,5,质量很好做工精细值得购买,2026-09-14 04:03:29,否,,1,41,感谢您的理解祝您生活愉快,2026-09-14 08:03:29
R202609002637,O202609008593,U10226,P10007,4,质量很好做工精细值得购买,2026-09-12 03:51:43,否,,2,32,,
R202609002638,O202609007459,U10082,P10001,4,保温效果很好外观也漂亮物流很快,2026-09-13 17:33:11,否,,2,27,,
R202609002639,O202609008324,U10049,P10001,3,包装有点简陋东西没问题,2026-09-12 20:10:45,否,,2,27,,
R202609002640,O202609003241,U10412,P10006,1,用了两天就坏了质量太差,2026-09-07 04:14:20,否,,0,50,感谢您的认可欢迎下次光临,2026-09-07 08:14:20
R202609002641,O202609007611,U10319,P10019,5,物流超快第二天就到了包装完好,2026-09-08 00:33:27,否,,1,23,已收到您的反馈我们会尽快处理,2026-09-08 01:33:27
R202609002642,O202609003527,U10213,P10009,5,物流超快第二天就到了包装完好,2026-09-14 02:58:02,是,售后处理很快满意,3,44,感谢您的认可欢迎下次光临,2026-09-14 03:58:02
R202609002643,O202609007564,U10057,P10015,5,绘本内容不错孩子很喜欢,2026-09-13 05:59:44,否,,0,16,感谢您的认可欢迎下次光临,2026-09-13 08:59:44
R202609002644,O202609001699,U10466,P10020,1,用了两天就坏了质量太差,2026-09-12 14:56:29,否,,3,24,感谢您的认可欢迎下次光临,2026-09-12 15:56:29
R202609002645,O202609002213,U10226,P10015,4,绘本内容不错孩子很喜欢,2026-09-05 15:02:57,否,,3,6,,
R202609002646,O202609000167,U10317,P10015,5,颜色正没有色差穿着舒服,2026-09-07 20:59:59,否,,0,31,感谢您的理解祝您生活愉快,2026-09-07 21:59:59
R202609002647,O202609007021,U10195,P10016,3,包装有点简陋东西没问题,2026-09-08 20:47:19,是,用了一段时间来追评确实不错,3,21,感谢您的认可欢迎下次光临,2026-09-08 21:47:19
R202609002648,O202609006293,U10184,P10017,1,收到货发现有瑕疵要求换货,2026-09-06 13:49:58,否,,0,10,,
R202609002649,O202609007625,U10328,P10002,4,手机性价比超高续航一天没问题推荐购买,2026-09-07 21:43:21,否,,1,35,,
R202609002650,O202609004853,U10459,P10003,5,价格实惠比实体店便宜很多,2026-09-13 22:12:20,否,,2,27,感谢您的认可欢迎下次光临,2026-09-14 03:12:20
R202609002651,O202609006846,U10419,P10002,3,质量凑合对得起这个价格,2026-09-11 13:09:17,否,,3,25,感谢您的认可欢迎下次光临,2026-09-11 15:09:17
R202609002652,O202609004890,U10451,P10017,5,价格实惠比实体店便宜很多,2026-09-05 02:50:10,否,,1,20,,
R202609002653,O202609003612,U10452,P10007,5,保温效果很好外观也漂亮物流很快,2026-09-06 23:23:22,否,,0,7,已收到您的反馈我们会尽快处理,2026-09-07 01:23:22
R202609002654,O202609006835,U10275,P10016,5,保温效果很好外观也漂亮物流很快,2026-09-10 20:25:15,否,,0,0,,
R202609002655,O202609003337,U10159,P10015,5,绘本内容不错孩子很喜欢,2026-09-12 05:19:24,否,,0,34,感谢您的理解祝您生活愉快,2026-09-12 06:19:24
R202609002656,O202609009360,U10134,P10003,4,价格实惠比实体店便宜很多,2026-09-05 10:24:45,否,,2,24,感谢您的理解祝您生活愉快,2026-09-05 15:24:45
R202609002657,O202609007114,U10204,P10017,1,收到货发现有瑕疵要求换货,2026-09-07 12:30:53,否,,3,5,,
R202609002658,O202609005843,U10500,P10010,4,价格实惠比实体店便宜很多,2026-09-05 16:07:15,是,追评：发现了一些问题希望改进,3,2,感谢您的认可欢迎下次光临,2026-09-05 17:07:15
R202609002659,O202609009248,U10166,P10016,3,东西还行就是发货慢了点,2026-09-08 07:54:04,否,,3,5,,
R202609002660,O202609004945,U10426,P10013,5,物流超快第二天就到了包装完好,2026-09-08 17:10:15,否,,0,34,已收到您的反馈我们会尽快处理,2026-09-08 18:10:15
R202609002661,O202609005857,U10415,P10020,4,客服态度好有问必答点赞,2026-09-14 08:50:50,否,,3,25,非常抱歉给您带来不好的体验我们会改进,2026-09-14 11:50:50
R202609002662,O202609007808,U10367,P10005,3,质量凑合对得起这个价格,2026-09-10 06:56:13,是,追评：质量比预期好,2,17,感谢您的理解祝您生活愉快,2026-09-10 08:56:13
R202609002663,O202609007324,U10418,P10013,5,绘本内容不错孩子很喜欢,2026-09-10 22:26:36,是,售后处理很快满意,2,42,已收到您的反馈我们会尽快处理,2026-09-11 00:26:36
R202609002664,O202609001238,U10444,P10009,3,质量凑合对得起这个价格,2026-09-12 07:37:20,是,追评：质量比预期好,1,42,感谢您的认可欢迎下次光临,2026-09-12 11:37:20
R202609002665,O202609008199,U10123,P10004,4,手机性价比超高续航一天没问题推荐购买,2026-09-09 15:08:40,否,,1,41,,
R202609002666,O202609003133,U10181,P10018,4,客服态度好有问必答点赞,2026-09-13 02:41:45,否,,0,42,非常抱歉给您带来不好的体验我们会改进,2026-09-13 04:41:45
R202609002667,O202609000217,U10149,P10006,2,鞋子偏小一码穿了半天脚疼,2026-09-06 18:26:09,否,,3,34,非常抱歉给您带来不好的体验我们会改进,2026-09-06 20:26:09
R202609002668,O202609003205,U10206,P10018,2,物流慢得要死等了一周,2026-09-05 22:51:13,否,,0,1,非常抱歉给您带来不好的体验我们会改进,2026-09-06 00:51:13
R202609002669,O202609006522,U10022,P10016,5,物流超快第二天就到了包装完好,2026-09-14 13:50:44,否,,1,20,,
R202609002670,O202609000242,U10054,P10018,5,绘本内容不错孩子很喜欢,2026-09-05 03:04:51,否,,2,24,感谢您的理解祝您生活愉快,2026-09-05 08:04:51
R202609002671,O202609008988,U10121,P10007,5,保温效果很好外观也漂亮物流很快,2026-09-14 00:43:51,是,追评：质量比预期好,1,7,,
R202609002672,O202609002730,U10142,P10007,4,颜色正没有色差穿着舒服,2026-09-14 01:43:43,否,,0,38,感谢您的理解祝您生活愉快,2026-09-14 04:43:43
R202609002673,O202609009351,U10336,P10008,3,质量凑合对得起这个价格,2026-09-07 09:50:02,是,售后处理很快满意,2,27,,
R202609002674,O202609003670,U10338,P10006,5,手机性价比超高续航一天没问题推荐购买,2026-09-14 16:55:20,否,,0,50,感谢您的理解祝您生活愉快,2026-09-14 17:55:20
R202609002675,O202609007451,U10133,P10010,4,绘本内容不错孩子很喜欢,2026-09-10 21:49:06,否,,3,19,,
R202609002676,O202609008014,U10431,P10006,4,价格实惠比实体店便宜很多,2026-09-09 11:09:19,否,,0,17,已收到您的反馈我们会尽快处理,2026-09-09 13:09:19
R202609002677,O202609001581,U10177,P10019,5,价格实惠比实体店便宜很多,2026-09-14 06:09:28,否,,0,6,非常抱歉给您带来不好的体验我们会改进,2026-09-14 08:09:28
R202609002678,O202609008119,U10160,P10012,5,客服态度好有问必答点赞,2026-09-11 12:46:49,否,,0,34,感谢您的认可欢迎下次光临,2026-09-11 16:46:49
R202609002679,O202609007959,U10067,P10020,4,物流超快第二天就到了包装完好,2026-09-13 13:42:02,否,,3,39,非常抱歉给您带来不好的体验我们会改进,2026-09-13 17:42:02
R202609002680,O202609003772,U10168,P10011,4,价格实惠比实体店便宜很多,2026-09-09 22:49:28,否,,0,2,,
R202609002681,O202609003485,U10073,P10018,3,质量凑合对得起这个价格,2026-09-13 07:38:30,是,用了一段时间来追评确实不错,2,9,非常抱歉给您带来不好的体验我们会改进,2026-09-13 09:38:30
R202609002682,O202609009961,U10346,P10004,5,质量很好做工精细值得购买,2026-09-10 17:00:23,是,用了一段时间来追评确实不错,2,14,感谢您的理解祝您生活愉快,2026-09-10 20:00:23
R202609002683,O202609005987,U10181,P10008,5,质量很好做工精细值得购买,2026-09-09 11:53:26,否,,0,11,,
R202609002684,O202609001607,U10391,P10001,5,物流超快第二天就到了包装完好,2026-09-12 03:36:17,否,,3,50,非常抱歉给您带来不好的体验我们会改进,2026-09-12 08:36:17
R202609002685,O202609003298,U10166,P10014,3,东西还行就是发货慢了点,2026-09-09 13:37:01,是,用了一段时间来追评确实不错,2,37,,
R202609002686,O202609005950,U10263,P10004,3,包装有点简陋东西没问题,2026-09-10 06:13:57,否,,0,16,感谢您的理解祝您生活愉快,2026-09-10 10:13:57
R202609002687,O202609000529,U10281,P10005,4,颜色正没有色差穿着舒服,2026-09-08 02:24:47,否,,3,45,感谢您的理解祝您生活愉快,2026-09-08 05:24:47
R202609002688,O202609006937,U10399,P10012,1,客服态度恶劣不理人,2026-09-12 07:58:51,否,,0,2,,
R202609002689,O202609005678,U10091,P10001,4,颜色正没有色差穿着舒服,2026-09-14 06:55:19,否,,0,47,感谢您的理解祝您生活愉快,2026-09-14 09:55:19
R202609002690,O202609000372,U10353,P10009,5,物流超快第二天就到了包装完好,2026-09-12 09:15:30,否,,3,12,非常抱歉给您带来不好的体验我们会改进,2026-09-12 11:15:30
R202609002691,O202609002613,U10202,P10020,4,客服态度好有问必答点赞,2026-09-09 05:55:03,否,,0,48,感谢您的认可欢迎下次光临,2026-09-09 08:55:03
R202609002692,O202609008466,U10273,P10019,5,手机性价比超高续航一天没问题推荐购买,2026-09-07 20:38:17,是,追评：质量比预期好,0,12,非常抱歉给您带来不好的体验我们会改进,2026-09-08 01:38:17
R202609002693,O202609000789,U10093,P10016,4,质量很好做工精细值得购买,2026-09-13 11:55:07,否,,2,23,感谢您的认可欢迎下次光临,2026-09-13 12:55:07
R202609002694,O202609002773,U10012,P10012,4,客服态度好有问必答点赞,2026-09-07 15:51:36,否,,0,10,非常抱歉给您带来不好的体验我们会改进,2026-09-07 19:51:36
R202609002695,O202609003138,U10222,P10014,4,质量很好做工精细值得购买,2026-09-11 09:50:50,否,,2,37,非常抱歉给您带来不好的体验我们会改进,2026-09-11 10:50:50
R202609002696,O202609001632,U10077,P10005,2,鞋子偏小一码穿了半天脚疼,2026-09-05 23:29:43,否,,3,11,感谢您的认可欢迎下次光临,2026-09-06 04:29:43
R202609002697,O202609006588,U10079,P10020,5,手机性价比超高续航一天没问题推荐购买,2026-09-10 23:59:47,否,,0,5,感谢您的理解祝您生活愉快,2026-09-11 00:59:47
R202609002698,O202609009977,U10107,P10002,4,质量很好做工精细值得购买,2026-09-10 15:19:21,否,,1,31,,
R202609002699,O202609009726,U10176,P10002,5,手机性价比超高续航一天没问题推荐购买,2026-09-06 14:59:51,否,,3,4,已收到您的反馈我们会尽快处理,2026-09-06 16:59:51
R202609002700,O202609007857,U10012,P10006,5,颜色正没有色差穿着舒服,2026-09-12 04:12:57,是,追评：发现了一些问题希望改进,2,11,,
R202609002701,O202609002068,U10286,P10011,4,价格实惠比实体店便宜很多,2026-09-13 22:05:59,否,,1,50,非常抱歉给您带来不好的体验我们会改进,2026-09-13 23:05:59
R202609002702,O202609003930,U10020,P10008,4,客服态度好有问必答点赞,2026-09-11 07:16:42,是,用了一段时间来追评确实不错,0,35,已收到您的反馈我们会尽快处理,2026-09-11 10:16:42
R202609002703,O202609008873,U10180,P10004,4,保温效果很好外观也漂亮物流很快,2026-09-11 03:12:57,否,,2,12,非常抱歉给您带来不好的体验我们会改进,2026-09-11 06:12:57
R202609002704,O202609003382,U10489,P10009,5,颜色正没有色差穿着舒服,2026-09-06 05:42:23,是,追评：发现了一些问题希望改进,3,44,,
R202609002705,O202609001878,U10348,P10006,3,包装有点简陋东西没问题,2026-09-06 20:27:59,否,,1,48,感谢您的认可欢迎下次光临,2026-09-06 22:27:59
R202609002706,O202609006891,U10380,P10004,2,鞋子偏小一码穿了半天脚疼,2026-09-14 14:52:33,否,,1,22,感谢您的认可欢迎下次光临,2026-09-14 19:52:33
R202609002707,O202609007161,U10275,P10002,3,一般般吧没有想象中好,2026-09-06 11:22:19,否,,3,11,,
R202609002708,O202609006584,U10214,P10019,5,质量很好做工精细值得购买,2026-09-08 10:22:49,否,,0,35,已收到您的反馈我们会尽快处理,2026-09-08 15:22:49
R202609002709,O202609005218,U10402,P10010,2,鞋子偏小一码穿了半天脚疼,2026-09-09 08:30:25,否,,3,11,,
R202609002710,O202609007263,U10492,P10011,3,包装有点简陋东西没问题,2026-09-10 18:29:34,否,,2,23,感谢您的认可欢迎下次光临,2026-09-10 19:29:34
R202609002711,O202609001284,U10308,P10015,4,质量很好做工精细值得购买,2026-09-11 20:51:16,否,,3,10,,
R202609002712,O202609007990,U10254,P10016,5,绘本内容不错孩子很喜欢,2026-09-07 09:49:53,否,,3,3,感谢您的认可欢迎下次光临,2026-09-07 13:49:53
R202609002713,O202609007512,U10027,P10016,5,物流超快第二天就到了包装完好,2026-09-13 21:43:31,否,,0,49,已收到您的反馈我们会尽快处理,2026-09-13 23:43:31
R202609002714,O202609005239,U10258,P10001,4,手机性价比超高续航一天没问题推荐购买,2026-09-14 03:17:14,否,,3,48,感谢您的认可欢迎下次光临,2026-09-14 07:17:14
R202609002715,O202609004430,U10052,P10018,4,物流超快第二天就到了包装完好,2026-09-09 23:21:52,否,,3,38,,
R202609002716,O202609005244,U10122,P10015,5,质量很好做工精细值得购买,2026-09-12 05:15:04,否,,2,33,已收到您的反馈我们会尽快处理,2026-09-12 10:15:04
R202609002717,O202609007955,U10390,P10014,4,质量很好做工精细值得购买,2026-09-12 13:38:52,否,,0,32,,
R202609002718,O202609000628,U10027,P10014,4,客服态度好有问必答点赞,2026-09-14 22:17:00,否,,3,10,,
R202609002719,O202609003777,U10439,P10006,5,客服态度好有问必答点赞,2026-09-13 22:16:16,是,追评：质量比预期好,1,46,,
R202609002720,O202609001030,U10046,P10011,4,绘本内容不错孩子很喜欢,2026-09-11 17:19:06,否,,2,22,,
R202609002721,O202609007981,U10368,P10003,3,质量凑合对得起这个价格,2026-09-06 06:38:27,否,,3,38,感谢您的认可欢迎下次光临,2026-09-06 08:38:27
R202609002722,O202609008447,U10312,P10002,4,客服态度好有问必答点赞,2026-09-09 13:37:27,否,,3,40,感谢您的理解祝您生活愉快,2026-09-09 18:37:27
R202609002723,O202609008661,U10432,P10003,3,包装有点简陋东西没问题,2026-09-13 07:31:29,否,,0,24,,
R202609002724,O202609002740,U10425,P10012,5,质量很好做工精细值得购买,2026-09-06 07:54:37,否,,1,39,非常抱歉给您带来不好的体验我们会改进,2026-09-06 08:54:37
R202609002725,O202609009237,U10434,P10010,5,价格实惠比实体店便宜很多,2026-09-08 21:12:54,否,,0,49,感谢您的认可欢迎下次光临,2026-09-09 01:12:54
R202609002726,O202609000888,U10146,P10004,4,颜色正没有色差穿着舒服,2026-09-05 01:29:04,否,,2,12,,
R202609002727,O202609000658,U10433,P10015,3,包装有点简陋东西没问题,2026-09-12 07:33:00,否,,0,20,感谢您的认可欢迎下次光临,2026-09-12 11:33:00
R202609002728,O202609009915,U10307,P10005,4,保温效果很好外观也漂亮物流很快,2026-09-06 23:05:16,是,追评：质量比预期好,2,47,,
R202609002729,O202609001966,U10241,P10014,5,价格实惠比实体店便宜很多,2026-09-08 18:01:55,否,,2,15,,
R202609002730,O202609005293,U10459,P10016,4,保温效果很好外观也漂亮物流很快,2026-09-08 02:30:25,否,,0,26,感谢您的认可欢迎下次光临,2026-09-08 05:30:25
R202609002731,O202609001599,U10262,P10008,1,收到货发现有瑕疵要求换货,2026-09-08 00:41:20,否,,1,25,,
R202609002732,O202609004934,U10194,P10005,3,东西还行就是发货慢了点,2026-09-13 16:03:24,否,,0,1,感谢您的理解祝您生活愉快,2026-09-13 20:03:24
R202609002733,O202609005358,U10152,P10007,5,绘本内容不错孩子很喜欢,2026-09-12 06:31:51,否,,1,18,感谢您的理解祝您生活愉快,2026-09-12 07:31:51
R202609002734,O202609005794,U10093,P10002,5,质量很好做工精细值得购买,2026-09-11 17:22:51,否,,2,23,感谢您的认可欢迎下次光临,2026-09-11 22:22:51
R202609002735,O202609009594,U10295,P10009,4,客服态度好有问必答点赞,2026-09-14 11:38:17,否,,2,2,,
R202609002736,O202609001633,U10444,P10015,5,物流超快第二天就到了包装完好,2026-09-09 05:58:39,否,,3,32,感谢您的认可欢迎下次光临,2026-09-09 08:58:39
R202609002737,O202609008210,U10183,P10018,5,颜色正没有色差穿着舒服,2026-09-08 20:31:19,否,,2,38,感谢您的认可欢迎下次光临,2026-09-08 21:31:19
R202609002738,O202609006371,U10056,P10002,2,收到货发现有瑕疵要求换货,2026-09-11 18:10:20,否,,1,23,感谢您的理解祝您生活愉快,2026-09-11 22:10:20
R202609002739,O202609005991,U10163,P10007,1,鞋子偏小一码穿了半天脚疼,2026-09-10 23:03:35,否,,1,6,已收到您的反馈我们会尽快处理,2026-09-11 01:03:35
R202609002740,O202609007140,U10354,P10017,5,保温效果很好外观也漂亮物流很快,2026-09-09 02:57:47,否,,2,27,,
R202609002741,O202609002168,U10328,P10010,3,质量凑合对得起这个价格,2026-09-14 22:51:56,是,追评：发现了一些问题希望改进,3,10,已收到您的反馈我们会尽快处理,2026-09-15 01:51:56
R202609002742,O202609002698,U10320,P10001,4,绘本内容不错孩子很喜欢,2026-09-08 22:15:07,否,,3,20,非常抱歉给您带来不好的体验我们会改进,2026-09-09 00:15:07
R202609002743,O202609002511,U10493,P10008,4,质量很好做工精细值得购买,2026-09-12 16:55:52,否,,2,3,非常抱歉给您带来不好的体验我们会改进,2026-09-12 19:55:52
R202609002744,O202609002774,U10332,P10007,2,鞋子偏小一码穿了半天脚疼,2026-09-09 16:13:01,否,,1,32,已收到您的反馈我们会尽快处理,2026-09-09 17:13:01
R202609002745,O202609008363,U10203,P10009,5,物流超快第二天就到了包装完好,2026-09-12 05:34:27,是,售后处理很快满意,0,13,感谢您的理解祝您生活愉快,2026-09-12 07:34:27
R202609002746,O202609005072,U10198,P10006,5,价格实惠比实体店便宜很多,2026-09-10 04:15:36,是,售后处理很快满意,1,37,感谢您的认可欢迎下次光临,2026-09-10 07:15:36
R202609002747,O202609005419,U10360,P10016,4,物流超快第二天就到了包装完好,2026-09-12 23:33:08,否,,1,46,,
R202609002748,O202609009099,U10249,P10013,5,保温效果很好外观也漂亮物流很快,2026-09-11 01:11:25,否,,3,13,感谢您的理解祝您生活愉快,2026-09-11 03:11:25
R202609002749,O202609003789,U10251,P10005,5,绘本内容不错孩子很喜欢,2026-09-11 13:35:07,是,追评：质量比预期好,3,7,,
R202609002750,O202609008767,U10319,P10001,5,颜色正没有色差穿着舒服,2026-09-11 01:16:12,是,追评：质量比预期好,2,29,已收到您的反馈我们会尽快处理,2026-09-11 06:16:12
R202609002751,O202609001225,U10238,P10013,5,客服态度好有问必答点赞,2026-09-14 06:50:30,否,,3,36,感谢您的认可欢迎下次光临,2026-09-14 11:50:30
R202609002752,O202609000537,U10388,P10015,5,保温效果很好外观也漂亮物流很快,2026-09-13 12:00:42,否,,2,18,感谢您的理解祝您生活愉快,2026-09-13 16:00:42
R202609002753,O202609007646,U10186,P10014,5,保温效果很好外观也漂亮物流很快,2026-09-09 06:15:57,否,,0,23,,
R202609002754,O202609003696,U10127,P10006,5,保温效果很好外观也漂亮物流很快,2026-09-06 18:31:34,是,用了一段时间来追评确实不错,2,16,感谢您的理解祝您生活愉快,2026-09-06 21:31:34
R202609002755,O202609006615,U10443,P10007,5,手机性价比超高续航一天没问题推荐购买,2026-09-06 15:30:09,否,,3,3,感谢您的理解祝您生活愉快,2026-09-06 20:30:09
R202609002756,O202609007433,U10348,P10004,3,包装有点简陋东西没问题,2026-09-13 19:53:15,否,,1,42,感谢您的理解祝您生活愉快,2026-09-13 22:53:15
R202609002757,O202609008191,U10475,P10012,3,质量凑合对得起这个价格,2026-09-05 06:54:58,否,,2,43,,
R202609002758,O202609002736,U10495,P10013,1,收到货发现有瑕疵要求换货,2026-09-13 10:57:57,否,,3,21,已收到您的反馈我们会尽快处理,2026-09-13 12:57:57
R202609002759,O202609009618,U10002,P10001,2,物流慢得要死等了一周,2026-09-14 08:11:31,否,,1,27,非常抱歉给您带来不好的体验我们会改进,2026-09-14 10:11:31
R202609002760,O202609001857,U10389,P10020,2,物流慢得要死等了一周,2026-09-14 16:54:27,否,,0,44,感谢您的认可欢迎下次光临,2026-09-14 19:54:27
R202609002761,O202609008089,U10018,P10001,4,客服态度好有问必答点赞,2026-09-09 11:36:32,否,,0,48,已收到您的反馈我们会尽快处理,2026-09-09 15:36:32
R202609002762,O202609007640,U10495,P10013,2,跟描述完全不符要求退货,2026-09-12 06:55:19,否,,3,32,,
R202609002763,O202609009160,U10368,P10003,3,东西还行就是发货慢了点,2026-09-08 16:47:54,否,,1,20,,
R202609002764,O202609005006,U10216,P10019,5,物流超快第二天就到了包装完好,2026-09-13 19:26:26,否,,0,1,非常抱歉给您带来不好的体验我们会改进,2026-09-13 20:26:26
R202609002765,O202609009006,U10322,P10012,4,手机性价比超高续航一天没问题推荐购买,2026-09-11 01:26:30,否,,3,11,,
R202609002766,O202609007317,U10228,P10013,3,包装有点简陋东西没问题,2026-09-06 02:14:34,否,,0,12,感谢您的理解祝您生活愉快,2026-09-06 04:14:34
R202609002767,O202609008002,U10426,P10013,4,手机性价比超高续航一天没问题推荐购买,2026-09-10 09:42:40,否,,2,3,,
R202609002768,O202609007010,U10373,P10004,5,物流超快第二天就到了包装完好,2026-09-14 14:22:08,是,追评：质量比预期好,2,16,,
R202609002769,O202609005170,U10289,P10012,5,颜色正没有色差穿着舒服,2026-09-14 15:23:38,否,,2,7,感谢您的认可欢迎下次光临,2026-09-14 16:23:38
R202609002770,O202609006025,U10414,P10018,4,绘本内容不错孩子很喜欢,2026-09-08 19:53:09,否,,3,27,已收到您的反馈我们会尽快处理,2026-09-08 23:53:09
R202609002771,O202609008965,U10496,P10010,4,手机性价比超高续航一天没问题推荐购买,2026-09-08 11:39:19,否,,0,22,,
R202609002772,O202609001421,U10236,P10002,2,收到货发现有瑕疵要求换货,2026-09-06 05:31:39,是,追评：质量比预期好,1,19,感谢您的理解祝您生活愉快,2026-09-06 09:31:39
R202609002773,O202609004391,U10016,P10018,5,价格实惠比实体店便宜很多,2026-09-14 16:13:18,否,,3,15,已收到您的反馈我们会尽快处理,2026-09-14 21:13:18
R202609002774,O202609009824,U10437,P10005,4,颜色正没有色差穿着舒服,2026-09-05 11:37:30,否,,3,9,感谢您的认可欢迎下次光临,2026-09-05 15:37:30
R202609002775,O202609006752,U10271,P10013,1,用了两天就坏了质量太差,2026-09-11 10:44:37,否,,1,0,非常抱歉给您带来不好的体验我们会改进,2026-09-11 15:44:37
R202609002776,O202609005056,U10075,P10019,5,物流超快第二天就到了包装完好,2026-09-05 19:49:11,是,售后处理很快满意,3,41,已收到您的反馈我们会尽快处理,2026-09-05 22:49:11
R202609002777,O202609008227,U10048,P10007,4,绘本内容不错孩子很喜欢,2026-09-06 16:33:16,是,用了一段时间来追评确实不错,0,29,,
R202609002778,O202609005891,U10040,P10015,5,价格实惠比实体店便宜很多,2026-09-08 02:53:20,否,,3,17,感谢您的认可欢迎下次光临,2026-09-08 03:53:20
R202609002779,O202609009014,U10108,P10019,4,手机性价比超高续航一天没问题推荐购买,2026-09-12 14:31:01,否,,2,31,感谢您的理解祝您生活愉快,2026-09-12 16:31:01
R202609002780,O202609007173,U10464,P10004,5,质量很好做工精细值得购买,2026-09-13 05:13:43,否,,0,3,感谢您的理解祝您生活愉快,2026-09-13 06:13:43
R202609002781,O202609003045,U10153,P10013,5,颜色正没有色差穿着舒服,2026-09-06 03:18:59,否,,3,38,感谢您的认可欢迎下次光临,2026-09-06 08:18:59
R202609002782,O202609008108,U10209,P10001,5,物流超快第二天就到了包装完好,2026-09-09 00:12:07,否,,2,20,感谢您的认可欢迎下次光临,2026-09-09 01:12:07
R202609002783,O202609004180,U10010,P10004,5,保温效果很好外观也漂亮物流很快,2026-09-06 19:48:17,否,,1,38,,
R202609002784,O202609002473,U10171,P10016,4,手机性价比超高续航一天没问题推荐购买,2026-09-07 03:37:02,否,,3,33,,
R202609002785,O202609004296,U10488,P10012,3,包装有点简陋东西没问题,2026-09-13 01:18:25,否,,0,17,非常抱歉给您带来不好的体验我们会改进,2026-09-13 02:18:25
R202609002786,O202609006860,U10452,P10019,5,颜色正没有色差穿着舒服,2026-09-09 21:00:07,否,,3,21,感谢您的认可欢迎下次光临,2026-09-10 00:00:07
R202609002787,O202609004773,U10202,P10005,1,跟描述完全不符要求退货,2026-09-07 01:47:31,否,,3,22,感谢您的认可欢迎下次光临,2026-09-07 03:47:31
R202609002788,O202609009728,U10397,P10001,4,价格实惠比实体店便宜很多,2026-09-14 05:22:34,否,,0,9,非常抱歉给您带来不好的体验我们会改进,2026-09-14 10:22:34
R202609002789,O202609008436,U10210,P10019,1,跟描述完全不符要求退货,2026-09-07 08:17:18,否,,1,20,非常抱歉给您带来不好的体验我们会改进,2026-09-07 11:17:18
R202609002790,O202609001553,U10463,P10017,5,颜色正没有色差穿着舒服,2026-09-08 04:51:50,否,,0,16,非常抱歉给您带来不好的体验我们会改进,2026-09-08 09:51:50
R202609002791,O202609004802,U10323,P10013,3,东西还行就是发货慢了点,2026-09-05 10:31:52,否,,2,15,已收到您的反馈我们会尽快处理,2026-09-05 12:31:52
R202609002792,O202609002767,U10078,P10001,3,一般般吧没有想象中好,2026-09-11 08:43:42,否,,1,44,已收到您的反馈我们会尽快处理,2026-09-11 12:43:42
R202609002793,O202609006804,U10349,P10007,3,东西还行就是发货慢了点,2026-09-06 18:17:23,否,,2,3,非常抱歉给您带来不好的体验我们会改进,2026-09-06 20:17:23
R202609002794,O202609001153,U10277,P10003,4,质量很好做工精细值得购买,2026-09-05 17:17:15,是,追评：发现了一些问题希望改进,1,26,已收到您的反馈我们会尽快处理,2026-09-05 18:17:15
R202609002795,O202609007037,U10323,P10005,4,质量很好做工精细值得购买,2026-09-12 17:38:50,否,,2,40,感谢您的理解祝您生活愉快,2026-09-12 18:38:50
R202609002796,O202609000901,U10230,P10014,5,客服态度好有问必答点赞,2026-09-07 09:12:52,否,,1,46,非常抱歉给您带来不好的体验我们会改进,2026-09-07 10:12:52
R202609002797,O202609005758,U10124,P10006,4,客服态度好有问必答点赞,2026-09-14 00:23:45,是,追评：质量比预期好,1,14,,
R202609002798,O202609006129,U10304,P10019,4,颜色正没有色差穿着舒服,2026-09-14 04:32:12,否,,3,27,感谢您的理解祝您生活愉快,2026-09-14 06:32:12
R202609002799,O202609003677,U10311,P10019,4,客服态度好有问必答点赞,2026-09-07 17:20:37,否,,1,49,感谢您的认可欢迎下次光临,2026-09-07 20:20:37
R202609002800,O202609000638,U10041,P10012,5,客服态度好有问必答点赞,2026-09-10 10:36:07,否,,1,32,感谢您的认可欢迎下次光临,2026-09-10 14:36:07
R202609002801,O202609009782,U10375,P10015,1,客服态度恶劣不理人,2026-09-07 20:26:12,是,售后处理很快满意,1,3,非常抱歉给您带来不好的体验我们会改进,2026-09-07 23:26:12
R202609002802,O202609009474,U10265,P10019,4,颜色正没有色差穿着舒服,2026-09-09 19:14:23,否,,3,10,感谢您的认可欢迎下次光临,2026-09-09 23:14:23
R202609002803,O202609000705,U10338,P10019,5,手机性价比超高续航一天没问题推荐购买,2026-09-13 08:07:07,否,,2,49,,
R202609002804,O202609004277,U10350,P10002,5,客服态度好有问必答点赞,2026-09-12 14:30:49,否,,2,11,感谢您的认可欢迎下次光临,2026-09-12 18:30:49
R202609002805,O202609008282,U10104,P10018,5,手机性价比超高续航一天没问题推荐购买,2026-09-14 00:39:59,是,追评：质量比预期好,2,15,已收到您的反馈我们会尽快处理,2026-09-14 04:39:59
R202609002806,O202609009471,U10429,P10011,4,质量很好做工精细值得购买,2026-09-07 20:57:37,否,,2,17,,
R202609002807,O202609005964,U10415,P10004,4,绘本内容不错孩子很喜欢,2026-09-13 21:30:33,否,,3,47,非常抱歉给您带来不好的体验我们会改进,2026-09-14 02:30:33
R202609002808,O202609008323,U10314,P10003,5,价格实惠比实体店便宜很多,2026-09-07 11:16:14,是,售后处理很快满意,2,4,感谢您的认可欢迎下次光临,2026-09-07 12:16:14
R202609002809,O202609002374,U10004,P10017,2,跟描述完全不符要求退货,2026-09-05 14:26:33,否,,3,10,感谢您的认可欢迎下次光临,2026-09-05 18:26:33
R202609002810,O202609001461,U10346,P10016,5,保温效果很好外观也漂亮物流很快,2026-09-05 05:36:22,否,,1,35,,
R202609002811,O202609007760,U10007,P10019,3,一般般吧没有想象中好,2026-09-12 05:39:22,是,追评：质量比预期好,2,42,非常抱歉给您带来不好的体验我们会改进,2026-09-12 06:39:22
R202609002812,O202609004225,U10158,P10008,4,物流超快第二天就到了包装完好,2026-09-12 13:42:48,是,追评：发现了一些问题希望改进,0,48,已收到您的反馈我们会尽快处理,2026-09-12 18:42:48
R202609002813,O202609009014,U10263,P10019,4,保温效果很好外观也漂亮物流很快,2026-09-10 17:56:35,是,追评：发现了一些问题希望改进,0,14,感谢您的理解祝您生活愉快,2026-09-10 22:56:35
R202609002814,O202609000202,U10183,P10001,5,绘本内容不错孩子很喜欢,2026-09-12 08:37:31,是,售后处理很快满意,0,17,,
R202609002815,O202609006183,U10211,P10017,3,质量凑合对得起这个价格,2026-09-09 18:31:30,否,,0,19,感谢您的认可欢迎下次光临,2026-09-09 23:31:30
R202609002816,O202609002715,U10296,P10014,5,绘本内容不错孩子很喜欢,2026-09-07 15:35:26,否,,3,25,感谢您的理解祝您生活愉快,2026-09-07 17:35:26
R202609002817,O202609004845,U10001,P10015,3,包装有点简陋东西没问题,2026-09-07 10:43:03,否,,0,39,,
R202609002818,O202609002047,U10468,P10004,4,保温效果很好外观也漂亮物流很快,2026-09-13 16:47:32,否,,3,30,已收到您的反馈我们会尽快处理,2026-09-13 20:47:32
R202609002819,O202609005741,U10057,P10002,4,颜色正没有色差穿着舒服,2026-09-06 20:47:33,否,,1,38,已收到您的反馈我们会尽快处理,2026-09-06 21:47:33
R202609002820,O202609008053,U10273,P10011,3,包装有点简陋东西没问题,2026-09-08 08:33:48,否,,2,16,已收到您的反馈我们会尽快处理,2026-09-08 12:33:48
R202609002821,O202609005480,U10363,P10003,5,客服态度好有问必答点赞,2026-09-10 07:05:08,否,,1,40,感谢您的理解祝您生活愉快,2026-09-10 11:05:08
R202609002822,O202609002559,U10018,P10001,5,保温效果很好外观也漂亮物流很快,2026-09-10 18:38:07,否,,0,6,,
R202609002823,O202609009800,U10045,P10009,4,绘本内容不错孩子很喜欢,2026-09-12 13:02:41,否,,0,49,,
R202609002824,O202609007177,U10243,P10011,2,客服态度恶劣不理人,2026-09-07 08:36:04,否,,2,15,,
R202609002825,O202609000131,U10374,P10007,4,物流超快第二天就到了包装完好,2026-09-12 06:44:48,否,,3,3,感谢您的理解祝您生活愉快,2026-09-12 07:44:48
R202609002826,O202609003899,U10353,P10005,5,绘本内容不错孩子很喜欢,2026-09-12 09:17:01,否,,3,0,已收到您的反馈我们会尽快处理,2026-09-12 11:17:01
R202609002827,O202609004981,U10164,P10015,4,绘本内容不错孩子很喜欢,2026-09-11 01:18:27,否,,0,4,非常抱歉给您带来不好的体验我们会改进,2026-09-11 02:18:27
R202609002828,O202609004535,U10378,P10016,5,质量很好做工精细值得购买,2026-09-12 10:33:21,是,售后处理很快满意,2,46,,
R202609002829,O202609009292,U10063,P10019,3,包装有点简陋东西没问题,2026-09-09 14:36:44,否,,0,3,,
R202609002830,O202609003370,U10229,P10003,4,绘本内容不错孩子很喜欢,2026-09-06 13:00:15,否,,2,21,非常抱歉给您带来不好的体验我们会改进,2026-09-06 18:00:15
R202609002831,O202609005754,U10025,P10015,4,客服态度好有问必答点赞,2026-09-14 10:25:15,是,追评：质量比预期好,0,33,感谢您的理解祝您生活愉快,2026-09-14 13:25:15
R202609002832,O202609007902,U10117,P10010,5,保温效果很好外观也漂亮物流很快,2026-09-10 23:52:46,是,追评：质量比预期好,2,38,,
R202609002833,O202609009494,U10343,P10015,5,质量很好做工精细值得购买,2026-09-11 05:22:43,否,,3,7,感谢您的理解祝您生活愉快,2026-09-11 06:22:43
R202609002834,O202609008677,U10332,P10014,2,跟描述完全不符要求退货,2026-09-09 06:05:26,否,,0,34,感谢您的认可欢迎下次光临,2026-09-09 08:05:26
R202609002835,O202609006831,U10432,P10016,4,质量很好做工精细值得购买,2026-09-12 09:20:25,否,,1,18,感谢您的认可欢迎下次光临,2026-09-12 13:20:25
R202609002836,O202609009498,U10483,P10020,2,客服态度恶劣不理人,2026-09-13 01:12:18,否,,2,34,感谢您的认可欢迎下次光临,2026-09-13 04:12:18
R202609002837,O202609007042,U10056,P10003,5,质量很好做工精细值得购买,2026-09-08 15:30:20,是,追评：质量比预期好,0,17,非常抱歉给您带来不好的体验我们会改进,2026-09-08 20:30:20
R202609002838,O202609008025,U10488,P10005,3,包装有点简陋东西没问题,2026-09-12 15:47:26,是,售后处理很快满意,1,7,,
R202609002839,O202609000772,U10040,P10007,4,绘本内容不错孩子很喜欢,2026-09-14 08:39:13,是,用了一段时间来追评确实不错,3,47,感谢您的理解祝您生活愉快,2026-09-14 10:39:13
R202609002840,O202609001679,U10369,P10019,4,物流超快第二天就到了包装完好,2026-09-10 02:54:46,是,用了一段时间来追评确实不错,1,39,感谢您的理解祝您生活愉快,2026-09-10 05:54:46
R202609002841,O202609000842,U10070,P10006,3,质量凑合对得起这个价格,2026-09-14 00:16:53,否,,2,36,,
R202609002842,O202609004173,U10120,P10004,2,用了两天就坏了质量太差,2026-09-14 18:11:05,否,,1,20,已收到您的反馈我们会尽快处理,2026-09-14 22:11:05
R202609002843,O202609002908,U10077,P10015,4,颜色正没有色差穿着舒服,2026-09-11 20:39:24,否,,2,3,感谢您的理解祝您生活愉快,2026-09-12 00:39:24
R202609002844,O202609005105,U10022,P10019,4,价格实惠比实体店便宜很多,2026-09-13 17:14:25,否,,2,40,感谢您的认可欢迎下次光临,2026-09-13 18:14:25
R202609002845,O202609005719,U10138,P10016,4,颜色正没有色差穿着舒服,2026-09-09 07:33:48,否,,3,26,已收到您的反馈我们会尽快处理,2026-09-09 08:33:48
R202609002846,O202609004781,U10313,P10015,2,跟描述完全不符要求退货,2026-09-05 21:14:15,否,,2,16,感谢您的认可欢迎下次光临,2026-09-06 00:14:15
R202609002847,O202609007695,U10394,P10013,1,客服态度恶劣不理人,2026-09-14 17:10:12,否,,1,32,,
R202609002848,O202609004061,U10355,P10020,5,保温效果很好外观也漂亮物流很快,2026-09-07 05:28:24,否,,0,37,感谢您的理解祝您生活愉快,2026-09-07 09:28:24
R202609002849,O202609009054,U10414,P10014,1,鞋子偏小一码穿了半天脚疼,2026-09-08 13:28:41,否,,0,22,感谢您的认可欢迎下次光临,2026-09-08 16:28:41
R202609002850,O202609009407,U10078,P10013,5,保温效果很好外观也漂亮物流很快,2026-09-07 01:22:57,是,追评：发现了一些问题希望改进,3,15,感谢您的认可欢迎下次光临,2026-09-07 02:22:57
R202609002851,O202609000110,U10045,P10002,4,颜色正没有色差穿着舒服,2026-09-09 05:42:15,否,,3,7,,
R202609002852,O202609002965,U10361,P10014,4,手机性价比超高续航一天没问题推荐购买,2026-09-10 15:39:47,否,,2,33,已收到您的反馈我们会尽快处理,2026-09-10 16:39:47
R202609002853,O202609005054,U10381,P10008,4,物流超快第二天就到了包装完好,2026-09-13 06:40:27,是,用了一段时间来追评确实不错,3,32,非常抱歉给您带来不好的体验我们会改进,2026-09-13 08:40:27
R202609002854,O202609008804,U10120,P10011,5,物流超快第二天就到了包装完好,2026-09-12 15:38:45,否,,3,33,,
R202609002855,O202609008242,U10340,P10016,4,手机性价比超高续航一天没问题推荐购买,2026-09-11 13:16:12,是,追评：发现了一些问题希望改进,2,1,已收到您的反馈我们会尽快处理,2026-09-11 17:16:12
R202609002856,O202609001887,U10247,P10010,5,客服态度好有问必答点赞,2026-09-09 22:20:22,否,,0,29,非常抱歉给您带来不好的体验我们会改进,2026-09-10 03:20:22
R202609002857,O202609003452,U10032,P10018,5,绘本内容不错孩子很喜欢,2026-09-14 11:21:34,否,,3,19,非常抱歉给您带来不好的体验我们会改进,2026-09-14 15:21:34
R202609002858,O202609000600,U10103,P10020,5,客服态度好有问必答点赞,2026-09-05 23:16:26,否,,1,11,,
R202609002859,O202609007562,U10422,P10020,4,绘本内容不错孩子很喜欢,2026-09-14 12:10:57,否,,0,14,非常抱歉给您带来不好的体验我们会改进,2026-09-14 13:10:57
R202609002860,O202609008458,U10145,P10001,4,物流超快第二天就到了包装完好,2026-09-10 17:10:37,否,,3,44,感谢您的认可欢迎下次光临,2026-09-10 19:10:37
R202609002861,O202609004615,U10245,P10006,3,东西还行就是发货慢了点,2026-09-12 14:39:44,否,,0,39,,
R202609002862,O202609006066,U10237,P10019,4,绘本内容不错孩子很喜欢,2026-09-12 22:56:44,是,售后处理很快满意,0,26,,
R202609002863,O202609001234,U10147,P10019,5,客服态度好有问必答点赞,2026-09-05 00:05:27,是,用了一段时间来追评确实不错,2,49,感谢您的理解祝您生活愉快,2026-09-05 05:05:27
R202609002864,O202609009799,U10361,P10001,3,东西还行就是发货慢了点,2026-09-11 16:07:51,否,,3,27,已收到您的反馈我们会尽快处理,2026-09-11 17:07:51
R202609002865,O202609002213,U10254,P10015,4,价格实惠比实体店便宜很多,2026-09-13 21:52:19,否,,1,48,,
R202609002866,O202609008249,U10367,P10004,3,质量凑合对得起这个价格,2026-09-09 02:25:06,否,,1,23,非常抱歉给您带来不好的体验我们会改进,2026-09-09 04:25:06
R202609002867,O202609001653,U10345,P10006,4,客服态度好有问必答点赞,2026-09-07 23:06:17,否,,0,44,非常抱歉给您带来不好的体验我们会改进,2026-09-08 00:06:17
R202609002868,O202609001131,U10171,P10010,5,颜色正没有色差穿着舒服,2026-09-09 01:15:39,否,,2,41,,
R202609002869,O202609004345,U10181,P10019,3,东西还行就是发货慢了点,2026-09-05 00:19:41,否,,1,18,已收到您的反馈我们会尽快处理,2026-09-05 04:19:41
R202609002870,O202609008906,U10262,P10008,5,绘本内容不错孩子很喜欢,2026-09-12 06:21:07,否,,1,21,,
R202609002871,O202609009600,U10391,P10019,4,保温效果很好外观也漂亮物流很快,2026-09-14 09:54:51,否,,3,30,,
R202609002872,O202609007612,U10417,P10016,1,收到货发现有瑕疵要求换货,2026-09-12 01:58:50,否,,0,30,感谢您的理解祝您生活愉快,2026-09-12 03:58:50
R202609002873,O202609007343,U10091,P10015,4,手机性价比超高续航一天没问题推荐购买,2026-09-06 05:25:47,否,,0,46,,
R202609002874,O202609003856,U10046,P10007,4,绘本内容不错孩子很喜欢,2026-09-13 22:10:11,否,,2,47,感谢您的理解祝您生活愉快,2026-09-14 01:10:11
R202609002875,O202609007158,U10337,P10008,4,绘本内容不错孩子很喜欢,2026-09-10 23:10:09,否,,2,0,感谢您的认可欢迎下次光临,2026-09-11 02:10:09
R202609002876,O202609003821,U10287,P10017,4,质量很好做工精细值得购买,2026-09-12 13:03:45,是,用了一段时间来追评确实不错,0,16,感谢您的认可欢迎下次光临,2026-09-12 14:03:45
R202609002877,O202609003954,U10144,P10014,3,一般般吧没有想象中好,2026-09-08 22:05:00,否,,2,28,已收到您的反馈我们会尽快处理,2026-09-08 23:05:00
R202609002878,O202609002540,U10325,P10018,4,保温效果很好外观也漂亮物流很快,2026-09-11 06:04:38,否,,0,38,非常抱歉给您带来不好的体验我们会改进,2026-09-11 10:04:38
R202609002879,O202609003548,U10304,P10011,4,颜色正没有色差穿着舒服,2026-09-06 13:44:06,否,,3,16,,
R202609002880,O202609009458,U10190,P10018,3,质量凑合对得起这个价格,2026-09-07 23:51:18,否,,3,45,非常抱歉给您带来不好的体验我们会改进,2026-09-08 02:51:18
R202609002881,O202609000783,U10344,P10002,4,客服态度好有问必答点赞,2026-09-11 21:51:40,否,,0,4,已收到您的反馈我们会尽快处理,2026-09-12 01:51:40
R202609002882,O202609005138,U10478,P10017,3,质量凑合对得起这个价格,2026-09-13 01:25:54,否,,0,6,,
R202609002883,O202609009666,U10314,P10019,4,客服态度好有问必答点赞,2026-09-14 15:56:14,否,,2,27,非常抱歉给您带来不好的体验我们会改进,2026-09-14 16:56:14
R202609002884,O202609009176,U10198,P10002,5,质量很好做工精细值得购买,2026-09-10 19:44:50,否,,1,44,非常抱歉给您带来不好的体验我们会改进,2026-09-10 23:44:50
R202609002885,O202609005946,U10232,P10016,1,收到货发现有瑕疵要求换货,2026-09-09 05:53:09,是,用了一段时间来追评确实不错,0,7,感谢您的理解祝您生活愉快,2026-09-09 06:53:09
R202609002886,O202609000884,U10439,P10013,3,东西还行就是发货慢了点,2026-09-05 00:40:48,否,,1,28,感谢您的理解祝您生活愉快,2026-09-05 05:40:48
R202609002887,O202609009719,U10371,P10013,5,颜色正没有色差穿着舒服,2026-09-07 21:17:17,否,,1,49,已收到您的反馈我们会尽快处理,2026-09-08 01:17:17
R202609002888,O202609007287,U10294,P10004,1,客服态度恶劣不理人,2026-09-06 12:10:38,否,,3,44,已收到您的反馈我们会尽快处理,2026-09-06 13:10:38
R202609002889,O202609009307,U10035,P10011,5,手机性价比超高续航一天没问题推荐购买,2026-09-07 14:42:17,否,,1,1,感谢您的理解祝您生活愉快,2026-09-07 16:42:17
R202609002890,O202609006890,U10259,P10012,5,物流超快第二天就到了包装完好,2026-09-09 08:21:35,否,,1,18,感谢您的理解祝您生活愉快,2026-09-09 09:21:35
R202609002891,O202609009224,U10462,P10008,5,手机性价比超高续航一天没问题推荐购买,2026-09-12 22:18:33,否,,0,3,感谢您的理解祝您生活愉快,2026-09-12 23:18:33
R202609002892,O202609001055,U10129,P10012,4,颜色正没有色差穿着舒服,2026-09-09 20:06:18,否,,1,43,感谢您的认可欢迎下次光临,2026-09-09 23:06:18
R202609002893,O202609006337,U10352,P10007,5,手机性价比超高续航一天没问题推荐购买,2026-09-07 22:40:44,否,,0,19,已收到您的反馈我们会尽快处理,2026-09-08 00:40:44
R202609002894,O202609007208,U10490,P10015,4,质量很好做工精细值得购买,2026-09-06 09:29:21,否,,2,3,已收到您的反馈我们会尽快处理,2026-09-06 10:29:21
R202609002895,O202609003127,U10048,P10016,2,跟描述完全不符要求退货,2026-09-14 02:23:45,是,追评：质量比预期好,0,16,已收到您的反馈我们会尽快处理,2026-09-14 05:23:45
R202609002896,O202609001694,U10184,P10003,4,客服态度好有问必答点赞,2026-09-07 03:54:35,否,,3,30,非常抱歉给您带来不好的体验我们会改进,2026-09-07 08:54:35
R202609002897,O202609007858,U10216,P10012,4,价格实惠比实体店便宜很多,2026-09-13 00:54:25,否,,2,50,感谢您的理解祝您生活愉快,2026-09-13 02:54:25
R202609002898,O202609001801,U10283,P10007,2,鞋子偏小一码穿了半天脚疼,2026-09-12 14:02:46,是,追评：发现了一些问题希望改进,0,42,,
R202609002899,O202609005858,U10423,P10009,4,客服态度好有问必答点赞,2026-09-10 08:14:42,否,,3,0,已收到您的反馈我们会尽快处理,2026-09-10 13:14:42
R202609002900,O202609002109,U10411,P10002,5,物流超快第二天就到了包装完好,2026-09-14 10:34:54,是,追评：发现了一些问题希望改进,2,36,,
R202609002901,O202609005093,U10020,P10016,4,保温效果很好外观也漂亮物流很快,2026-09-11 02:24:23,是,追评：质量比预期好,3,42,已收到您的反馈我们会尽快处理,2026-09-11 05:24:23
R202609002902,O202609003608,U10300,P10015,5,质量很好做工精细值得购买,2026-09-13 12:02:26,否,,3,21,非常抱歉给您带来不好的体验我们会改进,2026-09-13 14:02:26
R202609002903,O202609006878,U10026,P10020,5,物流超快第二天就到了包装完好,2026-09-11 19:12:41,否,,3,43,感谢您的理解祝您生活愉快,2026-09-11 22:12:41
R202609002904,O202609005874,U10473,P10015,5,物流超快第二天就到了包装完好,2026-09-13 02:14:25,否,,0,12,,
R202609002905,O202609005141,U10452,P10019,4,物流超快第二天就到了包装完好,2026-09-12 23:31:03,否,,3,44,感谢您的理解祝您生活愉快,2026-09-13 04:31:03
R202609002906,O202609000639,U10013,P10012,4,价格实惠比实体店便宜很多,2026-09-11 02:00:08,否,,1,1,非常抱歉给您带来不好的体验我们会改进,2026-09-11 06:00:08
R202609002907,O202609001434,U10500,P10001,4,价格实惠比实体店便宜很多,2026-09-10 19:44:54,否,,2,5,,
R202609002908,O202609001894,U10324,P10001,4,颜色正没有色差穿着舒服,2026-09-12 20:13:47,是,追评：质量比预期好,3,4,,
R202609002909,O202609006519,U10033,P10012,5,客服态度好有问必答点赞,2026-09-14 04:47:22,是,追评：发现了一些问题希望改进,0,19,感谢您的理解祝您生活愉快,2026-09-14 05:47:22
R202609002910,O202609004521,U10153,P10005,4,手机性价比超高续航一天没问题推荐购买,2026-09-14 22:37:24,否,,0,9,感谢您的理解祝您生活愉快,2026-09-14 23:37:24
R202609002911,O202609009038,U10222,P10017,3,东西还行就是发货慢了点,2026-09-14 23:32:51,否,,3,28,,
R202609002912,O202609000608,U10411,P10017,4,客服态度好有问必答点赞,2026-09-07 02:09:35,否,,1,13,感谢您的认可欢迎下次光临,2026-09-07 05:09:35
R202609002913,O202609005618,U10443,P10013,4,颜色正没有色差穿着舒服,2026-09-10 17:13:26,否,,1,38,感谢您的认可欢迎下次光临,2026-09-10 22:13:26
R202609002914,O202609008576,U10358,P10017,3,包装有点简陋东西没问题,2026-09-10 12:24:59,否,,0,21,非常抱歉给您带来不好的体验我们会改进,2026-09-10 17:24:59
R202609002915,O202609007216,U10003,P10012,5,颜色正没有色差穿着舒服,2026-09-13 23:23:05,否,,3,23,感谢您的认可欢迎下次光临,2026-09-14 02:23:05
R202609002916,O202609009412,U10322,P10013,5,质量很好做工精细值得购买,2026-09-12 19:29:53,否,,2,11,已收到您的反馈我们会尽快处理,2026-09-12 23:29:53
R202609002917,O202609003799,U10484,P10010,4,价格实惠比实体店便宜很多,2026-09-09 06:39:05,否,,2,46,,
R202609002918,O202609002149,U10165,P10016,5,保温效果很好外观也漂亮物流很快,2026-09-11 03:19:48,否,,0,5,,
R202609002919,O202609002563,U10129,P10013,4,绘本内容不错孩子很喜欢,2026-09-11 12:07:47,是,用了一段时间来追评确实不错,1,25,感谢您的理解祝您生活愉快,2026-09-11 16:07:47
R202609002920,O202609009756,U10406,P10009,4,手机性价比超高续航一天没问题推荐购买,2026-09-07 04:38:26,否,,1,39,感谢您的理解祝您生活愉快,2026-09-07 08:38:26
R202609002921,O202609003686,U10438,P10020,4,绘本内容不错孩子很喜欢,2026-09-09 18:47:29,否,,0,25,已收到您的反馈我们会尽快处理,2026-09-09 23:47:29
R202609002922,O202609001950,U10486,P10016,5,价格实惠比实体店便宜很多,2026-09-07 06:54:51,否,,2,12,已收到您的反馈我们会尽快处理,2026-09-07 08:54:51
R202609002923,O202609003514,U10343,P10018,5,保温效果很好外观也漂亮物流很快,2026-09-08 22:38:58,否,,1,30,已收到您的反馈我们会尽快处理,2026-09-09 02:38:58
R202609002924,O202609009271,U10297,P10014,4,颜色正没有色差穿着舒服,2026-09-08 08:17:15,否,,1,0,非常抱歉给您带来不好的体验我们会改进,2026-09-08 09:17:15
R202609002925,O202609005601,U10498,P10004,3,一般般吧没有想象中好,2026-09-10 12:58:49,否,,2,19,感谢您的理解祝您生活愉快,2026-09-10 15:58:49
R202609002926,O202609006081,U10144,P10019,5,客服态度好有问必答点赞,2026-09-09 22:27:28,否,,3,10,感谢您的理解祝您生活愉快,2026-09-10 01:27:28
R202609002927,O202609002457,U10292,P10013,1,鞋子偏小一码穿了半天脚疼,2026-09-10 16:21:25,否,,1,14,感谢您的认可欢迎下次光临,2026-09-10 21:21:25
R202609002928,O202609000407,U10382,P10007,5,手机性价比超高续航一天没问题推荐购买,2026-09-12 08:43:26,否,,1,15,感谢您的理解祝您生活愉快,2026-09-12 09:43:26
R202609002929,O202609006796,U10050,P10005,5,绘本内容不错孩子很喜欢,2026-09-05 20:37:11,否,,2,1,感谢您的理解祝您生活愉快,2026-09-06 00:37:11
R202609002930,O202609000145,U10001,P10008,3,东西还行就是发货慢了点,2026-09-07 01:19:29,否,,2,5,,
R202609002931,O202609007820,U10391,P10001,4,客服态度好有问必答点赞,2026-09-12 23:30:09,否,,2,2,感谢您的理解祝您生活愉快,2026-09-13 04:30:09
R202609002932,O202609006193,U10119,P10011,3,质量凑合对得起这个价格,2026-09-05 10:14:38,否,,0,33,,
R202609002933,O202609003954,U10496,P10009,4,颜色正没有色差穿着舒服,2026-09-07 09:42:18,否,,0,14,感谢您的理解祝您生活愉快,2026-09-07 12:42:18
R202609002934,O202609006143,U10085,P10001,4,保温效果很好外观也漂亮物流很快,2026-09-06 23:29:38,是,售后处理很快满意,3,45,已收到您的反馈我们会尽快处理,2026-09-07 04:29:38
R202609002935,O202609007199,U10343,P10020,5,绘本内容不错孩子很喜欢,2026-09-07 18:01:38,否,,0,39,,
R202609002936,O202609008843,U10012,P10018,5,物流超快第二天就到了包装完好,2026-09-05 23:28:37,是,售后处理很快满意,2,43,,
R202609002937,O202609003597,U10498,P10011,5,手机性价比超高续航一天没问题推荐购买,2026-09-14 11:52:36,否,,2,8,,
R202609002938,O202609007981,U10206,P10008,5,颜色正没有色差穿着舒服,2026-09-11 15:48:11,否,,2,6,感谢您的理解祝您生活愉快,2026-09-11 18:48:11
R202609002939,O202609005175,U10339,P10008,4,物流超快第二天就到了包装完好,2026-09-11 17:38:09,否,,2,38,,
R202609002940,O202609001241,U10083,P10004,3,东西还行就是发货慢了点,2026-09-05 00:29:12,否,,0,28,感谢您的认可欢迎下次光临,2026-09-05 04:29:12
R202609002941,O202609002463,U10268,P10015,1,客服态度恶劣不理人,2026-09-07 04:03:07,是,追评：质量比预期好,3,10,已收到您的反馈我们会尽快处理,2026-09-07 07:03:07
R202609002942,O202609003612,U10451,P10018,1,收到货发现有瑕疵要求换货,2026-09-05 02:54:53,是,售后处理很快满意,3,8,,
R202609002943,O202609000905,U10120,P10002,4,质量很好做工精细值得购买,2026-09-14 15:41:30,否,,0,37,感谢您的理解祝您生活愉快,2026-09-14 16:41:30
R202609002944,O202609009253,U10200,P10006,5,保温效果很好外观也漂亮物流很快,2026-09-14 04:52:52,否,,1,11,,
R202609002945,O202609008534,U10108,P10007,4,质量很好做工精细值得购买,2026-09-05 19:00:25,是,追评：质量比预期好,0,42,,
R202609002946,O202609004031,U10193,P10013,5,颜色正没有色差穿着舒服,2026-09-05 12:18:52,否,,0,27,,
R202609002947,O202609008890,U10073,P10012,5,颜色正没有色差穿着舒服,2026-09-14 06:35:56,否,,2,8,感谢您的理解祝您生活愉快,2026-09-14 07:35:56
R202609002948,O202609006837,U10274,P10014,5,物流超快第二天就到了包装完好,2026-09-06 22:38:53,否,,0,0,已收到您的反馈我们会尽快处理,2026-09-06 23:38:53
R202609002949,O202609006004,U10278,P10005,4,客服态度好有问必答点赞,2026-09-13 05:35:46,否,,2,7,,
R202609002950,O202609006004,U10205,P10011,4,保温效果很好外观也漂亮物流很快,2026-09-07 19:05:34,否,,0,32,,
R202609002951,O202609001105,U10488,P10020,4,客服态度好有问必答点赞,2026-09-07 12:29:39,否,,2,44,非常抱歉给您带来不好的体验我们会改进,2026-09-07 16:29:39
R202609002952,O202609009071,U10327,P10008,5,物流超快第二天就到了包装完好,2026-09-08 13:03:49,否,,2,50,感谢您的认可欢迎下次光临,2026-09-08 15:03:49
R202609002953,O202609003300,U10193,P10020,2,用了两天就坏了质量太差,2026-09-09 22:33:35,否,,2,25,已收到您的反馈我们会尽快处理,2026-09-10 03:33:35
R202609002954,O202609009040,U10354,P10012,5,绘本内容不错孩子很喜欢,2026-09-09 04:11:53,否,,2,23,,
R202609002955,O202609003600,U10386,P10002,4,质量很好做工精细值得购买,2026-09-10 06:58:24,是,用了一段时间来追评确实不错,2,34,感谢您的认可欢迎下次光临,2026-09-10 08:58:24
R202609002956,O202609003981,U10300,P10016,5,手机性价比超高续航一天没问题推荐购买,2026-09-13 15:44:00,否,,1,42,感谢您的理解祝您生活愉快,2026-09-13 17:44:00
R202609002957,O202609004110,U10140,P10002,3,东西还行就是发货慢了点,2026-09-12 04:08:46,是,用了一段时间来追评确实不错,1,49,,
R202609002958,O202609006993,U10390,P10006,3,东西还行就是发货慢了点,2026-09-11 12:44:18,否,,2,29,,
R202609002959,O202609006931,U10323,P10013,4,客服态度好有问必答点赞,2026-09-14 16:08:07,否,,0,1,已收到您的反馈我们会尽快处理,2026-09-14 20:08:07
R202609002960,O202609004028,U10196,P10008,4,绘本内容不错孩子很喜欢,2026-09-08 05:03:17,否,,3,8,,
R202609002961,O202609001474,U10499,P10014,2,物流慢得要死等了一周,2026-09-10 02:49:18,否,,1,7,,
R202609002962,O202609004031,U10210,P10008,2,客服态度恶劣不理人,2026-09-10 14:00:51,是,售后处理很快满意,0,42,感谢您的认可欢迎下次光临,2026-09-10 15:00:51
R202609002963,O202609003903,U10333,P10001,3,东西还行就是发货慢了点,2026-09-05 06:37:03,否,,3,37,,
R202609002964,O202609009498,U10255,P10007,4,颜色正没有色差穿着舒服,2026-09-12 05:31:06,否,,1,0,感谢您的理解祝您生活愉快,2026-09-12 10:31:06
R202609002965,O202609002256,U10266,P10014,4,绘本内容不错孩子很喜欢,2026-09-11 22:20:32,否,,2,45,,
R202609002966,O202609005101,U10321,P10006,5,价格实惠比实体店便宜很多,2026-09-07 14:49:34,否,,1,14,非常抱歉给您带来不好的体验我们会改进,2026-09-07 17:49:34
R202609002967,O202609002584,U10015,P10010,4,保温效果很好外观也漂亮物流很快,2026-09-09 15:13:36,否,,1,13,,
R202609002968,O202609005964,U10014,P10013,4,颜色正没有色差穿着舒服,2026-09-14 12:30:58,否,,0,39,,
R202609002969,O202609000845,U10218,P10011,3,东西还行就是发货慢了点,2026-09-12 01:47:32,否,,1,30,感谢您的认可欢迎下次光临,2026-09-12 04:47:32
R202609002970,O202609000790,U10208,P10004,4,颜色正没有色差穿着舒服,2026-09-07 17:32:51,否,,1,22,,
R202609002971,O202609002691,U10301,P10016,3,东西还行就是发货慢了点,2026-09-13 11:43:31,是,用了一段时间来追评确实不错,0,25,非常抱歉给您带来不好的体验我们会改进,2026-09-13 13:43:31
R202609002972,O202609001610,U10473,P10001,5,物流超快第二天就到了包装完好,2026-09-06 07:37:10,否,,0,12,已收到您的反馈我们会尽快处理,2026-09-06 10:37:10
R202609002973,O202609000384,U10148,P10007,4,手机性价比超高续航一天没问题推荐购买,2026-09-09 12:28:07,否,,1,19,,
R202609002974,O202609005459,U10382,P10019,5,颜色正没有色差穿着舒服,2026-09-05 16:44:23,否,,0,23,感谢您的认可欢迎下次光临,2026-09-05 21:44:23
R202609002975,O202609005703,U10443,P10003,3,一般般吧没有想象中好,2026-09-09 09:33:05,否,,3,23,已收到您的反馈我们会尽快处理,2026-09-09 11:33:05
R202609002976,O202609007623,U10315,P10002,5,质量很好做工精细值得购买,2026-09-07 12:36:56,否,,3,35,,
R202609002977,O202609000771,U10064,P10014,4,质量很好做工精细值得购买,2026-09-13 15:18:31,否,,3,28,感谢您的认可欢迎下次光临,2026-09-13 16:18:31
R202609002978,O202609003617,U10033,P10004,4,手机性价比超高续航一天没问题推荐购买,2026-09-14 10:12:40,是,用了一段时间来追评确实不错,0,0,感谢您的理解祝您生活愉快,2026-09-14 15:12:40
R202609002979,O202609006567,U10155,P10002,3,东西还行就是发货慢了点,2026-09-11 10:57:06,否,,0,22,已收到您的反馈我们会尽快处理,2026-09-11 11:57:06
R202609002980,O202609009938,U10369,P10005,2,收到货发现有瑕疵要求换货,2026-09-05 02:07:34,是,用了一段时间来追评确实不错,2,32,感谢您的认可欢迎下次光临,2026-09-05 03:07:34
R202609002981,O202609000359,U10014,P10005,5,保温效果很好外观也漂亮物流很快,2026-09-09 16:42:25,否,,1,35,非常抱歉给您带来不好的体验我们会改进,2026-09-09 21:42:25
R202609002982,O202609006459,U10350,P10001,5,质量很好做工精细值得购买,2026-09-10 04:33:41,否,,3,12,,
R202609002983,O202609001055,U10396,P10016,4,绘本内容不错孩子很喜欢,2026-09-06 20:50:01,否,,2,40,感谢您的理解祝您生活愉快,2026-09-06 21:50:01
R202609002984,O202609009755,U10302,P10019,4,手机性价比超高续航一天没问题推荐购买,2026-09-07 15:23:22,否,,2,48,感谢您的认可欢迎下次光临,2026-09-07 16:23:22
R202609002985,O202609005922,U10407,P10005,5,价格实惠比实体店便宜很多,2026-09-05 08:27:34,否,,1,34,感谢您的认可欢迎下次光临,2026-09-05 10:27:34
R202609002986,O202609002412,U10402,P10005,5,客服态度好有问必答点赞,2026-09-10 19:52:40,是,追评：发现了一些问题希望改进,3,2,非常抱歉给您带来不好的体验我们会改进,2026-09-10 23:52:40
R202609002987,O202609002590,U10215,P10007,5,保温效果很好外观也漂亮物流很快,2026-09-05 15:01:29,是,用了一段时间来追评确实不错,0,25,非常抱歉给您带来不好的体验我们会改进,2026-09-05 18:01:29
R202609002988,O202609003871,U10078,P10020,2,客服态度恶劣不理人,2026-09-06 08:35:54,否,,2,9,,
R202609002989,O202609006291,U10085,P10014,4,保温效果很好外观也漂亮物流很快,2026-09-05 09:19:48,否,,2,33,已收到您的反馈我们会尽快处理,2026-09-05 12:19:48
R202609002990,O202609003755,U10436,P10012,5,质量很好做工精细值得购买,2026-09-09 05:15:10,是,追评：发现了一些问题希望改进,3,45,感谢您的理解祝您生活愉快,2026-09-09 06:15:10
R202609002991,O202609004607,U10342,P10014,4,绘本内容不错孩子很喜欢,2026-09-06 04:57:36,是,追评：质量比预期好,0,26,感谢您的理解祝您生活愉快,2026-09-06 05:57:36
R202609002992,O202609002270,U10198,P10011,5,保温效果很好外观也漂亮物流很快,2026-09-11 07:14:09,否,,0,6,感谢您的认可欢迎下次光临,2026-09-11 09:14:09
R202609002993,O202609004998,U10163,P10019,4,质量很好做工精细值得购买,2026-09-06 00:14:28,否,,0,18,,
R202609002994,O202609009254,U10362,P10001,5,客服态度好有问必答点赞,2026-09-08 15:46:27,是,用了一段时间来追评确实不错,0,1,,
R202609002995,O202609009779,U10401,P10006,3,包装有点简陋东西没问题,2026-09-09 17:45:52,否,,1,43,感谢您的理解祝您生活愉快,2026-09-09 19:45:52
R202609002996,O202609004458,U10085,P10007,3,一般般吧没有想象中好,2026-09-09 22:48:18,否,,2,40,,
R202609002997,O202609008414,U10121,P10004,3,一般般吧没有想象中好,2026-09-09 22:01:44,否,,0,9,已收到您的反馈我们会尽快处理,2026-09-10 01:01:44
R202609002998,O202609004465,U10399,P10017,4,价格实惠比实体店便宜很多,2026-09-09 04:00:29,否,,3,31,感谢您的认可欢迎下次光临,2026-09-09 09:00:29
R202609002999,O202609002987,U10151,P10012,3,东西还行就是发货慢了点,2026-09-06 12:06:29,否,,3,29,感谢您的认可欢迎下次光临,2026-09-06 14:06:29
R202609003000,O202609001894,U10056,P10018,1,用了两天就坏了质量太差,2026-09-07 20:35:05,否,,1,10,,
R202609003001,O202609008737,U10125,P10011,5,绘本内容不错孩子很喜欢,2026-09-07 07:37:06,是,用了一段时间来追评确实不错,0,30,非常抱歉给您带来不好的体验我们会改进,2026-09-07 12:37:06
R202609003002,O202609004690,U10196,P10003,1,跟描述完全不符要求退货,2026-09-12 05:47:56,否,,2,16,感谢您的认可欢迎下次光临,2026-09-12 06:47:56
R202609003003,O202609000018,U10010,P10012,3,质量凑合对得起这个价格,2026-09-05 23:34:28,否,,2,12,,
R202609003004,O202609009905,U10164,P10009,5,物流超快第二天就到了包装完好,2026-09-05 19:37:01,否,,1,26,,
R202609003005,O202609009857,U10302,P10020,5,手机性价比超高续航一天没问题推荐购买,2026-09-11 23:52:34,否,,1,50,非常抱歉给您带来不好的体验我们会改进,2026-09-12 00:52:34
R202609003006,O202609006356,U10106,P10016,5,保温效果很好外观也漂亮物流很快,2026-09-11 22:01:07,否,,1,20,,
R202609003007,O202609002698,U10125,P10013,1,物流慢得要死等了一周,2026-09-08 19:28:51,是,售后处理很快满意,0,2,非常抱歉给您带来不好的体验我们会改进,2026-09-08 21:28:51
R202609003008,O202609000548,U10202,P10007,3,东西还行就是发货慢了点,2026-09-08 20:13:24,否,,1,1,,
R202609003009,O202609006607,U10412,P10012,4,客服态度好有问必答点赞,2026-09-10 08:16:24,否,,2,36,已收到您的反馈我们会尽快处理,2026-09-10 11:16:24
R202609003010,O202609009898,U10433,P10011,1,用了两天就坏了质量太差,2026-09-06 00:10:09,否,,3,45,,
R202609003011,O202609000899,U10285,P10009,4,客服态度好有问必答点赞,2026-09-11 17:00:15,是,售后处理很快满意,0,42,,
R202609003012,O202609000688,U10397,P10002,2,跟描述完全不符要求退货,2026-09-14 21:38:44,否,,3,49,感谢您的认可欢迎下次光临,2026-09-15 01:38:44
R202609003013,O202609008863,U10147,P10007,4,价格实惠比实体店便宜很多,2026-09-06 13:41:10,否,,3,49,非常抱歉给您带来不好的体验我们会改进,2026-09-06 17:41:10
R202609003014,O202609006858,U10483,P10002,3,东西还行就是发货慢了点,2026-09-06 10:31:17,是,追评：发现了一些问题希望改进,1,21,非常抱歉给您带来不好的体验我们会改进,2026-09-06 15:31:17
R202609003015,O202609009055,U10119,P10001,5,价格实惠比实体店便宜很多,2026-09-12 21:10:20,否,,1,10,,
R202609003016,O202609002910,U10111,P10003,4,价格实惠比实体店便宜很多,2026-09-12 02:32:40,否,,2,12,,
R202609003017,O202609008867,U10416,P10012,5,颜色正没有色差穿着舒服,2026-09-06 19:12:57,是,追评：发现了一些问题希望改进,0,7,感谢您的理解祝您生活愉快,2026-09-06 22:12:57
R202609003018,O202609007238,U10323,P10001,5,物流超快第二天就到了包装完好,2026-09-10 23:45:02,否,,3,36,感谢您的理解祝您生活愉快,2026-09-11 01:45:02
R202609003019,O202609005989,U10087,P10015,3,质量凑合对得起这个价格,2026-09-05 12:37:29,是,售后处理很快满意,3,9,已收到您的反馈我们会尽快处理,2026-09-05 15:37:29
R202609003020,O202609001430,U10243,P10015,1,客服态度恶劣不理人,2026-09-14 15:33:10,否,,1,5,感谢您的认可欢迎下次光临,2026-09-14 16:33:10
R202609003021,O202609009783,U10212,P10010,4,保温效果很好外观也漂亮物流很快,2026-09-07 04:08:28,否,,0,46,感谢您的理解祝您生活愉快,2026-09-07 09:08:28
R202609003022,O202609006216,U10065,P10007,5,价格实惠比实体店便宜很多,2026-09-06 07:59:13,否,,2,50,非常抱歉给您带来不好的体验我们会改进,2026-09-06 11:59:13
R202609003023,O202609005709,U10241,P10006,5,颜色正没有色差穿着舒服,2026-09-07 16:49:18,否,,2,9,感谢您的理解祝您生活愉快,2026-09-07 18:49:18
R202609003024,O202609005082,U10178,P10001,4,价格实惠比实体店便宜很多,2026-09-06 10:37:23,否,,1,3,感谢您的理解祝您生活愉快,2026-09-06 14:37:23
R202609003025,O202609006579,U10204,P10017,4,绘本内容不错孩子很喜欢,2026-09-11 05:00:00,否,,0,34,非常抱歉给您带来不好的体验我们会改进,2026-09-11 08:00:00
R202609003026,O202609004454,U10390,P10019,4,保温效果很好外观也漂亮物流很快,2026-09-13 07:12:21,否,,2,20,,
R202609003027,O202609009484,U10240,P10010,5,绘本内容不错孩子很喜欢,2026-09-12 19:27:16,否,,0,4,非常抱歉给您带来不好的体验我们会改进,2026-09-12 21:27:16
R202609003028,O202609005394,U10055,P10019,4,手机性价比超高续航一天没问题推荐购买,2026-09-11 02:00:37,否,,2,34,,
R202609003029,O202609005287,U10118,P10005,3,包装有点简陋东西没问题,2026-09-09 21:53:13,是,售后处理很快满意,1,11,,
R202609003030,O202609001151,U10347,P10014,5,客服态度好有问必答点赞,2026-09-14 04:27:47,否,,2,34,感谢您的理解祝您生活愉快,2026-09-14 08:27:47
R202609003031,O202609004968,U10121,P10011,5,手机性价比超高续航一天没问题推荐购买,2026-09-05 02:41:52,否,,3,15,感谢您的认可欢迎下次光临,2026-09-05 03:41:52
R202609003032,O202609003802,U10145,P10011,3,包装有点简陋东西没问题,2026-09-10 14:16:25,否,,0,30,感谢您的理解祝您生活愉快,2026-09-10 17:16:25
R202609003033,O202609006990,U10312,P10013,5,质量很好做工精细值得购买,2026-09-09 04:24:23,是,追评：质量比预期好,3,2,感谢您的认可欢迎下次光临,2026-09-09 07:24:23
R202609003034,O202609000215,U10107,P10009,4,质量很好做工精细值得购买,2026-09-09 04:19:37,否,,3,7,感谢您的认可欢迎下次光临,2026-09-09 09:19:37
R202609003035,O202609003898,U10378,P10018,4,保温效果很好外观也漂亮物流很快,2026-09-09 16:38:35,否,,1,26,,
R202609003036,O202609000490,U10253,P10006,1,用了两天就坏了质量太差,2026-09-07 11:09:23,否,,3,0,感谢您的理解祝您生活愉快,2026-09-07 16:09:23
R202609003037,O202609002129,U10396,P10015,4,绘本内容不错孩子很喜欢,2026-09-14 01:19:25,否,,3,43,感谢您的理解祝您生活愉快,2026-09-14 03:19:25
R202609003038,O202609004592,U10291,P10004,4,保温效果很好外观也漂亮物流很快,2026-09-13 23:28:06,否,,1,34,已收到您的反馈我们会尽快处理,2026-09-14 03:28:06
R202609003039,O202609001882,U10374,P10001,4,价格实惠比实体店便宜很多,2026-09-12 22:21:55,是,追评：质量比预期好,0,20,感谢您的理解祝您生活愉快,2026-09-12 23:21:55
R202609003040,O202609004107,U10298,P10015,5,价格实惠比实体店便宜很多,2026-09-13 15:35:53,否,,1,27,非常抱歉给您带来不好的体验我们会改进,2026-09-13 18:35:53
R202609003041,O202609002025,U10312,P10018,4,物流超快第二天就到了包装完好,2026-09-06 11:25:22,是,用了一段时间来追评确实不错,0,27,感谢您的认可欢迎下次光临,2026-09-06 15:25:22
R202609003042,O202609004273,U10071,P10006,5,保温效果很好外观也漂亮物流很快,2026-09-11 03:18:11,否,,2,44,非常抱歉给您带来不好的体验我们会改进,2026-09-11 08:18:11
R202609003043,O202609003257,U10308,P10011,4,物流超快第二天就到了包装完好,2026-09-10 10:06:02,否,,1,37,感谢您的理解祝您生活愉快,2026-09-10 12:06:02
R202609003044,O202609009685,U10264,P10002,4,颜色正没有色差穿着舒服,2026-09-05 18:31:00,否,,3,1,感谢您的理解祝您生活愉快,2026-09-05 19:31:00
R202609003045,O202609000927,U10485,P10017,3,质量凑合对得起这个价格,2026-09-10 11:24:20,否,,3,5,感谢您的理解祝您生活愉快,2026-09-10 13:24:20
R202609003046,O202609005952,U10431,P10008,4,物流超快第二天就到了包装完好,2026-09-11 12:06:04,否,,1,42,感谢您的理解祝您生活愉快,2026-09-11 17:06:04
R202609003047,O202609007080,U10159,P10017,5,物流超快第二天就到了包装完好,2026-09-14 12:35:39,否,,0,7,感谢您的认可欢迎下次光临,2026-09-14 17:35:39
R202609003048,O202609000214,U10443,P10009,4,客服态度好有问必答点赞,2026-09-06 23:17:28,否,,0,31,感谢您的理解祝您生活愉快,2026-09-07 02:17:28
R202609003049,O202609009348,U10157,P10012,4,绘本内容不错孩子很喜欢,2026-09-07 09:34:16,否,,2,42,非常抱歉给您带来不好的体验我们会改进,2026-09-07 11:34:16
R202609003050,O202609001021,U10240,P10010,5,绘本内容不错孩子很喜欢,2026-09-14 07:16:20,否,,3,21,非常抱歉给您带来不好的体验我们会改进,2026-09-14 08:16:20
R202609003051,O202609005781,U10323,P10008,5,质量很好做工精细值得购买,2026-09-05 21:33:50,否,,2,48,已收到您的反馈我们会尽快处理,2026-09-06 00:33:50
R202609003052,O202609005575,U10130,P10019,4,物流超快第二天就到了包装完好,2026-09-13 14:54:13,是,追评：质量比预期好,1,5,已收到您的反馈我们会尽快处理,2026-09-13 18:54:13
R202609003053,O202609000617,U10237,P10018,4,质量很好做工精细值得购买,2026-09-10 21:23:41,否,,2,9,感谢您的理解祝您生活愉快,2026-09-11 01:23:41
R202609003054,O202609002204,U10473,P10011,4,手机性价比超高续航一天没问题推荐购买,2026-09-08 02:15:46,否,,2,43,感谢您的认可欢迎下次光临,2026-09-08 06:15:46
R202609003055,O202609009905,U10227,P10016,4,客服态度好有问必答点赞,2026-09-12 13:25:15,否,,2,36,,
R202609003056,O202609001909,U10341,P10016,1,跟描述完全不符要求退货,2026-09-07 13:12:16,是,售后处理很快满意,0,8,感谢您的理解祝您生活愉快,2026-09-07 15:12:16
R202609003057,O202609002190,U10316,P10010,4,客服态度好有问必答点赞,2026-09-08 14:34:36,否,,0,44,,
R202609003058,O202609008278,U10039,P10020,5,手机性价比超高续航一天没问题推荐购买,2026-09-12 21:53:26,是,追评：质量比预期好,0,9,,
R202609003059,O202609001951,U10071,P10014,3,包装有点简陋东西没问题,2026-09-10 16:38:12,否,,1,11,,
R202609003060,O202609009289,U10478,P10014,5,质量很好做工精细值得购买,2026-09-05 03:04:00,否,,2,29,感谢您的理解祝您生活愉快,2026-09-05 07:04:00
R202609003061,O202609002070,U10434,P10012,2,收到货发现有瑕疵要求换货,2026-09-05 00:18:12,否,,3,40,非常抱歉给您带来不好的体验我们会改进,2026-09-05 01:18:12
R202609003062,O202609006186,U10338,P10013,3,包装有点简陋东西没问题,2026-09-07 02:22:53,是,追评：质量比预期好,3,47,感谢您的理解祝您生活愉快,2026-09-07 07:22:53
R202609003063,O202609002701,U10040,P10019,4,保温效果很好外观也漂亮物流很快,2026-09-12 01:28:34,否,,1,38,已收到您的反馈我们会尽快处理,2026-09-12 03:28:34
R202609003064,O202609003111,U10499,P10017,5,绘本内容不错孩子很喜欢,2026-09-10 23:34:48,是,用了一段时间来追评确实不错,3,17,,
R202609003065,O202609005764,U10203,P10001,4,价格实惠比实体店便宜很多,2026-09-11 14:46:12,否,,0,46,感谢您的认可欢迎下次光临,2026-09-11 17:46:12
R202609003066,O202609009962,U10407,P10014,4,质量很好做工精细值得购买,2026-09-12 02:05:22,否,,3,4,感谢您的认可欢迎下次光临,2026-09-12 07:05:22
R202609003067,O202609000009,U10015,P10004,3,质量凑合对得起这个价格,2026-09-08 18:50:16,是,追评：发现了一些问题希望改进,0,18,已收到您的反馈我们会尽快处理,2026-09-08 22:50:16
R202609003068,O202609001823,U10200,P10004,4,手机性价比超高续航一天没问题推荐购买,2026-09-05 04:43:39,否,,2,40,,
R202609003069,O202609004801,U10087,P10005,4,手机性价比超高续航一天没问题推荐购买,2026-09-10 01:25:01,是,追评：质量比预期好,2,27,非常抱歉给您带来不好的体验我们会改进,2026-09-10 02:25:01
R202609003070,O202609005743,U10491,P10002,5,客服态度好有问必答点赞,2026-09-06 21:23:24,是,用了一段时间来追评确实不错,2,28,非常抱歉给您带来不好的体验我们会改进,2026-09-07 01:23:24
R202609003071,O202609009303,U10403,P10012,5,价格实惠比实体店便宜很多,2026-09-13 07:39:23,否,,0,1,感谢您的理解祝您生活愉快,2026-09-13 11:39:23
R202609003072,O202609005599,U10199,P10010,4,绘本内容不错孩子很喜欢,2026-09-09 16:54:11,否,,2,11,,
R202609003073,O202609008815,U10264,P10014,5,保温效果很好外观也漂亮物流很快,2026-09-07 21:59:49,否,,0,16,感谢您的理解祝您生活愉快,2026-09-08 01:59:49
R202609003074,O202609002192,U10254,P10020,4,价格实惠比实体店便宜很多,2026-09-05 09:23:14,否,,2,0,非常抱歉给您带来不好的体验我们会改进,2026-09-05 11:23:14
R202609003075,O202609004935,U10396,P10011,4,绘本内容不错孩子很喜欢,2026-09-10 07:01:00,否,,2,7,已收到您的反馈我们会尽快处理,2026-09-10 12:01:00
R202609003076,O202609008329,U10106,P10019,4,物流超快第二天就到了包装完好,2026-09-11 13:18:09,否,,2,10,,
R202609003077,O202609004499,U10476,P10002,5,颜色正没有色差穿着舒服,2026-09-13 01:23:31,否,,0,41,,
R202609003078,O202609001009,U10375,P10005,2,鞋子偏小一码穿了半天脚疼,2026-09-08 12:12:35,否,,2,2,,
R202609003079,O202609001127,U10024,P10018,5,手机性价比超高续航一天没问题推荐购买,2026-09-11 20:50:18,否,,3,45,,
R202609003080,O202609009893,U10211,P10013,4,价格实惠比实体店便宜很多,2026-09-11 06:36:26,否,,2,12,非常抱歉给您带来不好的体验我们会改进,2026-09-11 10:36:26
R202609003081,O202609005234,U10339,P10011,5,手机性价比超高续航一天没问题推荐购买,2026-09-09 09:40:00,否,,1,42,非常抱歉给您带来不好的体验我们会改进,2026-09-09 14:40:00
R202609003082,O202609006640,U10272,P10014,5,手机性价比超高续航一天没问题推荐购买,2026-09-09 09:08:03,否,,1,6,感谢您的认可欢迎下次光临,2026-09-09 11:08:03
R202609003083,O202609004416,U10046,P10013,4,质量很好做工精细值得购买,2026-09-14 05:44:06,否,,0,9,感谢您的理解祝您生活愉快,2026-09-14 07:44:06
R202609003084,O202609001114,U10417,P10019,4,质量很好做工精细值得购买,2026-09-13 05:50:25,是,追评：质量比预期好,1,47,感谢您的认可欢迎下次光临,2026-09-13 08:50:25
R202609003085,O202609006888,U10198,P10002,4,质量很好做工精细值得购买,2026-09-11 17:25:15,是,追评：发现了一些问题希望改进,1,27,非常抱歉给您带来不好的体验我们会改进,2026-09-11 21:25:15
R202609003086,O202609002883,U10095,P10001,4,手机性价比超高续航一天没问题推荐购买,2026-09-14 17:28:12,是,追评：发现了一些问题希望改进,1,10,感谢您的理解祝您生活愉快,2026-09-14 21:28:12
R202609003087,O202609004502,U10401,P10013,1,收到货发现有瑕疵要求换货,2026-09-05 19:52:27,否,,2,40,,
R202609003088,O202609007146,U10025,P10019,5,客服态度好有问必答点赞,2026-09-14 14:57:06,否,,3,42,非常抱歉给您带来不好的体验我们会改进,2026-09-14 17:57:06
R202609003089,O202609004450,U10078,P10009,5,绘本内容不错孩子很喜欢,2026-09-11 16:22:00,否,,1,31,非常抱歉给您带来不好的体验我们会改进,2026-09-11 19:22:00
R202609003090,O202609000968,U10294,P10016,1,物流慢得要死等了一周,2026-09-11 15:11:01,否,,3,9,,
R202609003091,O202609009945,U10279,P10012,4,质量很好做工精细值得购买,2026-09-06 17:14:55,是,追评：发现了一些问题希望改进,2,41,,
R202609003092,O202609006140,U10007,P10003,2,鞋子偏小一码穿了半天脚疼,2026-09-08 04:26:29,否,,2,28,感谢您的理解祝您生活愉快,2026-09-08 06:26:29
R202609003093,O202609000476,U10216,P10003,4,颜色正没有色差穿着舒服,2026-09-13 02:37:46,否,,2,3,感谢您的理解祝您生活愉快,2026-09-13 07:37:46
R202609003094,O202609006192,U10399,P10020,3,一般般吧没有想象中好,2026-09-06 04:24:08,否,,1,2,感谢您的理解祝您生活愉快,2026-09-06 08:24:08
R202609003095,O202609008386,U10201,P10006,4,价格实惠比实体店便宜很多,2026-09-07 15:42:01,否,,3,3,,
R202609003096,O202609005638,U10172,P10002,4,质量很好做工精细值得购买,2026-09-05 01:04:11,是,用了一段时间来追评确实不错,2,6,,
R202609003097,O202609001678,U10218,P10009,5,物流超快第二天就到了包装完好,2026-09-05 17:47:46,否,,0,40,感谢您的理解祝您生活愉快,2026-09-05 22:47:46
R202609003098,O202609006689,U10044,P10002,4,价格实惠比实体店便宜很多,2026-09-10 09:08:53,否,,1,5,非常抱歉给您带来不好的体验我们会改进,2026-09-10 10:08:53
R202609003099,O202609001299,U10171,P10009,3,东西还行就是发货慢了点,2026-09-13 09:24:53,否,,1,6,已收到您的反馈我们会尽快处理,2026-09-13 13:24:53
R202609003100,O202609000983,U10163,P10006,5,颜色正没有色差穿着舒服,2026-09-13 17:07:38,是,追评：质量比预期好,2,23,已收到您的反馈我们会尽快处理,2026-09-13 22:07:38
R202609003101,O202609003350,U10148,P10007,2,收到货发现有瑕疵要求换货,2026-09-14 08:55:54,否,,3,41,非常抱歉给您带来不好的体验我们会改进,2026-09-14 13:55:54
R202609003102,O202609000790,U10454,P10017,4,客服态度好有问必答点赞,2026-09-14 08:51:50,否,,3,43,,
R202609003103,O202609004558,U10145,P10020,4,手机性价比超高续航一天没问题推荐购买,2026-09-05 08:06:34,否,,2,4,感谢您的认可欢迎下次光临,2026-09-05 11:06:34
R202609003104,O202609003040,U10136,P10007,4,价格实惠比实体店便宜很多,2026-09-08 01:35:42,否,,3,12,已收到您的反馈我们会尽快处理,2026-09-08 05:35:42
R202609003105,O202609009601,U10156,P10018,5,质量很好做工精细值得购买,2026-09-09 20:16:53,否,,0,45,,
R202609003106,O202609009534,U10206,P10010,4,物流超快第二天就到了包装完好,2026-09-10 22:47:57,否,,3,7,感谢您的理解祝您生活愉快,2026-09-11 03:47:57
R202609003107,O202609006411,U10269,P10013,4,物流超快第二天就到了包装完好,2026-09-07 15:18:35,否,,0,18,,
R202609003108,O202609003956,U10169,P10002,4,价格实惠比实体店便宜很多,2026-09-11 06:55:27,否,,2,15,感谢您的理解祝您生活愉快,2026-09-11 08:55:27
R202609003109,O202609000854,U10346,P10012,4,手机性价比超高续航一天没问题推荐购买,2026-09-06 16:12:46,是,售后处理很快满意,3,19,已收到您的反馈我们会尽快处理,2026-09-06 20:12:46
R202609003110,O202609007462,U10428,P10004,3,东西还行就是发货慢了点,2026-09-08 23:52:26,否,,2,43,已收到您的反馈我们会尽快处理,2026-09-09 02:52:26
R202609003111,O202609005773,U10413,P10015,4,保温效果很好外观也漂亮物流很快,2026-09-14 12:55:00,否,,1,13,已收到您的反馈我们会尽快处理,2026-09-14 15:55:00
R202609003112,O202609004194,U10117,P10008,5,手机性价比超高续航一天没问题推荐购买,2026-09-09 00:56:30,否,,2,36,,
R202609003113,O202609009050,U10307,P10020,4,保温效果很好外观也漂亮物流很快,2026-09-14 20:22:20,否,,2,11,,
R202609003114,O202609008365,U10253,P10013,3,包装有点简陋东西没问题,2026-09-10 00:58:48,否,,2,4,感谢您的认可欢迎下次光临,2026-09-10 01:58:48
R202609003115,O202609004697,U10008,P10020,4,客服态度好有问必答点赞,2026-09-13 22:13:24,否,,3,50,已收到您的反馈我们会尽快处理,2026-09-13 23:13:24
R202609003116,O202609005395,U10013,P10014,1,收到货发现有瑕疵要求换货,2026-09-05 16:54:12,否,,1,0,非常抱歉给您带来不好的体验我们会改进,2026-09-05 20:54:12
R202609003117,O202609009976,U10343,P10018,4,客服态度好有问必答点赞,2026-09-08 14:59:27,否,,0,4,,
R202609003118,O202609008384,U10373,P10018,4,保温效果很好外观也漂亮物流很快,2026-09-13 04:17:00,否,,1,8,感谢您的理解祝您生活愉快,2026-09-13 08:17:00
R202609003119,O202609007886,U10337,P10001,3,质量凑合对得起这个价格,2026-09-09 14:52:36,否,,2,32,非常抱歉给您带来不好的体验我们会改进,2026-09-09 17:52:36
R202609003120,O202609003131,U10411,P10020,3,一般般吧没有想象中好,2026-09-14 16:30:21,否,,3,26,,
R202609003121,O202609001120,U10428,P10007,3,一般般吧没有想象中好,2026-09-11 05:37:45,是,追评：发现了一些问题希望改进,1,42,非常抱歉给您带来不好的体验我们会改进,2026-09-11 08:37:45
R202609003122,O202609009223,U10481,P10017,5,客服态度好有问必答点赞,2026-09-11 07:41:41,否,,1,27,已收到您的反馈我们会尽快处理,2026-09-11 09:41:41
R202609003123,O202609005292,U10175,P10009,5,颜色正没有色差穿着舒服,2026-09-06 11:20:11,否,,3,16,,
R202609003124,O202609009097,U10368,P10017,5,颜色正没有色差穿着舒服,2026-09-13 23:38:47,是,追评：发现了一些问题希望改进,3,17,感谢您的认可欢迎下次光临,2026-09-14 00:38:47
R202609003125,O202609009142,U10392,P10018,3,一般般吧没有想象中好,2026-09-14 12:17:57,否,,3,25,感谢您的理解祝您生活愉快,2026-09-14 15:17:57
R202609003126,O202609006802,U10021,P10003,1,鞋子偏小一码穿了半天脚疼,2026-09-12 23:20:44,否,,3,30,感谢您的认可欢迎下次光临,2026-09-13 03:20:44
R202609003127,O202609004638,U10423,P10008,5,保温效果很好外观也漂亮物流很快,2026-09-13 08:21:15,否,,2,39,,
R202609003128,O202609002924,U10307,P10011,5,价格实惠比实体店便宜很多,2026-09-06 14:11:04,否,,0,34,感谢您的理解祝您生活愉快,2026-09-06 15:11:04
R202609003129,O202609009825,U10143,P10010,2,物流慢得要死等了一周,2026-09-12 04:51:56,否,,3,37,,
R202609003130,O202609001355,U10408,P10008,1,客服态度恶劣不理人,2026-09-09 22:21:49,否,,2,43,已收到您的反馈我们会尽快处理,2026-09-10 03:21:49
R202609003131,O202609003160,U10334,P10011,3,东西还行就是发货慢了点,2026-09-13 03:25:25,否,,2,48,,
R202609003132,O202609006712,U10195,P10002,3,一般般吧没有想象中好,2026-09-14 12:35:21,是,追评：质量比预期好,1,47,非常抱歉给您带来不好的体验我们会改进,2026-09-14 13:35:21
R202609003133,O202609007205,U10322,P10001,4,绘本内容不错孩子很喜欢,2026-09-13 01:32:12,否,,2,43,,
R202609003134,O202609005662,U10444,P10006,4,手机性价比超高续航一天没问题推荐购买,2026-09-13 09:17:26,否,,1,14,非常抱歉给您带来不好的体验我们会改进,2026-09-13 12:17:26
R202609003135,O202609009044,U10233,P10019,1,客服态度恶劣不理人,2026-09-11 18:31:59,否,,2,17,非常抱歉给您带来不好的体验我们会改进,2026-09-11 23:31:59
R202609003136,O202609007416,U10452,P10012,5,价格实惠比实体店便宜很多,2026-09-09 02:21:57,是,售后处理很快满意,0,40,感谢您的理解祝您生活愉快,2026-09-09 07:21:57
R202609003137,O202609007539,U10164,P10016,5,价格实惠比实体店便宜很多,2026-09-05 05:49:24,否,,1,2,,
R202609003138,O202609006047,U10415,P10009,4,手机性价比超高续航一天没问题推荐购买,2026-09-06 16:51:44,否,,1,33,感谢您的理解祝您生活愉快,2026-09-06 19:51:44
R202609003139,O202609005129,U10354,P10007,3,一般般吧没有想象中好,2026-09-08 11:48:19,否,,0,36,,
R202609003140,O202609009502,U10067,P10018,1,客服态度恶劣不理人,2026-09-11 05:45:40,是,追评：发现了一些问题希望改进,1,28,感谢您的理解祝您生活愉快,2026-09-11 09:45:40
R202609003141,O202609003643,U10474,P10005,4,保温效果很好外观也漂亮物流很快,2026-09-05 07:32:24,否,,1,46,,
R202609003142,O202609005949,U10039,P10001,4,客服态度好有问必答点赞,2026-09-09 05:59:55,是,售后处理很快满意,3,13,,
R202609003143,O202609005598,U10156,P10015,1,收到货发现有瑕疵要求换货,2026-09-09 16:03:16,是,售后处理很快满意,2,1,,
R202609003144,O202609004968,U10497,P10010,5,质量很好做工精细值得购买,2026-09-11 04:20:37,否,,0,42,非常抱歉给您带来不好的体验我们会改进,2026-09-11 05:20:37
R202609003145,O202609009040,U10386,P10013,5,客服态度好有问必答点赞,2026-09-13 02:54:41,否,,2,8,感谢您的认可欢迎下次光临,2026-09-13 05:54:41
R202609003146,O202609000787,U10173,P10004,5,手机性价比超高续航一天没问题推荐购买,2026-09-09 20:06:31,否,,3,46,,
R202609003147,O202609003196,U10454,P10001,5,客服态度好有问必答点赞,2026-09-11 22:47:36,否,,1,10,,
R202609003148,O202609004986,U10450,P10016,5,颜色正没有色差穿着舒服,2026-09-05 20:05:36,否,,2,41,感谢您的认可欢迎下次光临,2026-09-06 00:05:36
R202609003149,O202609008227,U10284,P10010,4,物流超快第二天就到了包装完好,2026-09-12 23:07:01,否,,3,1,感谢您的认可欢迎下次光临,2026-09-13 02:07:01
R202609003150,O202609008564,U10260,P10013,5,客服态度好有问必答点赞,2026-09-06 01:12:39,否,,2,26,,
R202609003151,O202609007737,U10204,P10003,4,价格实惠比实体店便宜很多,2026-09-08 23:13:47,否,,3,25,,
R202609003152,O202609000354,U10311,P10009,5,手机性价比超高续航一天没问题推荐购买,2026-09-10 22:11:14,否,,2,23,感谢您的认可欢迎下次光临,2026-09-11 02:11:14
R202609003153,O202609002274,U10057,P10013,4,保温效果很好外观也漂亮物流很快,2026-09-07 20:42:55,否,,0,48,感谢您的理解祝您生活愉快,2026-09-07 22:42:55
R202609003154,O202609009508,U10325,P10005,1,鞋子偏小一码穿了半天脚疼,2026-09-13 07:21:23,否,,3,44,感谢您的认可欢迎下次光临,2026-09-13 08:21:23
R202609003155,O202609001012,U10319,P10004,5,绘本内容不错孩子很喜欢,2026-09-10 04:37:57,否,,3,45,感谢您的理解祝您生活愉快,2026-09-10 05:37:57
R202609003156,O202609000363,U10310,P10001,2,客服态度恶劣不理人,2026-09-09 04:45:53,是,追评：质量比预期好,3,7,非常抱歉给您带来不好的体验我们会改进,2026-09-09 07:45:53
R202609003157,O202609007244,U10488,P10013,5,手机性价比超高续航一天没问题推荐购买,2026-09-05 02:45:59,否,,3,19,非常抱歉给您带来不好的体验我们会改进,2026-09-05 03:45:59
R202609003158,O202609000243,U10050,P10008,4,颜色正没有色差穿着舒服,2026-09-10 18:46:13,是,追评：发现了一些问题希望改进,3,2,感谢您的认可欢迎下次光临,2026-09-10 23:46:13
R202609003159,O202609009446,U10269,P10012,4,保温效果很好外观也漂亮物流很快,2026-09-05 16:16:42,否,,1,0,,
R202609003160,O202609000031,U10104,P10018,5,质量很好做工精细值得购买,2026-09-08 16:52:18,否,,2,27,,
R202609003161,O202609006876,U10346,P10004,5,绘本内容不错孩子很喜欢,2026-09-05 00:45:29,是,追评：质量比预期好,2,17,感谢您的认可欢迎下次光临,2026-09-05 03:45:29
R202609003162,O202609002537,U10222,P10017,4,客服态度好有问必答点赞,2026-09-06 21:52:42,否,,3,21,感谢您的理解祝您生活愉快,2026-09-07 00:52:42
R202609003163,O202609001011,U10493,P10016,2,客服态度恶劣不理人,2026-09-08 09:52:33,否,,0,6,感谢您的认可欢迎下次光临,2026-09-08 12:52:33
R202609003164,O202609007004,U10066,P10020,5,颜色正没有色差穿着舒服,2026-09-10 23:52:33,否,,3,20,,
R202609003165,O202609004988,U10266,P10011,4,保温效果很好外观也漂亮物流很快,2026-09-13 02:23:47,是,追评：发现了一些问题希望改进,1,13,,
R202609003166,O202609001909,U10452,P10004,5,价格实惠比实体店便宜很多,2026-09-13 04:53:19,否,,2,35,,
R202609003167,O202609006303,U10432,P10017,1,跟描述完全不符要求退货,2026-09-08 14:00:28,否,,1,41,感谢您的认可欢迎下次光临,2026-09-08 16:00:28
R202609003168,O202609003479,U10130,P10015,5,手机性价比超高续航一天没问题推荐购买,2026-09-10 03:19:40,否,,0,38,感谢您的理解祝您生活愉快,2026-09-10 05:19:40
R202609003169,O202609002409,U10221,P10016,1,客服态度恶劣不理人,2026-09-09 08:22:12,是,追评：发现了一些问题希望改进,0,31,感谢您的理解祝您生活愉快,2026-09-09 12:22:12
R202609003170,O202609005728,U10121,P10014,5,质量很好做工精细值得购买,2026-09-14 03:45:50,否,,1,12,感谢您的理解祝您生活愉快,2026-09-14 04:45:50
R202609003171,O202609003130,U10246,P10009,3,包装有点简陋东西没问题,2026-09-10 15:54:27,是,追评：质量比预期好,3,32,非常抱歉给您带来不好的体验我们会改进,2026-09-10 17:54:27
R202609003172,O202609009697,U10491,P10009,5,客服态度好有问必答点赞,2026-09-09 21:52:44,否,,3,47,感谢您的理解祝您生活愉快,2026-09-09 23:52:44
R202609003173,O202609008421,U10255,P10010,5,物流超快第二天就到了包装完好,2026-09-13 22:34:25,是,售后处理很快满意,1,30,感谢您的理解祝您生活愉快,2026-09-13 23:34:25
R202609003174,O202609007002,U10230,P10012,3,包装有点简陋东西没问题,2026-09-13 12:11:09,否,,1,38,感谢您的认可欢迎下次光临,2026-09-13 13:11:09
R202609003175,O202609006010,U10448,P10014,2,客服态度恶劣不理人,2026-09-10 22:51:37,否,,0,13,,
R202609003176,O202609007059,U10019,P10018,3,东西还行就是发货慢了点,2026-09-12 07:29:24,是,追评：质量比预期好,0,8,,
R202609003177,O202609006694,U10230,P10018,5,保温效果很好外观也漂亮物流很快,2026-09-11 10:04:52,否,,2,25,感谢您的理解祝您生活愉快,2026-09-11 14:04:52
R202609003178,O202609006835,U10346,P10011,3,质量凑合对得起这个价格,2026-09-12 15:25:47,否,,2,48,,
R202609003179,O202609009325,U10206,P10019,4,手机性价比超高续航一天没问题推荐购买,2026-09-08 21:52:42,否,,0,25,,
R202609003180,O202609009310,U10154,P10005,4,物流超快第二天就到了包装完好,2026-09-13 20:51:43,是,追评：质量比预期好,3,11,非常抱歉给您带来不好的体验我们会改进,2026-09-13 21:51:43
R202609003181,O202609006476,U10162,P10016,5,质量很好做工精细值得购买,2026-09-12 16:30:21,否,,3,7,感谢您的理解祝您生活愉快,2026-09-12 21:30:21
R202609003182,O202609002217,U10249,P10006,4,价格实惠比实体店便宜很多,2026-09-07 15:06:50,否,,2,10,感谢您的认可欢迎下次光临,2026-09-07 18:06:50
R202609003183,O202609001359,U10016,P10010,1,客服态度恶劣不理人,2026-09-13 08:54:19,否,,0,34,感谢您的认可欢迎下次光临,2026-09-13 13:54:19
R202609003184,O202609009241,U10025,P10018,1,物流慢得要死等了一周,2026-09-09 14:53:18,否,,0,26,,
R202609003185,O202609000577,U10068,P10010,5,物流超快第二天就到了包装完好,2026-09-09 05:12:49,否,,3,7,,
R202609003186,O202609008588,U10082,P10003,4,保温效果很好外观也漂亮物流很快,2026-09-08 10:44:08,否,,0,46,感谢您的理解祝您生活愉快,2026-09-08 12:44:08
R202609003187,O202609003543,U10451,P10015,5,客服态度好有问必答点赞,2026-09-14 10:50:09,否,,0,26,,
R202609003188,O202609001965,U10413,P10015,4,手机性价比超高续航一天没问题推荐购买,2026-09-07 16:21:31,否,,0,23,,
R202609003189,O202609000665,U10145,P10020,4,颜色正没有色差穿着舒服,2026-09-10 17:39:27,否,,2,4,,
R202609003190,O202609005439,U10283,P10005,4,价格实惠比实体店便宜很多,2026-09-07 13:28:06,否,,0,45,,
R202609003191,O202609005626,U10381,P10017,5,物流超快第二天就到了包装完好,2026-09-13 02:20:45,否,,2,33,非常抱歉给您带来不好的体验我们会改进,2026-09-13 07:20:45
R202609003192,O202609000899,U10408,P10012,4,颜色正没有色差穿着舒服,2026-09-13 02:59:21,否,,3,8,感谢您的认可欢迎下次光临,2026-09-13 04:59:21
R202609003193,O202609001696,U10248,P10010,4,绘本内容不错孩子很喜欢,2026-09-14 20:01:36,否,,1,26,非常抱歉给您带来不好的体验我们会改进,2026-09-14 23:01:36
R202609003194,O202609005514,U10157,P10013,4,保温效果很好外观也漂亮物流很快,2026-09-12 03:55:10,否,,0,25,已收到您的反馈我们会尽快处理,2026-09-12 08:55:10
R202609003195,O202609006387,U10195,P10012,5,绘本内容不错孩子很喜欢,2026-09-08 04:38:25,是,追评：发现了一些问题希望改进,0,25,感谢您的理解祝您生活愉快,2026-09-08 07:38:25
R202609003196,O202609008938,U10186,P10010,4,绘本内容不错孩子很喜欢,2026-09-05 12:54:09,否,,0,32,非常抱歉给您带来不好的体验我们会改进,2026-09-05 14:54:09
R202609003197,O202609007684,U10489,P10008,5,客服态度好有问必答点赞,2026-09-12 10:11:41,是,追评：质量比预期好,0,9,非常抱歉给您带来不好的体验我们会改进,2026-09-12 12:11:41
R202609003198,O202609009649,U10163,P10007,5,质量很好做工精细值得购买,2026-09-10 04:21:45,否,,0,20,感谢您的理解祝您生活愉快,2026-09-10 07:21:45
R202609003199,O202609007459,U10274,P10002,5,绘本内容不错孩子很喜欢,2026-09-13 20:08:58,否,,0,4,,
R202609003200,O202609005874,U10124,P10014,5,价格实惠比实体店便宜很多,2026-09-14 21:45:00,是,用了一段时间来追评确实不错,0,31,,
R202609003201,O202609002839,U10423,P10001,4,客服态度好有问必答点赞,2026-09-06 08:02:19,否,,1,34,,
R202609003202,O202609006378,U10260,P10013,4,手机性价比超高续航一天没问题推荐购买,2026-09-08 03:56:34,是,售后处理很快满意,2,45,非常抱歉给您带来不好的体验我们会改进,2026-09-08 05:56:34
R202609003203,O202609004322,U10119,P10010,5,颜色正没有色差穿着舒服,2026-09-12 20:18:22,否,,2,35,非常抱歉给您带来不好的体验我们会改进,2026-09-13 00:18:22
R202609003204,O202609007779,U10471,P10010,4,质量很好做工精细值得购买,2026-09-09 07:27:13,否,,3,26,已收到您的反馈我们会尽快处理,2026-09-09 12:27:13
R202609003205,O202609003176,U10188,P10011,4,保温效果很好外观也漂亮物流很快,2026-09-06 04:54:56,否,,1,14,,
R202609003206,O202609004403,U10480,P10007,4,客服态度好有问必答点赞,2026-09-13 02:06:45,否,,1,12,已收到您的反馈我们会尽快处理,2026-09-13 07:06:45
R202609003207,O202609003024,U10310,P10020,3,包装有点简陋东西没问题,2026-09-05 05:31:02,否,,0,11,已收到您的反馈我们会尽快处理,2026-09-05 06:31:02
R202609003208,O202609007223,U10421,P10001,4,质量很好做工精细值得购买,2026-09-05 16:23:33,否,,3,6,感谢您的认可欢迎下次光临,2026-09-05 19:23:33
R202609003209,O202609009666,U10066,P10016,1,鞋子偏小一码穿了半天脚疼,2026-09-12 16:52:44,否,,2,19,,
R202609003210,O202609000661,U10229,P10015,4,客服态度好有问必答点赞,2026-09-09 17:08:21,否,,1,41,感谢您的理解祝您生活愉快,2026-09-09 20:08:21
R202609003211,O202609008407,U10192,P10017,4,保温效果很好外观也漂亮物流很快,2026-09-06 02:51:35,否,,0,41,非常抱歉给您带来不好的体验我们会改进,2026-09-06 04:51:35
R202609003212,O202609000743,U10358,P10006,4,质量很好做工精细值得购买,2026-09-14 04:33:52,否,,1,33,已收到您的反馈我们会尽快处理,2026-09-14 07:33:52
R202609003213,O202609005581,U10313,P10016,5,客服态度好有问必答点赞,2026-09-09 18:52:23,是,用了一段时间来追评确实不错,3,19,已收到您的反馈我们会尽快处理,2026-09-09 20:52:23
R202609003214,O202609004015,U10048,P10020,5,物流超快第二天就到了包装完好,2026-09-07 18:03:31,否,,2,42,非常抱歉给您带来不好的体验我们会改进,2026-09-07 22:03:31
R202609003215,O202609001189,U10464,P10020,5,绘本内容不错孩子很喜欢,2026-09-10 22:17:18,否,,0,25,感谢您的认可欢迎下次光临,2026-09-11 01:17:18
R202609003216,O202609006858,U10314,P10008,4,颜色正没有色差穿着舒服,2026-09-10 20:18:32,是,用了一段时间来追评确实不错,0,15,,
R202609003217,O202609002894,U10092,P10003,3,东西还行就是发货慢了点,2026-09-06 22:39:42,是,追评：发现了一些问题希望改进,0,19,,
R202609003218,O202609006163,U10021,P10014,4,物流超快第二天就到了包装完好,2026-09-14 05:08:01,是,用了一段时间来追评确实不错,1,49,,
R202609003219,O202609008370,U10231,P10002,5,手机性价比超高续航一天没问题推荐购买,2026-09-12 22:45:54,是,售后处理很快满意,1,2,感谢您的认可欢迎下次光临,2026-09-13 00:45:54
R202609003220,O202609007278,U10445,P10017,3,一般般吧没有想象中好,2026-09-07 10:50:01,否,,2,9,,
R202609003221,O202609007694,U10207,P10017,4,质量很好做工精细值得购买,2026-09-13 03:40:56,否,,0,1,已收到您的反馈我们会尽快处理,2026-09-13 05:40:56
R202609003222,O202609009538,U10226,P10017,5,手机性价比超高续航一天没问题推荐购买,2026-09-10 23:02:26,否,,1,42,,
R202609003223,O202609000302,U10303,P10018,1,物流慢得要死等了一周,2026-09-13 01:23:12,否,,3,41,非常抱歉给您带来不好的体验我们会改进,2026-09-13 02:23:12
R202609003224,O202609002325,U10441,P10008,4,客服态度好有问必答点赞,2026-09-06 09:40:31,否,,3,46,感谢您的认可欢迎下次光临,2026-09-06 13:40:31
R202609003225,O202609001733,U10455,P10001,3,包装有点简陋东西没问题,2026-09-07 22:03:16,否,,3,38,感谢您的理解祝您生活愉快,2026-09-08 01:03:16
R202609003226,O202609005372,U10045,P10017,4,价格实惠比实体店便宜很多,2026-09-10 14:36:24,是,追评：质量比预期好,0,28,已收到您的反馈我们会尽快处理,2026-09-10 17:36:24
R202609003227,O202609009799,U10213,P10018,5,手机性价比超高续航一天没问题推荐购买,2026-09-09 03:38:36,否,,3,24,已收到您的反馈我们会尽快处理,2026-09-09 05:38:36
R202609003228,O202609002322,U10291,P10012,1,物流慢得要死等了一周,2026-09-12 01:43:11,否,,3,28,非常抱歉给您带来不好的体验我们会改进,2026-09-12 02:43:11
R202609003229,O202609001947,U10433,P10001,5,颜色正没有色差穿着舒服,2026-09-05 22:23:07,是,用了一段时间来追评确实不错,1,17,已收到您的反馈我们会尽快处理,2026-09-06 00:23:07
R202609003230,O202609003032,U10424,P10001,1,鞋子偏小一码穿了半天脚疼,2026-09-10 13:41:58,否,,1,23,,
R202609003231,O202609004179,U10488,P10015,4,颜色正没有色差穿着舒服,2026-09-14 04:49:23,否,,2,39,感谢您的认可欢迎下次光临,2026-09-14 06:49:23
R202609003232,O202609003003,U10015,P10005,3,质量凑合对得起这个价格,2026-09-07 15:45:57,否,,3,44,已收到您的反馈我们会尽快处理,2026-09-07 16:45:57
R202609003233,O202609002831,U10111,P10008,4,手机性价比超高续航一天没问题推荐购买,2026-09-07 00:21:56,否,,0,24,已收到您的反馈我们会尽快处理,2026-09-07 01:21:56
R202609003234,O202609007034,U10097,P10019,3,包装有点简陋东西没问题,2026-09-05 01:36:38,是,售后处理很快满意,0,6,,
R202609003235,O202609002435,U10008,P10012,5,客服态度好有问必答点赞,2026-09-05 22:27:13,否,,0,15,,
R202609003236,O202609009137,U10443,P10018,2,鞋子偏小一码穿了半天脚疼,2026-09-10 20:40:26,是,用了一段时间来追评确实不错,0,49,感谢您的认可欢迎下次光临,2026-09-11 01:40:26
R202609003237,O202609009185,U10199,P10016,3,质量凑合对得起这个价格,2026-09-12 04:11:02,是,追评：发现了一些问题希望改进,2,39,非常抱歉给您带来不好的体验我们会改进,2026-09-12 09:11:02
R202609003238,O202609003089,U10303,P10010,4,手机性价比超高续航一天没问题推荐购买,2026-09-13 17:20:50,是,售后处理很快满意,1,23,感谢您的认可欢迎下次光临,2026-09-13 18:20:50
R202609003239,O202609007899,U10294,P10014,4,价格实惠比实体店便宜很多,2026-09-14 12:01:37,是,用了一段时间来追评确实不错,2,3,感谢您的认可欢迎下次光临,2026-09-14 16:01:37
R202609003240,O202609005128,U10009,P10002,4,质量很好做工精细值得购买,2026-09-11 22:02:36,是,追评：发现了一些问题希望改进,1,7,已收到您的反馈我们会尽快处理,2026-09-12 01:02:36
R202609003241,O202609003366,U10067,P10004,4,客服态度好有问必答点赞,2026-09-11 15:11:18,是,追评：质量比预期好,1,46,已收到您的反馈我们会尽快处理,2026-09-11 19:11:18
R202609003242,O202609005287,U10013,P10004,4,颜色正没有色差穿着舒服,2026-09-08 16:37:49,否,,0,50,感谢您的理解祝您生活愉快,2026-09-08 20:37:49
R202609003243,O202609000484,U10213,P10015,4,客服态度好有问必答点赞,2026-09-14 13:40:47,是,售后处理很快满意,1,50,,
R202609003244,O202609002992,U10359,P10007,3,质量凑合对得起这个价格,2026-09-09 01:48:55,是,追评：发现了一些问题希望改进,1,24,,
R202609003245,O202609003499,U10490,P10015,4,价格实惠比实体店便宜很多,2026-09-12 06:24:23,否,,2,42,感谢您的认可欢迎下次光临,2026-09-12 10:24:23
R202609003246,O202609005679,U10369,P10003,5,客服态度好有问必答点赞,2026-09-12 06:35:17,否,,3,2,,
R202609003247,O202609006802,U10020,P10004,4,绘本内容不错孩子很喜欢,2026-09-05 15:04:03,是,用了一段时间来追评确实不错,1,5,,
R202609003248,O202609001654,U10067,P10004,1,跟描述完全不符要求退货,2026-09-11 17:28:43,是,追评：质量比预期好,0,30,感谢您的理解祝您生活愉快,2026-09-11 18:28:43
R202609003249,O202609000030,U10086,P10004,4,颜色正没有色差穿着舒服,2026-09-09 19:21:24,否,,1,7,感谢您的认可欢迎下次光临,2026-09-09 22:21:24
R202609003250,O202609000833,U10323,P10002,5,绘本内容不错孩子很喜欢,2026-09-07 23:28:33,否,,3,40,非常抱歉给您带来不好的体验我们会改进,2026-09-08 02:28:33
R202609003251,O202609004566,U10217,P10018,4,手机性价比超高续航一天没问题推荐购买,2026-09-09 01:11:33,否,,2,30,感谢您的认可欢迎下次光临,2026-09-09 05:11:33
R202609003252,O202609008499,U10100,P10002,4,价格实惠比实体店便宜很多,2026-09-14 13:51:50,否,,0,27,非常抱歉给您带来不好的体验我们会改进,2026-09-14 14:51:50
R202609003253,O202609005952,U10051,P10016,3,一般般吧没有想象中好,2026-09-10 11:07:45,否,,0,49,感谢您的理解祝您生活愉快,2026-09-10 13:07:45
R202609003254,O202609004496,U10466,P10011,5,手机性价比超高续航一天没问题推荐购买,2026-09-11 10:57:19,是,追评：发现了一些问题希望改进,3,19,感谢您的理解祝您生活愉快,2026-09-11 13:57:19
R202609003255,O202609006748,U10062,P10011,5,颜色正没有色差穿着舒服,2026-09-05 08:04:02,否,,0,4,,
R202609003256,O202609003954,U10009,P10011,5,物流超快第二天就到了包装完好,2026-09-06 06:36:31,否,,1,19,,
R202609003257,O202609004181,U10480,P10020,1,鞋子偏小一码穿了半天脚疼,2026-09-12 17:27:55,否,,1,29,,
R202609003258,O202609005552,U10053,P10018,2,收到货发现有瑕疵要求换货,2026-09-10 09:40:59,否,,0,26,非常抱歉给您带来不好的体验我们会改进,2026-09-10 14:40:59
R202609003259,O202609004686,U10432,P10002,4,保温效果很好外观也漂亮物流很快,2026-09-06 10:01:19,否,,0,4,非常抱歉给您带来不好的体验我们会改进,2026-09-06 12:01:19
R202609003260,O202609007698,U10392,P10002,5,手机性价比超高续航一天没问题推荐购买,2026-09-14 02:06:10,否,,2,27,感谢您的理解祝您生活愉快,2026-09-14 06:06:10
R202609003261,O202609002091,U10244,P10003,5,价格实惠比实体店便宜很多,2026-09-11 13:25:53,否,,0,30,非常抱歉给您带来不好的体验我们会改进,2026-09-11 15:25:53
R202609003262,O202609001199,U10299,P10003,4,颜色正没有色差穿着舒服,2026-09-08 15:13:11,否,,1,34,,
R202609003263,O202609002938,U10080,P10018,4,绘本内容不错孩子很喜欢,2026-09-11 05:49:48,否,,3,12,感谢您的理解祝您生活愉快,2026-09-11 09:49:48
R202609003264,O202609006278,U10434,P10010,4,保温效果很好外观也漂亮物流很快,2026-09-08 03:33:24,否,,2,28,,
R202609003265,O202609003065,U10055,P10002,4,价格实惠比实体店便宜很多,2026-09-07 10:34:36,否,,3,24,非常抱歉给您带来不好的体验我们会改进,2026-09-07 11:34:36
R202609003266,O202609002343,U10304,P10010,5,客服态度好有问必答点赞,2026-09-05 10:38:47,否,,1,5,感谢您的理解祝您生活愉快,2026-09-05 11:38:47
R202609003267,O202609005322,U10043,P10006,4,物流超快第二天就到了包装完好,2026-09-10 14:31:48,否,,3,17,已收到您的反馈我们会尽快处理,2026-09-10 18:31:48
R202609003268,O202609000971,U10462,P10007,5,手机性价比超高续航一天没问题推荐购买,2026-09-14 19:10:20,否,,0,30,非常抱歉给您带来不好的体验我们会改进,2026-09-15 00:10:20
R202609003269,O202609005659,U10066,P10010,5,物流超快第二天就到了包装完好,2026-09-10 16:35:33,否,,3,9,,
R202609003270,O202609007165,U10084,P10001,4,客服态度好有问必答点赞,2026-09-09 18:09:04,是,追评：发现了一些问题希望改进,0,42,感谢您的认可欢迎下次光临,2026-09-09 20:09:04
R202609003271,O202609002739,U10283,P10014,3,质量凑合对得起这个价格,2026-09-09 16:02:28,否,,0,39,,
R202609003272,O202609003843,U10443,P10006,4,绘本内容不错孩子很喜欢,2026-09-09 14:51:56,否,,1,32,感谢您的理解祝您生活愉快,2026-09-09 16:51:56
R202609003273,O202609004975,U10128,P10011,1,客服态度恶劣不理人,2026-09-05 09:26:56,否,,3,3,已收到您的反馈我们会尽快处理,2026-09-05 14:26:56
R202609003274,O202609003476,U10492,P10013,4,绘本内容不错孩子很喜欢,2026-09-06 18:43:02,否,,3,35,,
R202609003275,O202609009442,U10304,P10019,4,价格实惠比实体店便宜很多,2026-09-08 05:12:21,是,追评：发现了一些问题希望改进,0,14,,
R202609003276,O202609001074,U10161,P10002,5,颜色正没有色差穿着舒服,2026-09-05 09:48:57,是,售后处理很快满意,0,32,,
R202609003277,O202609006591,U10209,P10013,1,客服态度恶劣不理人,2026-09-07 02:54:46,是,售后处理很快满意,2,32,感谢您的认可欢迎下次光临,2026-09-07 06:54:46
R202609003278,O202609001606,U10156,P10015,3,质量凑合对得起这个价格,2026-09-14 16:49:29,否,,1,4,,
R202609003279,O202609005868,U10146,P10012,4,绘本内容不错孩子很喜欢,2026-09-05 03:14:55,是,用了一段时间来追评确实不错,2,29,,
R202609003280,O202609007993,U10155,P10008,5,手机性价比超高续航一天没问题推荐购买,2026-09-12 00:36:28,否,,0,35,已收到您的反馈我们会尽快处理,2026-09-12 01:36:28
R202609003281,O202609006695,U10101,P10019,5,绘本内容不错孩子很喜欢,2026-09-12 11:00:55,否,,3,24,,
R202609003282,O202609003198,U10354,P10011,4,颜色正没有色差穿着舒服,2026-09-11 21:35:10,否,,3,21,感谢您的认可欢迎下次光临,2026-09-12 02:35:10
R202609003283,O202609004012,U10334,P10012,2,物流慢得要死等了一周,2026-09-10 16:23:11,是,追评：发现了一些问题希望改进,0,11,感谢您的认可欢迎下次光临,2026-09-10 21:23:11
R202609003284,O202609000084,U10478,P10015,2,客服态度恶劣不理人,2026-09-09 06:00:13,否,,1,14,,
R202609003285,O202609004995,U10153,P10017,4,质量很好做工精细值得购买,2026-09-10 13:47:32,否,,0,22,非常抱歉给您带来不好的体验我们会改进,2026-09-10 14:47:32
R202609003286,O202609008623,U10258,P10007,2,用了两天就坏了质量太差,2026-09-06 02:14:07,否,,3,44,感谢您的理解祝您生活愉快,2026-09-06 06:14:07
R202609003287,O202609009109,U10150,P10001,4,手机性价比超高续航一天没问题推荐购买,2026-09-09 04:13:43,否,,1,14,非常抱歉给您带来不好的体验我们会改进,2026-09-09 06:13:43
R202609003288,O202609009442,U10440,P10016,4,绘本内容不错孩子很喜欢,2026-09-13 21:10:50,否,,3,40,已收到您的反馈我们会尽快处理,2026-09-14 02:10:50
R202609003289,O202609001240,U10059,P10003,5,客服态度好有问必答点赞,2026-09-07 23:30:30,否,,0,21,感谢您的认可欢迎下次光临,2026-09-08 04:30:30
R202609003290,O202609008884,U10166,P10012,1,用了两天就坏了质量太差,2026-09-07 06:20:40,否,,0,22,,
R202609003291,O202609000341,U10041,P10005,4,手机性价比超高续航一天没问题推荐购买,2026-09-08 23:53:57,否,,0,32,已收到您的反馈我们会尽快处理,2026-09-09 04:53:57
R202609003292,O202609002542,U10317,P10010,5,价格实惠比实体店便宜很多,2026-09-08 16:31:57,是,追评：质量比预期好,3,21,已收到您的反馈我们会尽快处理,2026-09-08 19:31:57
R202609003293,O202609006189,U10144,P10015,5,颜色正没有色差穿着舒服,2026-09-11 11:16:18,否,,1,7,感谢您的认可欢迎下次光临,2026-09-11 13:16:18
R202609003294,O202609002457,U10112,P10015,5,颜色正没有色差穿着舒服,2026-09-14 15:16:19,否,,2,13,,
R202609003295,O202609001709,U10232,P10012,4,保温效果很好外观也漂亮物流很快,2026-09-06 11:09:12,否,,1,26,非常抱歉给您带来不好的体验我们会改进,2026-09-06 14:09:12
R202609003296,O202609007263,U10383,P10005,3,东西还行就是发货慢了点,2026-09-11 15:52:28,否,,2,27,,
R202609003297,O202609007603,U10246,P10005,5,质量很好做工精细值得购买,2026-09-13 08:14:43,否,,0,27,感谢您的认可欢迎下次光临,2026-09-13 09:14:43
R202609003298,O202609009966,U10120,P10005,1,收到货发现有瑕疵要求换货,2026-09-14 04:28:51,否,,0,14,非常抱歉给您带来不好的体验我们会改进,2026-09-14 09:28:51
R202609003299,O202609008810,U10448,P10010,5,质量很好做工精细值得购买,2026-09-13 02:00:06,否,,3,15,非常抱歉给您带来不好的体验我们会改进,2026-09-13 05:00:06
R202609003300,O202609007468,U10490,P10013,5,物流超快第二天就到了包装完好,2026-09-07 06:16:07,否,,0,47,,
R202609003301,O202609009272,U10430,P10017,5,保温效果很好外观也漂亮物流很快,2026-09-06 11:14:52,是,用了一段时间来追评确实不错,0,9,感谢您的理解祝您生活愉快,2026-09-06 16:14:52
R202609003302,O202609003438,U10296,P10019,4,手机性价比超高续航一天没问题推荐购买,2026-09-05 21:05:02,否,,1,34,感谢您的理解祝您生活愉快,2026-09-05 23:05:02
R202609003303,O202609007404,U10158,P10003,4,价格实惠比实体店便宜很多,2026-09-09 23:13:15,否,,3,43,感谢您的认可欢迎下次光临,2026-09-10 02:13:15
R202609003304,O202609003349,U10043,P10004,4,手机性价比超高续航一天没问题推荐购买,2026-09-14 21:40:17,否,,2,42,,
R202609003305,O202609003539,U10290,P10002,4,客服态度好有问必答点赞,2026-09-13 08:28:45,否,,2,39,,
R202609003306,O202609007819,U10155,P10016,4,物流超快第二天就到了包装完好,2026-09-08 11:25:21,否,,3,17,感谢您的理解祝您生活愉快,2026-09-08 12:25:21
R202609003307,O202609009399,U10425,P10019,3,东西还行就是发货慢了点,2026-09-05 14:48:26,否,,0,19,非常抱歉给您带来不好的体验我们会改进,2026-09-05 18:48:26
R202609003308,O202609007588,U10088,P10009,2,用了两天就坏了质量太差,2026-09-06 21:55:14,否,,2,10,已收到您的反馈我们会尽快处理,2026-09-07 01:55:14
R202609003309,O202609005403,U10324,P10013,4,绘本内容不错孩子很喜欢,2026-09-06 05:15:44,是,追评：发现了一些问题希望改进,0,27,,
R202609003310,O202609004169,U10320,P10006,5,价格实惠比实体店便宜很多,2026-09-08 03:34:43,否,,3,24,,
R202609003311,O202609002841,U10424,P10002,4,价格实惠比实体店便宜很多,2026-09-10 19:44:19,否,,2,41,,
R202609003312,O202609003834,U10145,P10002,5,质量很好做工精细值得购买,2026-09-10 22:08:45,否,,1,3,感谢您的认可欢迎下次光临,2026-09-11 02:08:45
R202609003313,O202609001039,U10379,P10017,4,质量很好做工精细值得购买,2026-09-07 22:50:37,否,,0,22,已收到您的反馈我们会尽快处理,2026-09-08 01:50:37
R202609003314,O202609005917,U10111,P10002,5,颜色正没有色差穿着舒服,2026-09-07 21:02:14,否,,3,46,感谢您的认可欢迎下次光临,2026-09-07 22:02:14
R202609003315,O202609005528,U10124,P10003,5,客服态度好有问必答点赞,2026-09-13 08:22:51,否,,2,32,感谢您的认可欢迎下次光临,2026-09-13 09:22:51
R202609003316,O202609002859,U10050,P10005,1,物流慢得要死等了一周,2026-09-11 18:38:59,是,追评：质量比预期好,3,25,感谢您的理解祝您生活愉快,2026-09-11 21:38:59
R202609003317,O202609005926,U10269,P10013,5,价格实惠比实体店便宜很多,2026-09-06 09:14:38,否,,2,42,,
R202609003318,O202609004864,U10203,P10016,4,保温效果很好外观也漂亮物流很快,2026-09-12 18:20:46,否,,0,27,,
R202609003319,O202609003741,U10391,P10012,4,绘本内容不错孩子很喜欢,2026-09-11 23:04:24,否,,2,42,感谢您的理解祝您生活愉快,2026-09-12 01:04:24
R202609003320,O202609000865,U10313,P10004,4,物流超快第二天就到了包装完好,2026-09-11 15:46:11,否,,2,8,,
R202609003321,O202609008049,U10262,P10011,4,客服态度好有问必答点赞,2026-09-05 14:28:57,否,,0,29,感谢您的理解祝您生活愉快,2026-09-05 18:28:57
R202609003322,O202609006431,U10378,P10003,4,价格实惠比实体店便宜很多,2026-09-07 18:36:52,否,,3,42,感谢您的认可欢迎下次光临,2026-09-07 22:36:52
R202609003323,O202609004635,U10089,P10007,4,绘本内容不错孩子很喜欢,2026-09-07 13:24:56,否,,0,44,非常抱歉给您带来不好的体验我们会改进,2026-09-07 17:24:56
R202609003324,O202609006193,U10225,P10001,2,跟描述完全不符要求退货,2026-09-10 06:53:01,是,追评：质量比预期好,3,24,,
R202609003325,O202609007998,U10461,P10004,4,保温效果很好外观也漂亮物流很快,2026-09-12 02:48:22,是,售后处理很快满意,2,31,已收到您的反馈我们会尽快处理,2026-09-12 03:48:22
R202609003326,O202609004462,U10081,P10018,3,东西还行就是发货慢了点,2026-09-13 14:21:13,是,追评：发现了一些问题希望改进,1,47,感谢您的认可欢迎下次光临,2026-09-13 17:21:13
R202609003327,O202609000109,U10022,P10008,5,颜色正没有色差穿着舒服,2026-09-11 19:16:02,否,,1,46,已收到您的反馈我们会尽快处理,2026-09-11 23:16:02
R202609003328,O202609003117,U10293,P10012,4,手机性价比超高续航一天没问题推荐购买,2026-09-14 22:29:30,否,,1,12,感谢您的认可欢迎下次光临,2026-09-14 23:29:30
R202609003329,O202609000244,U10432,P10020,5,手机性价比超高续航一天没问题推荐购买,2026-09-14 13:37:40,否,,3,1,感谢您的认可欢迎下次光临,2026-09-14 16:37:40
R202609003330,O202609009070,U10442,P10017,5,物流超快第二天就到了包装完好,2026-09-11 15:50:09,否,,3,20,,
R202609003331,O202609003563,U10238,P10006,4,保温效果很好外观也漂亮物流很快,2026-09-07 19:03:18,否,,0,27,,
R202609003332,O202609000041,U10067,P10005,4,物流超快第二天就到了包装完好,2026-09-07 02:55:23,否,,0,48,,
R202609003333,O202609004790,U10483,P10003,2,跟描述完全不符要求退货,2026-09-13 07:09:21,否,,2,15,,
R202609003334,O202609008048,U10278,P10003,5,绘本内容不错孩子很喜欢,2026-09-09 13:45:22,是,售后处理很快满意,1,24,感谢您的理解祝您生活愉快,2026-09-09 17:45:22
R202609003335,O202609006360,U10250,P10012,2,跟描述完全不符要求退货,2026-09-07 16:17:38,否,,3,11,感谢您的理解祝您生活愉快,2026-09-07 21:17:38
R202609003336,O202609002402,U10143,P10020,3,一般般吧没有想象中好,2026-09-08 18:57:59,否,,0,36,感谢您的理解祝您生活愉快,2026-09-08 19:57:59
R202609003337,O202609002459,U10032,P10008,4,保温效果很好外观也漂亮物流很快,2026-09-12 17:40:45,否,,1,21,已收到您的反馈我们会尽快处理,2026-09-12 18:40:45
R202609003338,O202609002826,U10077,P10006,3,东西还行就是发货慢了点,2026-09-05 04:53:16,否,,1,33,非常抱歉给您带来不好的体验我们会改进,2026-09-05 07:53:16
R202609003339,O202609002654,U10160,P10019,2,跟描述完全不符要求退货,2026-09-10 10:25:23,否,,0,32,感谢您的认可欢迎下次光临,2026-09-10 11:25:23
R202609003340,O202609006143,U10454,P10007,5,价格实惠比实体店便宜很多,2026-09-14 21:50:39,否,,2,1,,
R202609003341,O202609003876,U10033,P10011,3,质量凑合对得起这个价格,2026-09-09 22:44:28,否,,3,49,,
R202609003342,O202609006696,U10319,P10002,4,颜色正没有色差穿着舒服,2026-09-11 15:13:46,是,追评：质量比预期好,2,1,感谢您的理解祝您生活愉快,2026-09-11 17:13:46
R202609003343,O202609000680,U10485,P10005,5,物流超快第二天就到了包装完好,2026-09-07 22:23:18,否,,0,3,感谢您的认可欢迎下次光临,2026-09-08 02:23:18
R202609003344,O202609003412,U10083,P10019,5,价格实惠比实体店便宜很多,2026-09-05 15:41:44,否,,3,10,感谢您的理解祝您生活愉快,2026-09-05 19:41:44
R202609003345,O202609000609,U10368,P10013,3,一般般吧没有想象中好,2026-09-11 13:40:04,否,,1,46,已收到您的反馈我们会尽快处理,2026-09-11 15:40:04
R202609003346,O202609007959,U10263,P10006,5,手机性价比超高续航一天没问题推荐购买,2026-09-13 04:57:21,否,,3,9,,
R202609003347,O202609007928,U10115,P10018,4,保温效果很好外观也漂亮物流很快,2026-09-08 06:38:27,否,,1,28,非常抱歉给您带来不好的体验我们会改进,2026-09-08 11:38:27
R202609003348,O202609005056,U10097,P10019,5,质量很好做工精细值得购买,2026-09-14 01:07:02,否,,3,6,已收到您的反馈我们会尽快处理,2026-09-14 02:07:02
R202609003349,O202609005098,U10335,P10009,4,客服态度好有问必答点赞,2026-09-06 03:09:57,否,,0,4,,
R202609003350,O202609006434,U10319,P10006,4,手机性价比超高续航一天没问题推荐购买,2026-09-14 07:48:09,否,,1,12,感谢您的理解祝您生活愉快,2026-09-14 11:48:09
R202609003351,O202609009822,U10222,P10017,4,手机性价比超高续航一天没问题推荐购买,2026-09-11 02:53:49,否,,0,31,非常抱歉给您带来不好的体验我们会改进,2026-09-11 07:53:49
R202609003352,O202609003993,U10105,P10012,5,价格实惠比实体店便宜很多,2026-09-06 19:19:38,否,,2,32,感谢您的理解祝您生活愉快,2026-09-06 22:19:38
R202609003353,O202609009150,U10319,P10017,4,手机性价比超高续航一天没问题推荐购买,2026-09-07 03:43:53,是,追评：发现了一些问题希望改进,0,36,感谢您的认可欢迎下次光临,2026-09-07 05:43:53
R202609003354,O202609005724,U10106,P10016,3,东西还行就是发货慢了点,2026-09-14 17:24:55,否,,1,1,,
R202609003355,O202609009907,U10411,P10017,5,质量很好做工精细值得购买,2026-09-11 23:23:48,否,,2,43,非常抱歉给您带来不好的体验我们会改进,2026-09-12 04:23:48
R202609003356,O202609002327,U10497,P10002,3,一般般吧没有想象中好,2026-09-05 16:30:43,是,用了一段时间来追评确实不错,1,5,感谢您的认可欢迎下次光临,2026-09-05 19:30:43
R202609003357,O202609009008,U10382,P10018,4,客服态度好有问必答点赞,2026-09-05 07:55:56,是,追评：发现了一些问题希望改进,3,4,,
R202609003358,O202609005632,U10451,P10014,4,手机性价比超高续航一天没问题推荐购买,2026-09-11 20:45:30,否,,0,48,非常抱歉给您带来不好的体验我们会改进,2026-09-11 22:45:30
R202609003359,O202609006696,U10440,P10005,5,客服态度好有问必答点赞,2026-09-08 17:10:19,否,,0,30,感谢您的理解祝您生活愉快,2026-09-08 21:10:19
R202609003360,O202609003457,U10101,P10005,4,绘本内容不错孩子很喜欢,2026-09-14 15:54:31,否,,1,16,感谢您的认可欢迎下次光临,2026-09-14 18:54:31
R202609003361,O202609003481,U10011,P10011,5,价格实惠比实体店便宜很多,2026-09-10 06:53:39,否,,0,24,,
R202609003362,O202609004298,U10263,P10015,3,东西还行就是发货慢了点,2026-09-06 16:51:43,否,,3,27,感谢您的认可欢迎下次光临,2026-09-06 21:51:43
R202609003363,O202609002734,U10305,P10012,1,鞋子偏小一码穿了半天脚疼,2026-09-05 03:49:28,否,,1,16,感谢您的认可欢迎下次光临,2026-09-05 07:49:28
R202609003364,O202609008334,U10170,P10008,4,质量很好做工精细值得购买,2026-09-06 10:51:54,否,,3,30,非常抱歉给您带来不好的体验我们会改进,2026-09-06 11:51:54
R202609003365,O202609002197,U10462,P10004,4,保温效果很好外观也漂亮物流很快,2026-09-07 15:39:05,否,,1,34,感谢您的认可欢迎下次光临,2026-09-07 16:39:05
R202609003366,O202609009756,U10493,P10005,4,质量很好做工精细值得购买,2026-09-09 05:34:30,否,,3,38,,
R202609003367,O202609001281,U10055,P10015,3,包装有点简陋东西没问题,2026-09-14 21:12:47,否,,0,26,感谢您的认可欢迎下次光临,2026-09-15 00:12:47
R202609003368,O202609009554,U10146,P10017,3,质量凑合对得起这个价格,2026-09-13 10:55:16,是,用了一段时间来追评确实不错,1,24,,
R202609003369,O202609002212,U10442,P10004,3,包装有点简陋东西没问题,2026-09-07 21:41:32,否,,2,21,,
R202609003370,O202609003428,U10086,P10010,3,东西还行就是发货慢了点,2026-09-13 17:34:03,否,,3,2,已收到您的反馈我们会尽快处理,2026-09-13 20:34:03
R202609003371,O202609009278,U10491,P10005,3,质量凑合对得起这个价格,2026-09-06 06:09:38,否,,2,5,,
R202609003372,O202609000370,U10324,P10004,5,价格实惠比实体店便宜很多,2026-09-09 12:17:00,否,,2,21,感谢您的认可欢迎下次光临,2026-09-09 15:17:00
R202609003373,O202609006636,U10432,P10016,4,价格实惠比实体店便宜很多,2026-09-10 06:06:10,否,,0,27,,
R202609003374,O202609001129,U10464,P10002,4,价格实惠比实体店便宜很多,2026-09-10 21:35:09,否,,0,30,感谢您的理解祝您生活愉快,2026-09-11 02:35:09
R202609003375,O202609009171,U10275,P10013,4,绘本内容不错孩子很喜欢,2026-09-10 07:45:44,否,,0,27,,
R202609003376,O202609003817,U10273,P10002,4,颜色正没有色差穿着舒服,2026-09-08 23:39:41,否,,1,4,非常抱歉给您带来不好的体验我们会改进,2026-09-09 02:39:41
R202609003377,O202609001618,U10125,P10010,4,手机性价比超高续航一天没问题推荐购买,2026-09-09 03:04:45,否,,2,28,已收到您的反馈我们会尽快处理,2026-09-09 04:04:45
R202609003378,O202609002984,U10160,P10010,2,收到货发现有瑕疵要求换货,2026-09-09 04:18:50,否,,3,8,非常抱歉给您带来不好的体验我们会改进,2026-09-09 09:18:50
R202609003379,O202609002238,U10114,P10009,1,鞋子偏小一码穿了半天脚疼,2026-09-08 15:01:54,否,,2,13,已收到您的反馈我们会尽快处理,2026-09-08 20:01:54
R202609003380,O202609007987,U10438,P10020,1,物流慢得要死等了一周,2026-09-13 19:08:16,否,,0,22,感谢您的认可欢迎下次光临,2026-09-13 23:08:16
R202609003381,O202609009728,U10472,P10020,5,价格实惠比实体店便宜很多,2026-09-06 18:47:18,否,,2,1,,
R202609003382,O202609006022,U10466,P10016,2,用了两天就坏了质量太差,2026-09-14 14:15:07,否,,2,4,,
R202609003383,O202609007608,U10104,P10005,3,东西还行就是发货慢了点,2026-09-05 15:28:09,否,,0,13,非常抱歉给您带来不好的体验我们会改进,2026-09-05 20:28:09
R202609003384,O202609009164,U10317,P10009,4,保温效果很好外观也漂亮物流很快,2026-09-08 06:56:26,否,,2,14,感谢您的认可欢迎下次光临,2026-09-08 09:56:26
R202609003385,O202609006024,U10364,P10002,4,手机性价比超高续航一天没问题推荐购买,2026-09-05 08:49:53,否,,3,12,感谢您的认可欢迎下次光临,2026-09-05 09:49:53
R202609003386,O202609003204,U10108,P10019,5,客服态度好有问必答点赞,2026-09-07 14:44:02,否,,1,29,,
R202609003387,O202609005083,U10300,P10020,4,手机性价比超高续航一天没问题推荐购买,2026-09-11 22:41:56,是,追评：发现了一些问题希望改进,1,0,感谢您的认可欢迎下次光临,2026-09-11 23:41:56
R202609003388,O202609000687,U10105,P10005,5,手机性价比超高续航一天没问题推荐购买,2026-09-11 18:03:47,否,,2,13,已收到您的反馈我们会尽快处理,2026-09-11 19:03:47
R202609003389,O202609001026,U10392,P10008,5,手机性价比超高续航一天没问题推荐购买,2026-09-10 12:40:09,否,,1,6,非常抱歉给您带来不好的体验我们会改进,2026-09-10 16:40:09
R202609003390,O202609001700,U10122,P10004,4,保温效果很好外观也漂亮物流很快,2026-09-13 04:49:19,否,,2,40,已收到您的反馈我们会尽快处理,2026-09-13 05:49:19
R202609003391,O202609008330,U10100,P10012,3,东西还行就是发货慢了点,2026-09-12 10:15:02,否,,1,31,非常抱歉给您带来不好的体验我们会改进,2026-09-12 14:15:02
R202609003392,O202609007027,U10360,P10017,4,客服态度好有问必答点赞,2026-09-05 09:09:24,否,,2,45,感谢您的认可欢迎下次光临,2026-09-05 14:09:24
R202609003393,O202609006699,U10041,P10013,4,质量很好做工精细值得购买,2026-09-05 01:00:18,否,,1,40,已收到您的反馈我们会尽快处理,2026-09-05 04:00:18
R202609003394,O202609005355,U10440,P10005,5,手机性价比超高续航一天没问题推荐购买,2026-09-11 07:55:40,是,售后处理很快满意,2,40,感谢您的理解祝您生活愉快,2026-09-11 11:55:40
R202609003395,O202609007955,U10455,P10005,3,一般般吧没有想象中好,2026-09-09 10:20:05,否,,3,47,非常抱歉给您带来不好的体验我们会改进,2026-09-09 15:20:05
R202609003396,O202609000912,U10489,P10001,4,物流超快第二天就到了包装完好,2026-09-13 20:59:41,否,,1,14,非常抱歉给您带来不好的体验我们会改进,2026-09-14 01:59:41
R202609003397,O202609000962,U10342,P10014,5,颜色正没有色差穿着舒服,2026-09-05 13:21:17,是,追评：质量比预期好,0,9,,
R202609003398,O202609007365,U10475,P10005,1,鞋子偏小一码穿了半天脚疼,2026-09-05 08:43:57,否,,0,32,已收到您的反馈我们会尽快处理,2026-09-05 11:43:57
R202609003399,O202609009997,U10367,P10012,5,质量很好做工精细值得购买,2026-09-10 04:57:13,否,,0,25,,
R202609003400,O202609009111,U10497,P10008,5,客服态度好有问必答点赞,2026-09-13 09:11:28,否,,2,6,已收到您的反馈我们会尽快处理,2026-09-13 10:11:28
R202609003401,O202609006688,U10285,P10019,3,包装有点简陋东西没问题,2026-09-06 09:58:35,否,,1,34,非常抱歉给您带来不好的体验我们会改进,2026-09-06 11:58:35
R202609003402,O202609001672,U10098,P10014,5,价格实惠比实体店便宜很多,2026-09-05 16:58:43,否,,3,31,非常抱歉给您带来不好的体验我们会改进,2026-09-05 18:58:43
R202609003403,O202609009936,U10128,P10019,3,东西还行就是发货慢了点,2026-09-05 04:58:16,否,,0,10,已收到您的反馈我们会尽快处理,2026-09-05 08:58:16
R202609003404,O202609004931,U10345,P10008,5,绘本内容不错孩子很喜欢,2026-09-05 08:26:56,否,,0,3,已收到您的反馈我们会尽快处理,2026-09-05 12:26:56
R202609003405,O202609002610,U10194,P10016,2,收到货发现有瑕疵要求换货,2026-09-08 12:55:23,是,用了一段时间来追评确实不错,1,17,感谢您的认可欢迎下次光临,2026-09-08 17:55:23
R202609003406,O202609005427,U10435,P10016,3,包装有点简陋东西没问题,2026-09-06 03:33:28,否,,3,11,,
R202609003407,O202609008834,U10122,P10005,4,绘本内容不错孩子很喜欢,2026-09-14 11:48:19,否,,1,37,,
R202609003408,O202609009084,U10496,P10006,4,质量很好做工精细值得购买,2026-09-11 23:44:42,否,,3,40,感谢您的认可欢迎下次光临,2026-09-12 03:44:42
R202609003409,O202609002066,U10157,P10007,4,客服态度好有问必答点赞,2026-09-11 08:19:40,是,用了一段时间来追评确实不错,1,39,非常抱歉给您带来不好的体验我们会改进,2026-09-11 12:19:40
R202609003410,O202609005996,U10213,P10007,4,价格实惠比实体店便宜很多,2026-09-11 13:56:28,否,,0,17,,
R202609003411,O202609003721,U10027,P10020,5,绘本内容不错孩子很喜欢,2026-09-12 06:57:27,是,追评：发现了一些问题希望改进,1,26,,
R202609003412,O202609004336,U10498,P10015,5,绘本内容不错孩子很喜欢,2026-09-14 01:58:38,否,,0,49,,
R202609003413,O202609000198,U10244,P10012,5,保温效果很好外观也漂亮物流很快,2026-09-07 20:04:19,否,,1,19,感谢您的认可欢迎下次光临,2026-09-07 23:04:19
R202609003414,O202609002403,U10115,P10004,5,客服态度好有问必答点赞,2026-09-08 23:07:00,否,,2,22,感谢您的认可欢迎下次光临,2026-09-09 02:07:00
R202609003415,O202609004043,U10108,P10017,4,客服态度好有问必答点赞,2026-09-05 04:54:02,否,,3,12,已收到您的反馈我们会尽快处理,2026-09-05 06:54:02
R202609003416,O202609001812,U10321,P10005,5,客服态度好有问必答点赞,2026-09-07 19:27:48,是,售后处理很快满意,2,6,,
R202609003417,O202609000629,U10018,P10003,5,价格实惠比实体店便宜很多,2026-09-06 18:24:24,否,,3,1,感谢您的认可欢迎下次光临,2026-09-06 23:24:24
R202609003418,O202609006327,U10439,P10003,5,保温效果很好外观也漂亮物流很快,2026-09-09 13:20:55,否,,3,47,感谢您的理解祝您生活愉快,2026-09-09 15:20:55
R202609003419,O202609004287,U10498,P10011,1,跟描述完全不符要求退货,2026-09-09 06:54:06,否,,1,9,感谢您的认可欢迎下次光临,2026-09-09 10:54:06
R202609003420,O202609002714,U10268,P10012,4,保温效果很好外观也漂亮物流很快,2026-09-06 14:22:43,是,追评：质量比预期好,3,4,感谢您的认可欢迎下次光临,2026-09-06 17:22:43
R202609003421,O202609007119,U10450,P10014,3,包装有点简陋东西没问题,2026-09-11 00:41:23,否,,1,8,已收到您的反馈我们会尽快处理,2026-09-11 01:41:23
R202609003422,O202609005020,U10166,P10013,4,保温效果很好外观也漂亮物流很快,2026-09-11 20:34:37,是,用了一段时间来追评确实不错,2,36,,
R202609003423,O202609009390,U10351,P10009,4,颜色正没有色差穿着舒服,2026-09-13 07:34:36,否,,1,43,,
R202609003424,O202609002580,U10100,P10001,4,手机性价比超高续航一天没问题推荐购买,2026-09-07 04:02:57,否,,2,25,,
R202609003425,O202609000694,U10459,P10008,5,物流超快第二天就到了包装完好,2026-09-14 06:51:21,否,,3,9,非常抱歉给您带来不好的体验我们会改进,2026-09-14 07:51:21
R202609003426,O202609009815,U10433,P10010,4,绘本内容不错孩子很喜欢,2026-09-13 20:56:22,否,,0,32,,
R202609003427,O202609006959,U10492,P10005,2,用了两天就坏了质量太差,2026-09-08 13:49:34,是,用了一段时间来追评确实不错,0,30,非常抱歉给您带来不好的体验我们会改进,2026-09-08 15:49:34
R202609003428,O202609008714,U10368,P10012,5,手机性价比超高续航一天没问题推荐购买,2026-09-07 04:29:14,否,,3,6,感谢您的理解祝您生活愉快,2026-09-07 09:29:14
R202609003429,O202609003907,U10283,P10006,4,价格实惠比实体店便宜很多,2026-09-13 20:55:54,否,,3,1,感谢您的理解祝您生活愉快,2026-09-13 23:55:54
R202609003430,O202609006585,U10012,P10015,2,客服态度恶劣不理人,2026-09-10 08:43:49,否,,3,2,已收到您的反馈我们会尽快处理,2026-09-10 09:43:49
R202609003431,O202609003166,U10452,P10014,1,跟描述完全不符要求退货,2026-09-08 20:27:36,否,,0,47,已收到您的反馈我们会尽快处理,2026-09-09 00:27:36
R202609003432,O202609006348,U10332,P10017,4,质量很好做工精细值得购买,2026-09-13 23:48:16,是,用了一段时间来追评确实不错,3,15,非常抱歉给您带来不好的体验我们会改进,2026-09-14 01:48:16
R202609003433,O202609007368,U10341,P10016,3,质量凑合对得起这个价格,2026-09-12 11:22:02,否,,3,11,感谢您的认可欢迎下次光临,2026-09-12 15:22:02
R202609003434,O202609003464,U10141,P10016,5,价格实惠比实体店便宜很多,2026-09-05 17:00:58,否,,1,24,感谢您的认可欢迎下次光临,2026-09-05 18:00:58
R202609003435,O202609004934,U10446,P10011,4,颜色正没有色差穿着舒服,2026-09-05 08:10:37,否,,0,41,,
R202609003436,O202609009083,U10289,P10005,5,物流超快第二天就到了包装完好,2026-09-12 09:54:49,否,,2,0,非常抱歉给您带来不好的体验我们会改进,2026-09-12 14:54:49
R202609003437,O202609008738,U10191,P10010,4,物流超快第二天就到了包装完好,2026-09-05 07:31:37,否,,3,40,已收到您的反馈我们会尽快处理,2026-09-05 08:31:37
R202609003438,O202609005346,U10146,P10002,5,手机性价比超高续航一天没问题推荐购买,2026-09-10 02:10:31,否,,3,27,感谢您的认可欢迎下次光临,2026-09-10 07:10:31
R202609003439,O202609004130,U10314,P10001,5,保温效果很好外观也漂亮物流很快,2026-09-09 09:08:03,否,,0,39,,
R202609003440,O202609001429,U10437,P10015,5,客服态度好有问必答点赞,2026-09-07 09:30:59,是,追评：质量比预期好,2,15,非常抱歉给您带来不好的体验我们会改进,2026-09-07 10:30:59
R202609003441,O202609000979,U10372,P10008,2,物流慢得要死等了一周,2026-09-05 19:26:38,否,,2,2,已收到您的反馈我们会尽快处理,2026-09-05 23:26:38
R202609003442,O202609001534,U10440,P10020,2,收到货发现有瑕疵要求换货,2026-09-07 20:39:28,否,,2,37,,
R202609003443,O202609001207,U10326,P10008,4,客服态度好有问必答点赞,2026-09-05 10:24:31,是,用了一段时间来追评确实不错,2,35,,
R202609003444,O202609006428,U10417,P10008,2,跟描述完全不符要求退货,2026-09-13 11:44:26,是,售后处理很快满意,1,45,非常抱歉给您带来不好的体验我们会改进,2026-09-13 14:44:26
R202609003445,O202609006670,U10054,P10020,4,颜色正没有色差穿着舒服,2026-09-09 19:12:51,否,,3,20,感谢您的认可欢迎下次光临,2026-09-10 00:12:51
R202609003446,O202609009360,U10472,P10011,5,保温效果很好外观也漂亮物流很快,2026-09-06 00:53:50,否,,3,49,感谢您的认可欢迎下次光临,2026-09-06 03:53:50
R202609003447,O202609000645,U10327,P10002,5,保温效果很好外观也漂亮物流很快,2026-09-09 23:20:03,否,,2,11,感谢您的理解祝您生活愉快,2026-09-10 02:20:03
R202609003448,O202609000039,U10149,P10014,3,东西还行就是发货慢了点,2026-09-11 06:54:16,否,,3,27,感谢您的认可欢迎下次光临,2026-09-11 11:54:16
R202609003449,O202609002496,U10405,P10018,4,价格实惠比实体店便宜很多,2026-09-11 01:16:50,否,,0,23,非常抱歉给您带来不好的体验我们会改进,2026-09-11 06:16:50
R202609003450,O202609003511,U10357,P10009,4,客服态度好有问必答点赞,2026-09-10 19:47:13,是,追评：质量比预期好,0,35,非常抱歉给您带来不好的体验我们会改进,2026-09-10 21:47:13
R202609003451,O202609008189,U10147,P10018,2,鞋子偏小一码穿了半天脚疼,2026-09-07 08:19:22,是,售后处理很快满意,3,31,感谢您的认可欢迎下次光临,2026-09-07 09:19:22
R202609003452,O202609008024,U10441,P10012,4,质量很好做工精细值得购买,2026-09-08 21:00:32,否,,2,47,已收到您的反馈我们会尽快处理,2026-09-09 01:00:32
R202609003453,O202609008034,U10194,P10008,1,鞋子偏小一码穿了半天脚疼,2026-09-06 14:06:34,否,,3,48,非常抱歉给您带来不好的体验我们会改进,2026-09-06 19:06:34
R202609003454,O202609005760,U10098,P10006,5,绘本内容不错孩子很喜欢,2026-09-09 21:52:52,否,,2,41,感谢您的认可欢迎下次光临,2026-09-10 02:52:52
R202609003455,O202609002827,U10046,P10007,5,质量很好做工精细值得购买,2026-09-14 02:17:56,是,追评：发现了一些问题希望改进,1,17,,
R202609003456,O202609007661,U10075,P10011,5,手机性价比超高续航一天没问题推荐购买,2026-09-14 08:19:48,是,用了一段时间来追评确实不错,3,20,,
R202609003457,O202609004168,U10203,P10008,5,颜色正没有色差穿着舒服,2026-09-08 11:16:56,是,追评：发现了一些问题希望改进,3,23,非常抱歉给您带来不好的体验我们会改进,2026-09-08 14:16:56
R202609003458,O202609009011,U10384,P10007,5,价格实惠比实体店便宜很多,2026-09-09 23:36:05,否,,1,25,感谢您的理解祝您生活愉快,2026-09-10 02:36:05
R202609003459,O202609006683,U10215,P10016,5,绘本内容不错孩子很喜欢,2026-09-08 18:42:50,否,,3,25,,
R202609003460,O202609001351,U10415,P10015,5,手机性价比超高续航一天没问题推荐购买,2026-09-08 22:35:34,否,,2,20,已收到您的反馈我们会尽快处理,2026-09-09 01:35:34
R202609003461,O202609003659,U10234,P10009,4,绘本内容不错孩子很喜欢,2026-09-05 12:11:12,否,,3,1,已收到您的反馈我们会尽快处理,2026-09-05 16:11:12
R202609003462,O202609007222,U10057,P10016,5,客服态度好有问必答点赞,2026-09-12 04:32:14,否,,0,39,已收到您的反馈我们会尽快处理,2026-09-12 08:32:14
R202609003463,O202609002186,U10108,P10004,2,物流慢得要死等了一周,2026-09-05 02:03:55,是,追评：发现了一些问题希望改进,1,45,,
R202609003464,O202609007255,U10243,P10013,5,价格实惠比实体店便宜很多,2026-09-12 22:06:31,否,,1,45,感谢您的认可欢迎下次光临,2026-09-13 01:06:31
R202609003465,O202609005045,U10083,P10012,5,质量很好做工精细值得购买,2026-09-14 14:49:44,否,,0,40,,
R202609003466,O202609006035,U10255,P10005,5,价格实惠比实体店便宜很多,2026-09-11 03:00:44,否,,2,27,,
R202609003467,O202609006007,U10103,P10004,2,鞋子偏小一码穿了半天脚疼,2026-09-08 07:56:13,否,,0,6,已收到您的反馈我们会尽快处理,2026-09-08 11:56:13
R202609003468,O202609008509,U10007,P10020,3,质量凑合对得起这个价格,2026-09-11 06:10:12,否,,3,25,感谢您的认可欢迎下次光临,2026-09-11 09:10:12
R202609003469,O202609008171,U10430,P10005,2,鞋子偏小一码穿了半天脚疼,2026-09-06 08:03:50,是,追评：发现了一些问题希望改进,3,46,感谢您的认可欢迎下次光临,2026-09-06 12:03:50
R202609003470,O202609000468,U10383,P10011,5,客服态度好有问必答点赞,2026-09-13 03:21:44,是,售后处理很快满意,1,19,已收到您的反馈我们会尽快处理,2026-09-13 08:21:44
R202609003471,O202609007300,U10386,P10011,5,质量很好做工精细值得购买,2026-09-14 01:53:08,是,追评：质量比预期好,3,38,,
R202609003472,O202609005059,U10422,P10002,3,东西还行就是发货慢了点,2026-09-07 08:54:11,是,售后处理很快满意,3,20,已收到您的反馈我们会尽快处理,2026-09-07 09:54:11
R202609003473,O202609001605,U10272,P10005,4,价格实惠比实体店便宜很多,2026-09-05 09:39:21,否,,2,44,感谢您的认可欢迎下次光临,2026-09-05 11:39:21
R202609003474,O202609008752,U10404,P10001,4,质量很好做工精细值得购买,2026-09-11 19:10:00,是,追评：质量比预期好,1,42,感谢您的认可欢迎下次光临,2026-09-11 23:10:00
R202609003475,O202609000821,U10159,P10005,5,客服态度好有问必答点赞,2026-09-06 04:59:04,否,,3,0,已收到您的反馈我们会尽快处理,2026-09-06 07:59:04
R202609003476,O202609005076,U10082,P10009,4,绘本内容不错孩子很喜欢,2026-09-07 22:51:23,否,,0,36,非常抱歉给您带来不好的体验我们会改进,2026-09-07 23:51:23
R202609003477,O202609006420,U10281,P10001,5,保温效果很好外观也漂亮物流很快,2026-09-11 00:50:32,否,,1,31,已收到您的反馈我们会尽快处理,2026-09-11 03:50:32
R202609003478,O202609009166,U10070,P10012,5,保温效果很好外观也漂亮物流很快,2026-09-10 08:56:06,否,,2,38,,
R202609003479,O202609003715,U10242,P10019,5,保温效果很好外观也漂亮物流很快,2026-09-10 21:43:53,是,追评：质量比预期好,3,16,感谢您的理解祝您生活愉快,2026-09-11 00:43:53
R202609003480,O202609009273,U10030,P10007,4,价格实惠比实体店便宜很多,2026-09-05 05:05:32,是,追评：发现了一些问题希望改进,3,4,,
R202609003481,O202609000229,U10135,P10001,5,价格实惠比实体店便宜很多,2026-09-05 22:25:50,否,,2,34,非常抱歉给您带来不好的体验我们会改进,2026-09-06 02:25:50
R202609003482,O202609002090,U10219,P10016,4,质量很好做工精细值得购买,2026-09-08 00:33:48,否,,1,0,感谢您的认可欢迎下次光临,2026-09-08 02:33:48
R202609003483,O202609008589,U10293,P10014,3,东西还行就是发货慢了点,2026-09-13 09:26:04,否,,0,8,,
R202609003484,O202609000519,U10068,P10020,4,保温效果很好外观也漂亮物流很快,2026-09-07 04:02:36,否,,3,9,,
R202609003485,O202609009578,U10081,P10011,5,绘本内容不错孩子很喜欢,2026-09-13 22:37:21,否,,3,5,感谢您的认可欢迎下次光临,2026-09-13 23:37:21
R202609003486,O202609009605,U10107,P10014,5,保温效果很好外观也漂亮物流很快,2026-09-08 15:51:10,否,,1,21,已收到您的反馈我们会尽快处理,2026-09-08 16:51:10
R202609003487,O202609000792,U10247,P10013,5,物流超快第二天就到了包装完好,2026-09-12 19:59:30,是,追评：质量比预期好,1,6,非常抱歉给您带来不好的体验我们会改进,2026-09-12 23:59:30
R202609003488,O202609001955,U10005,P10003,5,质量很好做工精细值得购买,2026-09-13 11:45:58,是,追评：质量比预期好,3,35,,
R202609003489,O202609008150,U10445,P10010,5,手机性价比超高续航一天没问题推荐购买,2026-09-10 07:25:31,否,,3,9,,
R202609003490,O202609004951,U10269,P10001,5,颜色正没有色差穿着舒服,2026-09-05 14:19:44,否,,0,40,感谢您的认可欢迎下次光临,2026-09-05 17:19:44
R202609003491,O202609003695,U10343,P10020,2,物流慢得要死等了一周,2026-09-13 09:44:17,否,,2,28,感谢您的理解祝您生活愉快,2026-09-13 10:44:17
R202609003492,O202609003425,U10329,P10001,2,客服态度恶劣不理人,2026-09-10 20:51:33,是,追评：质量比预期好,2,18,已收到您的反馈我们会尽快处理,2026-09-10 22:51:33
R202609003493,O202609003013,U10063,P10013,3,质量凑合对得起这个价格,2026-09-06 09:41:18,是,追评：发现了一些问题希望改进,2,41,感谢您的理解祝您生活愉快,2026-09-06 14:41:18
R202609003494,O202609002185,U10438,P10010,3,包装有点简陋东西没问题,2026-09-10 23:10:25,是,追评：质量比预期好,3,13,感谢您的认可欢迎下次光临,2026-09-11 02:10:25
R202609003495,O202609007636,U10410,P10007,5,保温效果很好外观也漂亮物流很快,2026-09-08 03:08:59,否,,0,7,感谢您的认可欢迎下次光临,2026-09-08 04:08:59
R202609003496,O202609004942,U10457,P10015,3,一般般吧没有想象中好,2026-09-05 15:21:47,是,追评：发现了一些问题希望改进,3,5,,
R202609003497,O202609001494,U10297,P10006,4,手机性价比超高续航一天没问题推荐购买,2026-09-08 12:12:02,否,,0,17,非常抱歉给您带来不好的体验我们会改进,2026-09-08 17:12:02
R202609003498,O202609006613,U10138,P10007,5,物流超快第二天就到了包装完好,2026-09-05 09:10:52,否,,1,25,已收到您的反馈我们会尽快处理,2026-09-05 14:10:52
R202609003499,O202609000345,U10344,P10012,5,物流超快第二天就到了包装完好,2026-09-14 06:54:52,否,,0,50,,
R202609003500,O202609000671,U10497,P10018,1,跟描述完全不符要求退货,2026-09-13 10:57:33,否,,1,50,感谢您的理解祝您生活愉快,2026-09-13 14:57:33
R202609003501,O202609002184,U10043,P10013,4,颜色正没有色差穿着舒服,2026-09-10 12:20:42,否,,1,11,已收到您的反馈我们会尽快处理,2026-09-10 15:20:42
R202609003502,O202609001962,U10006,P10019,5,质量很好做工精细值得购买,2026-09-07 13:58:49,否,,0,26,非常抱歉给您带来不好的体验我们会改进,2026-09-07 16:58:49
R202609003503,O202609003620,U10419,P10007,3,包装有点简陋东西没问题,2026-09-07 23:04:06,否,,0,45,已收到您的反馈我们会尽快处理,2026-09-08 02:04:06
R202609003504,O202609000742,U10348,P10008,1,跟描述完全不符要求退货,2026-09-11 15:39:08,否,,2,14,感谢您的认可欢迎下次光临,2026-09-11 20:39:08
R202609003505,O202609008732,U10482,P10004,3,东西还行就是发货慢了点,2026-09-07 22:04:37,否,,2,30,非常抱歉给您带来不好的体验我们会改进,2026-09-07 23:04:37
R202609003506,O202609006630,U10268,P10009,3,包装有点简陋东西没问题,2026-09-05 02:13:00,否,,1,19,,
R202609003507,O202609008475,U10426,P10006,4,手机性价比超高续航一天没问题推荐购买,2026-09-10 21:23:04,否,,0,41,感谢您的认可欢迎下次光临,2026-09-11 00:23:04
R202609003508,O202609001644,U10214,P10013,4,绘本内容不错孩子很喜欢,2026-09-06 22:45:43,否,,3,13,,
R202609003509,O202609000239,U10277,P10010,3,东西还行就是发货慢了点,2026-09-05 09:52:32,否,,0,5,,
R202609003510,O202609005947,U10043,P10013,4,客服态度好有问必答点赞,2026-09-10 13:20:58,否,,3,4,感谢您的认可欢迎下次光临,2026-09-10 15:20:58
R202609003511,O202609000356,U10404,P10002,4,物流超快第二天就到了包装完好,2026-09-09 18:21:52,否,,0,49,非常抱歉给您带来不好的体验我们会改进,2026-09-09 20:21:52
R202609003512,O202609005713,U10276,P10006,5,价格实惠比实体店便宜很多,2026-09-07 18:44:25,否,,3,38,感谢您的认可欢迎下次光临,2026-09-07 23:44:25
R202609003513,O202609000399,U10015,P10009,4,价格实惠比实体店便宜很多,2026-09-08 08:13:09,否,,3,21,,
R202609003514,O202609007655,U10280,P10005,5,手机性价比超高续航一天没问题推荐购买,2026-09-05 02:42:41,是,追评：发现了一些问题希望改进,1,17,非常抱歉给您带来不好的体验我们会改进,2026-09-05 04:42:41
R202609003515,O202609003707,U10370,P10004,4,颜色正没有色差穿着舒服,2026-09-12 23:18:05,是,追评：发现了一些问题希望改进,0,5,,
R202609003516,O202609006788,U10439,P10011,5,保温效果很好外观也漂亮物流很快,2026-09-10 03:00:43,否,,0,12,已收到您的反馈我们会尽快处理,2026-09-10 06:00:43
R202609003517,O202609007987,U10445,P10013,4,质量很好做工精细值得购买,2026-09-12 10:42:13,是,用了一段时间来追评确实不错,3,43,感谢您的理解祝您生活愉快,2026-09-12 11:42:13
R202609003518,O202609005712,U10421,P10018,3,包装有点简陋东西没问题,2026-09-14 04:02:54,是,用了一段时间来追评确实不错,0,16,非常抱歉给您带来不好的体验我们会改进,2026-09-14 07:02:54
R202609003519,O202609001714,U10420,P10016,4,质量很好做工精细值得购买,2026-09-13 18:24:52,是,用了一段时间来追评确实不错,1,27,感谢您的理解祝您生活愉快,2026-09-13 23:24:52
R202609003520,O202609005382,U10277,P10016,5,客服态度好有问必答点赞,2026-09-13 14:06:01,否,,0,9,已收到您的反馈我们会尽快处理,2026-09-13 17:06:01
R202609003521,O202609001718,U10267,P10008,3,质量凑合对得起这个价格,2026-09-12 23:58:09,否,,2,36,已收到您的反馈我们会尽快处理,2026-09-13 02:58:09
R202609003522,O202609006181,U10283,P10011,4,保温效果很好外观也漂亮物流很快,2026-09-07 03:39:42,否,,0,50,感谢您的认可欢迎下次光临,2026-09-07 06:39:42
R202609003523,O202609003300,U10480,P10019,4,物流超快第二天就到了包装完好,2026-09-12 02:02:37,是,追评：质量比预期好,1,14,非常抱歉给您带来不好的体验我们会改进,2026-09-12 03:02:37
R202609003524,O202609005791,U10476,P10005,4,颜色正没有色差穿着舒服,2026-09-14 03:44:00,否,,3,36,已收到您的反馈我们会尽快处理,2026-09-14 08:44:00
R202609003525,O202609005802,U10179,P10012,2,鞋子偏小一码穿了半天脚疼,2026-09-11 19:19:43,否,,3,35,感谢您的理解祝您生活愉快,2026-09-11 20:19:43
R202609003526,O202609004811,U10155,P10019,2,跟描述完全不符要求退货,2026-09-08 23:06:49,是,用了一段时间来追评确实不错,0,0,,
R202609003527,O202609004779,U10033,P10013,5,保温效果很好外观也漂亮物流很快,2026-09-09 08:54:20,否,,1,21,,
R202609003528,O202609009026,U10347,P10016,4,绘本内容不错孩子很喜欢,2026-09-14 03:59:44,否,,0,26,感谢您的认可欢迎下次光临,2026-09-14 07:59:44
R202609003529,O202609009299,U10352,P10010,4,物流超快第二天就到了包装完好,2026-09-06 05:15:58,否,,0,7,感谢您的理解祝您生活愉快,2026-09-06 08:15:58
R202609003530,O202609002322,U10265,P10001,4,颜色正没有色差穿着舒服,2026-09-12 11:06:30,否,,3,47,已收到您的反馈我们会尽快处理,2026-09-12 16:06:30
R202609003531,O202609004389,U10006,P10002,2,鞋子偏小一码穿了半天脚疼,2026-09-08 15:01:08,否,,2,50,已收到您的反馈我们会尽快处理,2026-09-08 19:01:08
R202609003532,O202609005544,U10337,P10018,5,物流超快第二天就到了包装完好,2026-09-08 02:36:40,否,,3,49,感谢您的理解祝您生活愉快,2026-09-08 05:36:40
R202609003533,O202609007668,U10487,P10005,3,一般般吧没有想象中好,2026-09-13 19:30:01,否,,3,13,感谢您的理解祝您生活愉快,2026-09-13 20:30:01
R202609003534,O202609004100,U10204,P10007,4,保温效果很好外观也漂亮物流很快,2026-09-10 04:07:59,否,,0,42,已收到您的反馈我们会尽快处理,2026-09-10 08:07:59
R202609003535,O202609008769,U10290,P10001,2,物流慢得要死等了一周,2026-09-14 18:15:46,否,,0,12,,
R202609003536,O202609000842,U10138,P10016,4,颜色正没有色差穿着舒服,2026-09-12 02:43:06,否,,0,33,,
R202609003537,O202609003249,U10244,P10003,3,质量凑合对得起这个价格,2026-09-06 23:32:04,否,,2,41,已收到您的反馈我们会尽快处理,2026-09-07 04:32:04
R202609003538,O202609006865,U10413,P10019,1,物流慢得要死等了一周,2026-09-05 14:47:14,否,,2,29,,
R202609003539,O202609005264,U10016,P10013,4,物流超快第二天就到了包装完好,2026-09-12 05:39:12,否,,2,13,非常抱歉给您带来不好的体验我们会改进,2026-09-12 10:39:12
R202609003540,O202609004710,U10137,P10010,5,绘本内容不错孩子很喜欢,2026-09-11 10:30:50,是,追评：发现了一些问题希望改进,1,37,非常抱歉给您带来不好的体验我们会改进,2026-09-11 15:30:50
R202609003541,O202609006932,U10168,P10013,4,颜色正没有色差穿着舒服,2026-09-13 01:23:59,否,,1,35,感谢您的认可欢迎下次光临,2026-09-13 04:23:59
R202609003542,O202609006966,U10417,P10012,3,包装有点简陋东西没问题,2026-09-10 21:12:26,否,,3,4,感谢您的认可欢迎下次光临,2026-09-10 22:12:26
R202609003543,O202609005465,U10195,P10006,5,质量很好做工精细值得购买,2026-09-09 09:10:36,是,售后处理很快满意,3,24,感谢您的认可欢迎下次光临,2026-09-09 10:10:36
R202609003544,O202609005281,U10379,P10007,5,物流超快第二天就到了包装完好,2026-09-09 04:48:13,否,,3,20,感谢您的认可欢迎下次光临,2026-09-09 06:48:13
R202609003545,O202609000816,U10133,P10011,3,一般般吧没有想象中好,2026-09-05 04:32:30,否,,0,43,感谢您的认可欢迎下次光临,2026-09-05 05:32:30
R202609003546,O202609006301,U10198,P10007,3,包装有点简陋东西没问题,2026-09-06 07:45:19,否,,2,14,感谢您的理解祝您生活愉快,2026-09-06 10:45:19
R202609003547,O202609005944,U10448,P10001,1,收到货发现有瑕疵要求换货,2026-09-05 13:36:38,否,,2,10,,
R202609003548,O202609008829,U10325,P10015,4,保温效果很好外观也漂亮物流很快,2026-09-06 08:48:14,否,,1,23,感谢您的认可欢迎下次光临,2026-09-06 13:48:14
R202609003549,O202609006628,U10471,P10012,4,手机性价比超高续航一天没问题推荐购买,2026-09-08 15:34:49,否,,0,43,非常抱歉给您带来不好的体验我们会改进,2026-09-08 20:34:49
R202609003550,O202609007637,U10022,P10010,3,包装有点简陋东西没问题,2026-09-07 17:28:43,否,,2,28,非常抱歉给您带来不好的体验我们会改进,2026-09-07 22:28:43
R202609003551,O202609001997,U10417,P10014,4,保温效果很好外观也漂亮物流很快,2026-09-09 05:18:35,否,,3,23,已收到您的反馈我们会尽快处理,2026-09-09 07:18:35
R202609003552,O202609005923,U10237,P10018,1,收到货发现有瑕疵要求换货,2026-09-06 00:35:45,否,,1,15,感谢您的认可欢迎下次光临,2026-09-06 03:35:45
R202609003553,O202609009969,U10459,P10014,4,价格实惠比实体店便宜很多,2026-09-10 14:28:31,否,,3,11,已收到您的反馈我们会尽快处理,2026-09-10 18:28:31
R202609003554,O202609004372,U10112,P10010,5,绘本内容不错孩子很喜欢,2026-09-08 12:47:06,否,,0,40,感谢您的认可欢迎下次光临,2026-09-08 16:47:06
R202609003555,O202609005271,U10415,P10005,5,手机性价比超高续航一天没问题推荐购买,2026-09-11 11:37:07,否,,3,32,,
R202609003556,O202609008835,U10477,P10010,5,手机性价比超高续航一天没问题推荐购买,2026-09-13 08:56:18,否,,1,13,非常抱歉给您带来不好的体验我们会改进,2026-09-13 09:56:18
R202609003557,O202609008819,U10318,P10008,5,质量很好做工精细值得购买,2026-09-09 09:07:42,否,,2,29,,
R202609003558,O202609007470,U10051,P10005,5,物流超快第二天就到了包装完好,2026-09-12 04:51:17,否,,1,6,,
R202609003559,O202609001186,U10142,P10008,5,客服态度好有问必答点赞,2026-09-05 09:17:51,否,,1,21,已收到您的反馈我们会尽快处理,2026-09-05 10:17:51
R202609003560,O202609002136,U10395,P10010,5,客服态度好有问必答点赞,2026-09-07 14:25:28,否,,3,24,非常抱歉给您带来不好的体验我们会改进,2026-09-07 16:25:28
R202609003561,O202609002412,U10221,P10001,5,物流超快第二天就到了包装完好,2026-09-05 13:41:42,是,追评：发现了一些问题希望改进,0,16,非常抱歉给您带来不好的体验我们会改进,2026-09-05 17:41:42
R202609003562,O202609002772,U10373,P10008,2,客服态度恶劣不理人,2026-09-11 10:36:50,否,,0,13,非常抱歉给您带来不好的体验我们会改进,2026-09-11 14:36:50
R202609003563,O202609008927,U10315,P10008,5,手机性价比超高续航一天没问题推荐购买,2026-09-11 10:18:31,否,,0,36,已收到您的反馈我们会尽快处理,2026-09-11 12:18:31
R202609003564,O202609000426,U10148,P10009,4,物流超快第二天就到了包装完好,2026-09-08 11:17:40,否,,0,22,,
R202609003565,O202609008036,U10387,P10016,5,物流超快第二天就到了包装完好,2026-09-14 02:22:41,否,,2,0,,
R202609003566,O202609000531,U10268,P10014,4,物流超快第二天就到了包装完好,2026-09-09 01:38:47,否,,0,2,感谢您的认可欢迎下次光临,2026-09-09 05:38:47
R202609003567,O202609000773,U10224,P10018,5,质量很好做工精细值得购买,2026-09-13 20:35:44,否,,1,45,,
R202609003568,O202609003407,U10431,P10017,5,保温效果很好外观也漂亮物流很快,2026-09-12 07:15:39,否,,0,7,非常抱歉给您带来不好的体验我们会改进,2026-09-12 12:15:39
R202609003569,O202609005799,U10405,P10020,2,物流慢得要死等了一周,2026-09-06 03:38:54,否,,2,6,非常抱歉给您带来不好的体验我们会改进,2026-09-06 08:38:54
R202609003570,O202609000601,U10449,P10008,5,物流超快第二天就到了包装完好,2026-09-06 10:16:30,否,,1,30,非常抱歉给您带来不好的体验我们会改进,2026-09-06 12:16:30
R202609003571,O202609009112,U10216,P10003,5,颜色正没有色差穿着舒服,2026-09-12 08:05:56,否,,0,27,感谢您的认可欢迎下次光临,2026-09-12 10:05:56
R202609003572,O202609003077,U10128,P10015,4,保温效果很好外观也漂亮物流很快,2026-09-08 23:51:19,是,售后处理很快满意,2,21,已收到您的反馈我们会尽快处理,2026-09-09 01:51:19
R202609003573,O202609003551,U10244,P10011,5,客服态度好有问必答点赞,2026-09-10 10:28:17,否,,2,7,已收到您的反馈我们会尽快处理,2026-09-10 14:28:17
R202609003574,O202609007104,U10201,P10006,5,保温效果很好外观也漂亮物流很快,2026-09-10 21:37:02,否,,2,18,非常抱歉给您带来不好的体验我们会改进,2026-09-10 23:37:02
R202609003575,O202609009009,U10293,P10015,1,鞋子偏小一码穿了半天脚疼,2026-09-13 13:42:24,是,追评：发现了一些问题希望改进,1,35,,
R202609003576,O202609007447,U10209,P10015,3,包装有点简陋东西没问题,2026-09-08 22:10:53,否,,1,6,已收到您的反馈我们会尽快处理,2026-09-09 03:10:53
R202609003577,O202609005648,U10310,P10015,4,价格实惠比实体店便宜很多,2026-09-12 17:25:58,否,,1,40,非常抱歉给您带来不好的体验我们会改进,2026-09-12 21:25:58
R202609003578,O202609002252,U10031,P10008,5,颜色正没有色差穿着舒服,2026-09-14 09:10:09,否,,2,43,非常抱歉给您带来不好的体验我们会改进,2026-09-14 14:10:09
R202609003579,O202609002132,U10061,P10016,3,包装有点简陋东西没问题,2026-09-05 11:58:48,否,,0,2,已收到您的反馈我们会尽快处理,2026-09-05 16:58:48
R202609003580,O202609004610,U10106,P10020,1,物流慢得要死等了一周,2026-09-13 16:47:03,否,,0,44,非常抱歉给您带来不好的体验我们会改进,2026-09-13 20:47:03
R202609003581,O202609005713,U10448,P10010,4,颜色正没有色差穿着舒服,2026-09-10 19:59:44,否,,0,13,非常抱歉给您带来不好的体验我们会改进,2026-09-10 20:59:44
R202609003582,O202609004016,U10063,P10007,3,包装有点简陋东西没问题,2026-09-09 11:49:00,是,用了一段时间来追评确实不错,0,42,感谢您的认可欢迎下次光临,2026-09-09 15:49:00
R202609003583,O202609006943,U10219,P10002,5,物流超快第二天就到了包装完好,2026-09-09 16:04:26,是,售后处理很快满意,1,45,,
R202609003584,O202609004740,U10161,P10016,5,质量很好做工精细值得购买,2026-09-14 18:03:56,否,,1,4,感谢您的认可欢迎下次光临,2026-09-14 22:03:56
R202609003585,O202609004042,U10435,P10014,5,绘本内容不错孩子很喜欢,2026-09-11 18:50:23,否,,3,21,感谢您的理解祝您生活愉快,2026-09-11 23:50:23
R202609003586,O202609004266,U10338,P10013,5,价格实惠比实体店便宜很多,2026-09-05 14:14:45,是,售后处理很快满意,0,50,感谢您的理解祝您生活愉快,2026-09-05 18:14:45
R202609003587,O202609005042,U10434,P10006,4,手机性价比超高续航一天没问题推荐购买,2026-09-05 08:39:56,否,,1,23,,
R202609003588,O202609002173,U10171,P10015,3,质量凑合对得起这个价格,2026-09-07 06:53:42,否,,0,29,感谢您的理解祝您生活愉快,2026-09-07 07:53:42
R202609003589,O202609001534,U10271,P10018,5,质量很好做工精细值得购买,2026-09-09 07:08:23,否,,1,21,,
R202609003590,O202609005601,U10278,P10009,2,跟描述完全不符要求退货,2026-09-08 23:38:16,否,,1,7,感谢您的认可欢迎下次光临,2026-09-09 02:38:16
R202609003591,O202609001750,U10055,P10012,4,绘本内容不错孩子很喜欢,2026-09-14 13:38:42,否,,3,37,已收到您的反馈我们会尽快处理,2026-09-14 15:38:42
R202609003592,O202609002060,U10480,P10015,3,质量凑合对得起这个价格,2026-09-13 02:20:11,否,,2,47,,
R202609003593,O202609002321,U10298,P10013,1,客服态度恶劣不理人,2026-09-13 16:03:24,是,用了一段时间来追评确实不错,2,17,非常抱歉给您带来不好的体验我们会改进,2026-09-13 17:03:24
R202609003594,O202609003903,U10388,P10019,4,质量很好做工精细值得购买,2026-09-12 05:06:03,否,,3,27,非常抱歉给您带来不好的体验我们会改进,2026-09-12 07:06:03
R202609003595,O202609001662,U10349,P10011,3,包装有点简陋东西没问题,2026-09-07 18:10:06,否,,1,4,感谢您的理解祝您生活愉快,2026-09-07 23:10:06
R202609003596,O202609008001,U10166,P10008,5,保温效果很好外观也漂亮物流很快,2026-09-10 11:08:27,否,,1,34,非常抱歉给您带来不好的体验我们会改进,2026-09-10 15:08:27
R202609003597,O202609009092,U10114,P10014,4,手机性价比超高续航一天没问题推荐购买,2026-09-07 19:21:58,否,,0,18,,
R202609003598,O202609005671,U10023,P10014,5,客服态度好有问必答点赞,2026-09-05 13:41:38,是,用了一段时间来追评确实不错,1,47,,
R202609003599,O202609009866,U10260,P10008,5,物流超快第二天就到了包装完好,2026-09-09 15:25:49,是,追评：质量比预期好,3,5,感谢您的理解祝您生活愉快,2026-09-09 19:25:49
R202609003600,O202609006462,U10208,P10009,4,质量很好做工精细值得购买,2026-09-14 00:30:00,是,追评：质量比预期好,1,38,,
R202609003601,O202609007799,U10142,P10019,4,质量很好做工精细值得购买,2026-09-11 01:28:36,否,,0,26,已收到您的反馈我们会尽快处理,2026-09-11 05:28:36
R202609003602,O202609002320,U10416,P10015,2,收到货发现有瑕疵要求换货,2026-09-05 23:15:00,否,,3,19,感谢您的认可欢迎下次光临,2026-09-06 00:15:00
R202609003603,O202609001286,U10130,P10018,4,手机性价比超高续航一天没问题推荐购买,2026-09-11 23:34:18,否,,0,26,感谢您的理解祝您生活愉快,2026-09-12 02:34:18
R202609003604,O202609002184,U10055,P10010,4,颜色正没有色差穿着舒服,2026-09-05 23:02:29,否,,0,30,,
R202609003605,O202609003248,U10493,P10004,5,颜色正没有色差穿着舒服,2026-09-12 18:33:43,否,,3,7,非常抱歉给您带来不好的体验我们会改进,2026-09-12 23:33:43
R202609003606,O202609002355,U10484,P10015,5,手机性价比超高续航一天没问题推荐购买,2026-09-07 19:39:48,否,,2,24,,
R202609003607,O202609001056,U10047,P10019,4,颜色正没有色差穿着舒服,2026-09-10 21:40:44,否,,0,3,感谢您的理解祝您生活愉快,2026-09-10 22:40:44
R202609003608,O202609008522,U10248,P10010,5,物流超快第二天就到了包装完好,2026-09-09 02:03:02,否,,1,46,非常抱歉给您带来不好的体验我们会改进,2026-09-09 05:03:02
R202609003609,O202609002769,U10108,P10013,1,跟描述完全不符要求退货,2026-09-08 19:08:39,否,,3,9,已收到您的反馈我们会尽快处理,2026-09-08 22:08:39
R202609003610,O202609004323,U10349,P10013,5,绘本内容不错孩子很喜欢,2026-09-09 17:02:25,是,追评：发现了一些问题希望改进,2,38,,
R202609003611,O202609004609,U10105,P10015,4,价格实惠比实体店便宜很多,2026-09-13 19:34:53,否,,2,6,,
R202609003612,O202609005030,U10373,P10008,5,绘本内容不错孩子很喜欢,2026-09-09 12:36:33,是,售后处理很快满意,0,44,感谢您的认可欢迎下次光临,2026-09-09 16:36:33
R202609003613,O202609004372,U10433,P10018,3,质量凑合对得起这个价格,2026-09-07 14:10:23,否,,2,29,已收到您的反馈我们会尽快处理,2026-09-07 16:10:23
R202609003614,O202609003620,U10362,P10013,5,客服态度好有问必答点赞,2026-09-12 18:23:08,否,,3,19,,
R202609003615,O202609005692,U10455,P10020,4,客服态度好有问必答点赞,2026-09-05 18:22:12,否,,0,15,感谢您的认可欢迎下次光临,2026-09-05 22:22:12
R202609003616,O202609009901,U10104,P10016,5,绘本内容不错孩子很喜欢,2026-09-14 05:41:18,否,,2,10,已收到您的反馈我们会尽快处理,2026-09-14 06:41:18
R202609003617,O202609007478,U10467,P10014,5,保温效果很好外观也漂亮物流很快,2026-09-08 04:57:05,否,,0,21,已收到您的反馈我们会尽快处理,2026-09-08 06:57:05
R202609003618,O202609004272,U10176,P10020,4,物流超快第二天就到了包装完好,2026-09-07 12:16:38,是,用了一段时间来追评确实不错,1,50,已收到您的反馈我们会尽快处理,2026-09-07 14:16:38
R202609003619,O202609006483,U10317,P10018,4,颜色正没有色差穿着舒服,2026-09-06 03:22:56,否,,1,17,感谢您的认可欢迎下次光临,2026-09-06 06:22:56
R202609003620,O202609002906,U10275,P10018,4,颜色正没有色差穿着舒服,2026-09-05 12:50:26,是,售后处理很快满意,2,47,已收到您的反馈我们会尽快处理,2026-09-05 13:50:26
R202609003621,O202609007528,U10396,P10009,5,质量很好做工精细值得购买,2026-09-13 18:49:58,否,,1,45,非常抱歉给您带来不好的体验我们会改进,2026-09-13 22:49:58
R202609003622,O202609003967,U10252,P10015,4,颜色正没有色差穿着舒服,2026-09-10 16:10:20,否,,2,28,,
R202609003623,O202609009341,U10337,P10004,4,手机性价比超高续航一天没问题推荐购买,2026-09-09 09:31:27,否,,1,30,非常抱歉给您带来不好的体验我们会改进,2026-09-09 13:31:27
R202609003624,O202609008131,U10416,P10020,5,价格实惠比实体店便宜很多,2026-09-14 15:14:11,否,,3,19,感谢您的理解祝您生活愉快,2026-09-14 16:14:11
R202609003625,O202609004311,U10240,P10006,1,鞋子偏小一码穿了半天脚疼,2026-09-05 07:19:01,否,,0,36,已收到您的反馈我们会尽快处理,2026-09-05 10:19:01
R202609003626,O202609000760,U10109,P10020,5,绘本内容不错孩子很喜欢,2026-09-07 18:36:23,否,,3,4,感谢您的理解祝您生活愉快,2026-09-07 21:36:23
R202609003627,O202609000908,U10453,P10012,5,手机性价比超高续航一天没问题推荐购买,2026-09-09 12:44:10,是,追评：质量比预期好,1,27,非常抱歉给您带来不好的体验我们会改进,2026-09-09 16:44:10
R202609003628,O202609002270,U10449,P10012,1,物流慢得要死等了一周,2026-09-07 07:05:41,否,,3,50,感谢您的理解祝您生活愉快,2026-09-07 08:05:41
R202609003629,O202609006883,U10417,P10008,1,用了两天就坏了质量太差,2026-09-09 22:46:13,否,,2,49,感谢您的认可欢迎下次光临,2026-09-10 01:46:13
R202609003630,O202609009203,U10268,P10009,2,跟描述完全不符要求退货,2026-09-09 12:14:41,否,,3,46,,
R202609003631,O202609004147,U10297,P10015,4,绘本内容不错孩子很喜欢,2026-09-12 14:56:23,否,,1,18,已收到您的反馈我们会尽快处理,2026-09-12 15:56:23
R202609003632,O202609000985,U10084,P10007,4,客服态度好有问必答点赞,2026-09-07 23:09:14,否,,2,47,,
R202609003633,O202609002289,U10358,P10016,4,客服态度好有问必答点赞,2026-09-07 21:29:51,否,,1,20,感谢您的理解祝您生活愉快,2026-09-08 01:29:51
R202609003634,O202609000531,U10283,P10007,3,包装有点简陋东西没问题,2026-09-12 15:43:11,否,,2,7,,
R202609003635,O202609006984,U10138,P10001,2,用了两天就坏了质量太差,2026-09-07 05:47:48,否,,1,38,非常抱歉给您带来不好的体验我们会改进,2026-09-07 10:47:48
R202609003636,O202609009856,U10192,P10013,5,价格实惠比实体店便宜很多,2026-09-11 12:19:42,否,,3,3,感谢您的认可欢迎下次光临,2026-09-11 13:19:42
R202609003637,O202609009117,U10002,P10002,4,质量很好做工精细值得购买,2026-09-05 02:06:14,否,,1,0,,
R202609003638,O202609005438,U10436,P10011,5,物流超快第二天就到了包装完好,2026-09-14 18:07:09,否,,1,13,,
R202609003639,O202609006191,U10092,P10003,1,物流慢得要死等了一周,2026-09-10 22:45:30,是,追评：发现了一些问题希望改进,1,42,已收到您的反馈我们会尽快处理,2026-09-11 00:45:30
R202609003640,O202609001340,U10348,P10014,5,保温效果很好外观也漂亮物流很快,2026-09-06 00:53:12,是,用了一段时间来追评确实不错,2,22,已收到您的反馈我们会尽快处理,2026-09-06 04:53:12
R202609003641,O202609007125,U10494,P10001,5,手机性价比超高续航一天没问题推荐购买,2026-09-11 02:51:32,否,,1,0,,
R202609003642,O202609002144,U10416,P10003,4,客服态度好有问必答点赞,2026-09-09 21:07:34,是,售后处理很快满意,3,35,感谢您的理解祝您生活愉快,2026-09-10 01:07:34
R202609003643,O202609004835,U10156,P10002,5,价格实惠比实体店便宜很多,2026-09-10 02:29:39,否,,3,20,,
R202609003644,O202609009125,U10103,P10016,4,物流超快第二天就到了包装完好,2026-09-08 12:37:28,否,,0,25,感谢您的认可欢迎下次光临,2026-09-08 13:37:28
R202609003645,O202609005824,U10434,P10020,4,价格实惠比实体店便宜很多,2026-09-06 06:54:32,否,,0,33,非常抱歉给您带来不好的体验我们会改进,2026-09-06 09:54:32
R202609003646,O202609006653,U10343,P10012,5,客服态度好有问必答点赞,2026-09-13 07:00:41,是,追评：发现了一些问题希望改进,0,11,已收到您的反馈我们会尽快处理,2026-09-13 10:00:41
R202609003647,O202609005930,U10182,P10011,3,一般般吧没有想象中好,2026-09-11 15:50:52,否,,0,50,感谢您的认可欢迎下次光临,2026-09-11 16:50:52
R202609003648,O202609001231,U10359,P10008,4,绘本内容不错孩子很喜欢,2026-09-05 17:51:47,否,,1,27,已收到您的反馈我们会尽快处理,2026-09-05 19:51:47
R202609003649,O202609000134,U10287,P10006,4,价格实惠比实体店便宜很多,2026-09-08 14:25:57,否,,1,39,,
R202609003650,O202609005730,U10391,P10019,2,跟描述完全不符要求退货,2026-09-11 14:03:49,否,,2,24,感谢您的认可欢迎下次光临,2026-09-11 18:03:49
R202609003651,O202609006928,U10478,P10019,5,绘本内容不错孩子很喜欢,2026-09-14 13:49:54,否,,3,50,,
R202609003652,O202609006657,U10357,P10010,5,价格实惠比实体店便宜很多,2026-09-11 04:26:28,否,,0,50,已收到您的反馈我们会尽快处理,2026-09-11 06:26:28
R202609003653,O202609001594,U10135,P10017,4,保温效果很好外观也漂亮物流很快,2026-09-06 04:37:22,否,,2,17,感谢您的认可欢迎下次光临,2026-09-06 05:37:22
R202609003654,O202609009062,U10126,P10001,4,手机性价比超高续航一天没问题推荐购买,2026-09-10 05:35:16,否,,1,26,非常抱歉给您带来不好的体验我们会改进,2026-09-10 07:35:16
R202609003655,O202609001586,U10191,P10005,1,物流慢得要死等了一周,2026-09-08 17:25:12,否,,2,10,,
R202609003656,O202609001030,U10048,P10018,4,颜色正没有色差穿着舒服,2026-09-09 04:04:39,否,,1,44,,
R202609003657,O202609000522,U10124,P10010,4,颜色正没有色差穿着舒服,2026-09-08 10:50:24,否,,2,50,非常抱歉给您带来不好的体验我们会改进,2026-09-08 14:50:24
R202609003658,O202609004510,U10042,P10002,3,包装有点简陋东西没问题,2026-09-12 17:07:09,否,,1,47,,
R202609003659,O202609007883,U10313,P10012,4,价格实惠比实体店便宜很多,2026-09-13 20:41:44,否,,1,48,,
R202609003660,O202609007379,U10154,P10001,5,质量很好做工精细值得购买,2026-09-08 21:52:36,是,售后处理很快满意,2,17,已收到您的反馈我们会尽快处理,2026-09-09 00:52:36
R202609003661,O202609008102,U10074,P10019,5,质量很好做工精细值得购买,2026-09-05 09:10:07,否,,0,22,已收到您的反馈我们会尽快处理,2026-09-05 12:10:07
R202609003662,O202609002152,U10110,P10017,3,质量凑合对得起这个价格,2026-09-11 08:51:37,否,,2,7,,
R202609003663,O202609003192,U10403,P10015,4,质量很好做工精细值得购买,2026-09-12 17:12:06,否,,1,14,,
R202609003664,O202609006760,U10041,P10020,5,质量很好做工精细值得购买,2026-09-12 09:09:23,否,,2,38,,
R202609003665,O202609008101,U10488,P10009,5,物流超快第二天就到了包装完好,2026-09-06 03:03:34,否,,1,10,,
R202609003666,O202609007354,U10285,P10004,5,绘本内容不错孩子很喜欢,2026-09-07 08:13:46,否,,0,11,已收到您的反馈我们会尽快处理,2026-09-07 10:13:46
R202609003667,O202609001066,U10078,P10005,3,一般般吧没有想象中好,2026-09-07 20:50:22,否,,3,30,已收到您的反馈我们会尽快处理,2026-09-08 00:50:22
R202609003668,O202609001227,U10289,P10010,5,绘本内容不错孩子很喜欢,2026-09-12 21:19:10,是,售后处理很快满意,0,30,,
R202609003669,O202609007871,U10493,P10014,4,客服态度好有问必答点赞,2026-09-05 23:55:26,否,,0,19,非常抱歉给您带来不好的体验我们会改进,2026-09-06 00:55:26
R202609003670,O202609003801,U10474,P10013,5,手机性价比超高续航一天没问题推荐购买,2026-09-14 14:39:31,否,,2,3,,
R202609003671,O202609007817,U10255,P10006,3,质量凑合对得起这个价格,2026-09-10 19:12:52,否,,3,41,,
R202609003672,O202609002441,U10488,P10019,3,一般般吧没有想象中好,2026-09-14 22:48:53,否,,0,33,,
R202609003673,O202609009913,U10026,P10009,5,颜色正没有色差穿着舒服,2026-09-13 15:18:47,是,售后处理很快满意,3,27,感谢您的认可欢迎下次光临,2026-09-13 17:18:47
R202609003674,O202609009446,U10296,P10019,4,绘本内容不错孩子很喜欢,2026-09-13 01:23:32,否,,1,38,感谢您的理解祝您生活愉快,2026-09-13 03:23:32
R202609003675,O202609004309,U10099,P10015,5,质量很好做工精细值得购买,2026-09-14 08:57:49,否,,0,13,,
R202609003676,O202609000349,U10173,P10002,4,绘本内容不错孩子很喜欢,2026-09-08 20:39:23,是,售后处理很快满意,0,40,感谢您的理解祝您生活愉快,2026-09-08 21:39:23
R202609003677,O202609004147,U10329,P10003,5,物流超快第二天就到了包装完好,2026-09-14 01:10:31,是,售后处理很快满意,3,46,感谢您的理解祝您生活愉快,2026-09-14 02:10:31
R202609003678,O202609008737,U10443,P10005,5,手机性价比超高续航一天没问题推荐购买,2026-09-14 08:42:09,否,,3,37,,
R202609003679,O202609008774,U10195,P10006,5,手机性价比超高续航一天没问题推荐购买,2026-09-06 09:06:02,否,,0,46,已收到您的反馈我们会尽快处理,2026-09-06 14:06:02
R202609003680,O202609003902,U10399,P10006,4,颜色正没有色差穿着舒服,2026-09-14 03:37:12,是,追评：质量比预期好,3,31,,
R202609003681,O202609007954,U10370,P10020,1,物流慢得要死等了一周,2026-09-10 08:53:01,否,,2,50,,
R202609003682,O202609000932,U10091,P10016,1,收到货发现有瑕疵要求换货,2026-09-12 13:34:58,是,追评：质量比预期好,3,4,已收到您的反馈我们会尽快处理,2026-09-12 17:34:58
R202609003683,O202609004853,U10137,P10017,2,用了两天就坏了质量太差,2026-09-08 17:08:15,否,,1,1,已收到您的反馈我们会尽快处理,2026-09-08 22:08:15
R202609003684,O202609004661,U10197,P10018,4,价格实惠比实体店便宜很多,2026-09-07 15:52:09,否,,3,16,已收到您的反馈我们会尽快处理,2026-09-07 17:52:09
R202609003685,O202609001836,U10131,P10016,4,手机性价比超高续航一天没问题推荐购买,2026-09-14 04:31:45,是,追评：发现了一些问题希望改进,3,48,感谢您的认可欢迎下次光临,2026-09-14 07:31:45
R202609003686,O202609004197,U10391,P10003,4,保温效果很好外观也漂亮物流很快,2026-09-05 06:58:48,是,售后处理很快满意,1,17,,
R202609003687,O202609009821,U10076,P10004,5,颜色正没有色差穿着舒服,2026-09-09 13:47:45,否,,2,46,已收到您的反馈我们会尽快处理,2026-09-09 15:47:45
R202609003688,O202609005016,U10261,P10016,1,跟描述完全不符要求退货,2026-09-14 06:58:25,否,,0,31,,
R202609003689,O202609009955,U10441,P10009,1,用了两天就坏了质量太差,2026-09-13 05:35:35,否,,0,20,已收到您的反馈我们会尽快处理,2026-09-13 09:35:35
R202609003690,O202609004103,U10259,P10012,4,物流超快第二天就到了包装完好,2026-09-09 18:57:11,否,,3,17,,
R202609003691,O202609001099,U10464,P10018,5,绘本内容不错孩子很喜欢,2026-09-11 18:49:32,是,追评：质量比预期好,1,50,感谢您的理解祝您生活愉快,2026-09-11 21:49:32
R202609003692,O202609002226,U10057,P10006,5,手机性价比超高续航一天没问题推荐购买,2026-09-09 18:42:13,否,,2,2,感谢您的认可欢迎下次光临,2026-09-09 20:42:13
R202609003693,O202609008250,U10343,P10002,4,质量很好做工精细值得购买,2026-09-05 21:39:18,否,,2,9,感谢您的认可欢迎下次光临,2026-09-06 01:39:18
R202609003694,O202609008456,U10262,P10008,4,客服态度好有问必答点赞,2026-09-14 14:57:38,否,,2,17,,
R202609003695,O202609001862,U10479,P10009,3,包装有点简陋东西没问题,2026-09-13 11:15:07,是,追评：发现了一些问题希望改进,2,45,感谢您的认可欢迎下次光临,2026-09-13 12:15:07
R202609003696,O202609003719,U10493,P10018,5,客服态度好有问必答点赞,2026-09-06 23:34:11,否,,0,16,感谢您的认可欢迎下次光临,2026-09-07 03:34:11
R202609003697,O202609004540,U10225,P10014,4,保温效果很好外观也漂亮物流很快,2026-09-06 03:00:46,否,,3,37,已收到您的反馈我们会尽快处理,2026-09-06 04:00:46
R202609003698,O202609004117,U10449,P10012,5,绘本内容不错孩子很喜欢,2026-09-06 22:03:56,是,售后处理很快满意,1,24,非常抱歉给您带来不好的体验我们会改进,2026-09-07 00:03:56
R202609003699,O202609001309,U10012,P10017,5,颜色正没有色差穿着舒服,2026-09-08 14:35:25,否,,1,36,非常抱歉给您带来不好的体验我们会改进,2026-09-08 17:35:25
R202609003700,O202609008647,U10100,P10015,3,质量凑合对得起这个价格,2026-09-14 06:40:19,否,,2,3,感谢您的认可欢迎下次光临,2026-09-14 07:40:19
R202609003701,O202609008663,U10062,P10012,5,绘本内容不错孩子很喜欢,2026-09-10 19:44:04,否,,1,38,,
R202609003702,O202609000492,U10186,P10014,3,一般般吧没有想象中好,2026-09-08 12:40:00,否,,2,50,,
R202609003703,O202609000697,U10435,P10017,4,手机性价比超高续航一天没问题推荐购买,2026-09-14 04:40:06,是,追评：发现了一些问题希望改进,0,0,,
R202609003704,O202609006999,U10245,P10004,5,保温效果很好外观也漂亮物流很快,2026-09-07 02:00:57,是,追评：发现了一些问题希望改进,2,15,感谢您的认可欢迎下次光临,2026-09-07 04:00:57
R202609003705,O202609006774,U10067,P10010,5,客服态度好有问必答点赞,2026-09-07 17:18:20,否,,3,14,感谢您的理解祝您生活愉快,2026-09-07 18:18:20
R202609003706,O202609003770,U10043,P10001,4,客服态度好有问必答点赞,2026-09-05 14:50:50,否,,0,16,,
R202609003707,O202609006887,U10132,P10006,3,包装有点简陋东西没问题,2026-09-14 21:45:31,是,用了一段时间来追评确实不错,0,42,已收到您的反馈我们会尽快处理,2026-09-14 22:45:31
R202609003708,O202609002357,U10330,P10018,3,质量凑合对得起这个价格,2026-09-05 10:56:44,是,售后处理很快满意,1,47,感谢您的认可欢迎下次光临,2026-09-05 15:56:44
R202609003709,O202609001529,U10013,P10003,4,质量很好做工精细值得购买,2026-09-12 04:23:29,否,,1,30,,
R202609003710,O202609008260,U10471,P10017,4,绘本内容不错孩子很喜欢,2026-09-07 20:20:26,否,,2,15,感谢您的理解祝您生活愉快,2026-09-08 01:20:26
R202609003711,O202609002612,U10133,P10020,2,收到货发现有瑕疵要求换货,2026-09-09 15:08:20,是,追评：质量比预期好,3,40,感谢您的认可欢迎下次光临,2026-09-09 17:08:20
R202609003712,O202609000871,U10437,P10010,4,颜色正没有色差穿着舒服,2026-09-07 04:14:59,否,,3,20,,
R202609003713,O202609006684,U10009,P10011,4,颜色正没有色差穿着舒服,2026-09-05 06:53:40,否,,1,48,感谢您的认可欢迎下次光临,2026-09-05 08:53:40
R202609003714,O202609008931,U10348,P10019,1,跟描述完全不符要求退货,2026-09-08 12:07:01,否,,2,48,,
R202609003715,O202609009616,U10036,P10003,4,物流超快第二天就到了包装完好,2026-09-07 17:17:05,否,,0,23,,
R202609003716,O202609003641,U10119,P10005,4,物流超快第二天就到了包装完好,2026-09-10 16:02:16,否,,1,18,,
R202609003717,O202609003781,U10161,P10004,4,绘本内容不错孩子很喜欢,2026-09-13 03:00:25,否,,3,17,已收到您的反馈我们会尽快处理,2026-09-13 04:00:25
R202609003718,O202609002805,U10443,P10015,4,质量很好做工精细值得购买,2026-09-14 07:52:44,是,售后处理很快满意,2,17,感谢您的理解祝您生活愉快,2026-09-14 11:52:44
R202609003719,O202609001252,U10041,P10003,2,物流慢得要死等了一周,2026-09-06 10:14:05,是,用了一段时间来追评确实不错,1,22,感谢您的理解祝您生活愉快,2026-09-06 12:14:05
R202609003720,O202609001486,U10368,P10016,4,手机性价比超高续航一天没问题推荐购买,2026-09-12 22:04:59,否,,2,43,,
R202609003721,O202609009202,U10478,P10010,1,用了两天就坏了质量太差,2026-09-08 02:00:43,是,追评：发现了一些问题希望改进,0,46,,
R202609003722,O202609004978,U10364,P10001,2,物流慢得要死等了一周,2026-09-10 10:49:19,否,,1,42,非常抱歉给您带来不好的体验我们会改进,2026-09-10 13:49:19
R202609003723,O202609006977,U10065,P10002,4,价格实惠比实体店便宜很多,2026-09-09 12:46:27,否,,1,41,,
R202609003724,O202609005778,U10089,P10019,5,绘本内容不错孩子很喜欢,2026-09-06 04:03:55,否,,3,0,非常抱歉给您带来不好的体验我们会改进,2026-09-06 09:03:55
R202609003725,O202609000101,U10283,P10016,5,价格实惠比实体店便宜很多,2026-09-12 05:28:47,否,,0,16,,
R202609003726,O202609005148,U10280,P10006,1,客服态度恶劣不理人,2026-09-06 22:52:13,否,,1,11,,
R202609003727,O202609006073,U10269,P10005,4,价格实惠比实体店便宜很多,2026-09-12 20:29:24,否,,0,3,已收到您的反馈我们会尽快处理,2026-09-12 23:29:24
R202609003728,O202609004484,U10442,P10002,4,客服态度好有问必答点赞,2026-09-06 19:45:57,否,,3,20,,
R202609003729,O202609000803,U10444,P10009,5,价格实惠比实体店便宜很多,2026-09-07 06:39:52,否,,0,30,,
R202609003730,O202609006770,U10156,P10011,5,颜色正没有色差穿着舒服,2026-09-10 13:13:32,否,,3,29,,
R202609003731,O202609003118,U10193,P10017,4,物流超快第二天就到了包装完好,2026-09-10 19:59:54,否,,1,20,非常抱歉给您带来不好的体验我们会改进,2026-09-10 22:59:54
R202609003732,O202609006880,U10455,P10016,5,价格实惠比实体店便宜很多,2026-09-06 09:57:39,否,,2,32,感谢您的理解祝您生活愉快,2026-09-06 12:57:39
R202609003733,O202609009633,U10099,P10006,3,东西还行就是发货慢了点,2026-09-12 05:11:44,否,,1,8,感谢您的认可欢迎下次光临,2026-09-12 08:11:44
R202609003734,O202609002181,U10476,P10004,5,保温效果很好外观也漂亮物流很快,2026-09-14 09:19:30,是,售后处理很快满意,1,39,感谢您的理解祝您生活愉快,2026-09-14 10:19:30
R202609003735,O202609003355,U10296,P10016,4,保温效果很好外观也漂亮物流很快,2026-09-08 07:53:20,是,追评：质量比预期好,1,33,已收到您的反馈我们会尽快处理,2026-09-08 09:53:20
R202609003736,O202609006063,U10467,P10002,5,质量很好做工精细值得购买,2026-09-05 02:50:59,否,,2,5,感谢您的认可欢迎下次光临,2026-09-05 05:50:59
R202609003737,O202609007456,U10297,P10004,3,质量凑合对得起这个价格,2026-09-09 07:20:06,否,,2,31,已收到您的反馈我们会尽快处理,2026-09-09 09:20:06
R202609003738,O202609008595,U10305,P10002,3,东西还行就是发货慢了点,2026-09-12 04:01:03,否,,1,17,,
R202609003739,O202609007174,U10436,P10020,3,质量凑合对得起这个价格,2026-09-10 10:29:25,否,,2,23,,
R202609003740,O202609008805,U10459,P10007,1,用了两天就坏了质量太差,2026-09-11 01:06:45,否,,2,20,,
R202609003741,O202609009627,U10363,P10011,2,物流慢得要死等了一周,2026-09-12 19:02:49,是,售后处理很快满意,2,36,已收到您的反馈我们会尽快处理,2026-09-13 00:02:49
R202609003742,O202609007692,U10139,P10006,4,手机性价比超高续航一天没问题推荐购买,2026-09-14 09:40:45,是,追评：质量比预期好,2,28,感谢您的理解祝您生活愉快,2026-09-14 12:40:45
R202609003743,O202609006058,U10221,P10005,5,物流超快第二天就到了包装完好,2026-09-10 12:53:15,是,售后处理很快满意,0,50,,
R202609003744,O202609007010,U10149,P10006,4,物流超快第二天就到了包装完好,2026-09-10 05:23:47,否,,2,31,已收到您的反馈我们会尽快处理,2026-09-10 07:23:47
R202609003745,O202609004746,U10409,P10003,3,包装有点简陋东西没问题,2026-09-13 13:02:00,否,,3,4,,
R202609003746,O202609004861,U10225,P10013,3,一般般吧没有想象中好,2026-09-14 22:36:05,否,,3,2,非常抱歉给您带来不好的体验我们会改进,2026-09-15 01:36:05
R202609003747,O202609003355,U10426,P10017,3,一般般吧没有想象中好,2026-09-08 00:27:21,否,,3,8,感谢您的理解祝您生活愉快,2026-09-08 03:27:21
R202609003748,O202609009983,U10292,P10001,5,绘本内容不错孩子很喜欢,2026-09-14 12:25:07,否,,1,26,非常抱歉给您带来不好的体验我们会改进,2026-09-14 13:25:07
R202609003749,O202609008294,U10376,P10011,4,物流超快第二天就到了包装完好,2026-09-07 07:05:47,否,,0,44,,
R202609003750,O202609000374,U10171,P10003,5,绘本内容不错孩子很喜欢,2026-09-09 22:22:30,否,,1,14,感谢您的认可欢迎下次光临,2026-09-10 01:22:30
R202609003751,O202609008272,U10181,P10018,5,手机性价比超高续航一天没问题推荐购买,2026-09-09 16:55:13,否,,2,8,已收到您的反馈我们会尽快处理,2026-09-09 21:55:13
R202609003752,O202609005069,U10299,P10016,4,客服态度好有问必答点赞,2026-09-12 07:19:51,否,,0,0,感谢您的认可欢迎下次光临,2026-09-12 11:19:51
R202609003753,O202609002153,U10168,P10010,5,手机性价比超高续航一天没问题推荐购买,2026-09-06 21:04:57,是,售后处理很快满意,1,20,非常抱歉给您带来不好的体验我们会改进,2026-09-07 00:04:57
R202609003754,O202609009043,U10152,P10005,4,价格实惠比实体店便宜很多,2026-09-13 03:08:11,否,,3,19,感谢您的理解祝您生活愉快,2026-09-13 07:08:11
R202609003755,O202609005526,U10203,P10020,2,收到货发现有瑕疵要求换货,2026-09-11 01:13:40,否,,3,45,已收到您的反馈我们会尽快处理,2026-09-11 04:13:40
R202609003756,O202609004232,U10262,P10010,4,保温效果很好外观也漂亮物流很快,2026-09-13 11:41:33,否,,0,24,感谢您的认可欢迎下次光临,2026-09-13 13:41:33
R202609003757,O202609000529,U10035,P10011,4,客服态度好有问必答点赞,2026-09-14 21:23:25,否,,3,24,,
R202609003758,O202609008638,U10467,P10009,3,质量凑合对得起这个价格,2026-09-14 13:23:36,否,,2,45,感谢您的理解祝您生活愉快,2026-09-14 15:23:36
R202609003759,O202609001655,U10102,P10013,5,绘本内容不错孩子很喜欢,2026-09-13 11:59:56,否,,2,21,,
R202609003760,O202609007252,U10131,P10005,3,一般般吧没有想象中好,2026-09-13 19:19:56,否,,2,24,感谢您的认可欢迎下次光临,2026-09-13 23:19:56
R202609003761,O202609000136,U10372,P10006,5,颜色正没有色差穿着舒服,2026-09-07 17:59:26,是,售后处理很快满意,0,28,非常抱歉给您带来不好的体验我们会改进,2026-09-07 19:59:26
R202609003762,O202609009669,U10437,P10020,5,颜色正没有色差穿着舒服,2026-09-14 18:42:58,否,,3,49,感谢您的认可欢迎下次光临,2026-09-14 23:42:58
R202609003763,O202609008983,U10210,P10002,5,手机性价比超高续航一天没问题推荐购买,2026-09-07 23:34:23,否,,1,6,感谢您的认可欢迎下次光临,2026-09-08 04:34:23
R202609003764,O202609009996,U10500,P10017,3,质量凑合对得起这个价格,2026-09-06 06:20:41,否,,2,1,感谢您的认可欢迎下次光临,2026-09-06 11:20:41
R202609003765,O202609009154,U10397,P10017,5,颜色正没有色差穿着舒服,2026-09-07 11:29:03,是,售后处理很快满意,0,37,,
R202609003766,O202609002290,U10225,P10013,2,收到货发现有瑕疵要求换货,2026-09-06 09:01:23,否,,2,3,感谢您的认可欢迎下次光临,2026-09-06 10:01:23
R202609003767,O202609000033,U10286,P10008,3,一般般吧没有想象中好,2026-09-05 16:30:36,否,,1,43,感谢您的认可欢迎下次光临,2026-09-05 19:30:36
R202609003768,O202609009758,U10017,P10019,1,收到货发现有瑕疵要求换货,2026-09-13 07:09:02,否,,0,14,,
R202609003769,O202609006343,U10064,P10018,4,保温效果很好外观也漂亮物流很快,2026-09-10 15:01:56,否,,2,38,非常抱歉给您带来不好的体验我们会改进,2026-09-10 20:01:56
R202609003770,O202609009599,U10313,P10003,5,客服态度好有问必答点赞,2026-09-05 13:32:46,否,,0,15,,
R202609003771,O202609000272,U10212,P10004,4,颜色正没有色差穿着舒服,2026-09-08 11:19:04,否,,0,28,非常抱歉给您带来不好的体验我们会改进,2026-09-08 13:19:04
R202609003772,O202609008791,U10081,P10003,4,质量很好做工精细值得购买,2026-09-09 04:21:49,是,售后处理很快满意,0,31,已收到您的反馈我们会尽快处理,2026-09-09 05:21:49
R202609003773,O202609008967,U10112,P10005,3,包装有点简陋东西没问题,2026-09-08 18:41:24,否,,0,23,非常抱歉给您带来不好的体验我们会改进,2026-09-08 22:41:24
R202609003774,O202609002209,U10118,P10005,4,保温效果很好外观也漂亮物流很快,2026-09-08 13:16:13,否,,2,45,感谢您的认可欢迎下次光临,2026-09-08 15:16:13
R202609003775,O202609005454,U10138,P10007,5,质量很好做工精细值得购买,2026-09-05 03:41:53,否,,0,25,非常抱歉给您带来不好的体验我们会改进,2026-09-05 06:41:53
R202609003776,O202609009816,U10020,P10019,5,手机性价比超高续航一天没问题推荐购买,2026-09-10 11:49:37,否,,3,43,,
R202609003777,O202609007491,U10484,P10002,5,客服态度好有问必答点赞,2026-09-10 17:00:26,否,,0,11,已收到您的反馈我们会尽快处理,2026-09-10 19:00:26
R202609003778,O202609008815,U10001,P10002,2,鞋子偏小一码穿了半天脚疼,2026-09-12 03:46:53,否,,1,48,,
R202609003779,O202609003710,U10229,P10015,4,颜色正没有色差穿着舒服,2026-09-08 11:18:24,是,追评：质量比预期好,2,1,已收到您的反馈我们会尽快处理,2026-09-08 16:18:24
R202609003780,O202609004622,U10135,P10008,4,保温效果很好外观也漂亮物流很快,2026-09-07 11:36:35,否,,1,43,非常抱歉给您带来不好的体验我们会改进,2026-09-07 14:36:35
R202609003781,O202609000896,U10003,P10005,5,绘本内容不错孩子很喜欢,2026-09-10 23:27:30,否,,2,19,,
R202609003782,O202609002660,U10029,P10008,3,一般般吧没有想象中好,2026-09-05 15:52:21,否,,2,49,感谢您的理解祝您生活愉快,2026-09-05 17:52:21
R202609003783,O202609002722,U10198,P10019,1,鞋子偏小一码穿了半天脚疼,2026-09-07 15:53:34,否,,2,13,,
R202609003784,O202609008894,U10222,P10017,4,手机性价比超高续航一天没问题推荐购买,2026-09-06 10:04:37,否,,2,50,感谢您的理解祝您生活愉快,2026-09-06 12:04:37
R202609003785,O202609002536,U10120,P10005,2,收到货发现有瑕疵要求换货,2026-09-11 02:56:00,否,,1,31,已收到您的反馈我们会尽快处理,2026-09-11 05:56:00
R202609003786,O202609005738,U10129,P10017,4,手机性价比超高续航一天没问题推荐购买,2026-09-11 03:55:56,否,,2,21,已收到您的反馈我们会尽快处理,2026-09-11 08:55:56
R202609003787,O202609000944,U10282,P10015,5,价格实惠比实体店便宜很多,2026-09-14 11:35:06,是,追评：发现了一些问题希望改进,1,0,感谢您的认可欢迎下次光临,2026-09-14 14:35:06
R202609003788,O202609009540,U10378,P10006,5,颜色正没有色差穿着舒服,2026-09-11 21:31:39,否,,3,23,,
R202609003789,O202609007134,U10430,P10018,4,物流超快第二天就到了包装完好,2026-09-14 13:15:17,否,,0,9,感谢您的认可欢迎下次光临,2026-09-14 17:15:17
R202609003790,O202609004239,U10306,P10008,5,客服态度好有问必答点赞,2026-09-11 08:01:17,否,,2,7,感谢您的理解祝您生活愉快,2026-09-11 09:01:17
R202609003791,O202609004483,U10297,P10004,4,客服态度好有问必答点赞,2026-09-12 20:47:08,否,,2,27,感谢您的认可欢迎下次光临,2026-09-13 01:47:08
R202609003792,O202609008851,U10379,P10007,5,手机性价比超高续航一天没问题推荐购买,2026-09-05 04:09:27,否,,3,48,感谢您的理解祝您生活愉快,2026-09-05 06:09:27
R202609003793,O202609002445,U10139,P10005,3,质量凑合对得起这个价格,2026-09-14 11:33:29,否,,1,43,感谢您的认可欢迎下次光临,2026-09-14 15:33:29
R202609003794,O202609007521,U10058,P10003,5,客服态度好有问必答点赞,2026-09-05 20:01:23,否,,0,37,感谢您的理解祝您生活愉快,2026-09-06 01:01:23
R202609003795,O202609000259,U10166,P10011,5,物流超快第二天就到了包装完好,2026-09-10 06:03:44,否,,0,13,感谢您的认可欢迎下次光临,2026-09-10 07:03:44
R202609003796,O202609009510,U10500,P10012,5,手机性价比超高续航一天没问题推荐购买,2026-09-09 06:22:38,否,,3,36,感谢您的认可欢迎下次光临,2026-09-09 07:22:38
R202609003797,O202609002360,U10431,P10001,5,手机性价比超高续航一天没问题推荐购买,2026-09-13 08:16:58,否,,2,43,,
R202609003798,O202609003300,U10067,P10013,5,价格实惠比实体店便宜很多,2026-09-07 01:11:11,否,,0,19,非常抱歉给您带来不好的体验我们会改进,2026-09-07 03:11:11
R202609003799,O202609009646,U10360,P10008,1,跟描述完全不符要求退货,2026-09-08 18:58:39,否,,3,11,,
R202609003800,O202609003564,U10310,P10008,2,跟描述完全不符要求退货,2026-09-05 07:00:43,否,,2,15,感谢您的认可欢迎下次光临,2026-09-05 08:00:43
R202609003801,O202609002619,U10277,P10011,3,一般般吧没有想象中好,2026-09-06 03:59:17,否,,0,23,非常抱歉给您带来不好的体验我们会改进,2026-09-06 04:59:17
R202609003802,O202609001817,U10025,P10011,5,颜色正没有色差穿着舒服,2026-09-10 22:01:21,否,,0,20,,
R202609003803,O202609006724,U10017,P10002,4,颜色正没有色差穿着舒服,2026-09-13 18:19:49,否,,3,12,,
R202609003804,O202609003142,U10120,P10016,5,保温效果很好外观也漂亮物流很快,2026-09-07 15:23:37,否,,0,0,已收到您的反馈我们会尽快处理,2026-09-07 18:23:37
R202609003805,O202609004436,U10233,P10007,4,客服态度好有问必答点赞,2026-09-08 23:54:49,否,,2,15,非常抱歉给您带来不好的体验我们会改进,2026-09-09 04:54:49
R202609003806,O202609003223,U10303,P10018,5,颜色正没有色差穿着舒服,2026-09-13 16:55:11,否,,2,5,,
R202609003807,O202609007501,U10135,P10004,4,手机性价比超高续航一天没问题推荐购买,2026-09-08 21:19:38,否,,0,1,感谢您的理解祝您生活愉快,2026-09-08 23:19:38
R202609003808,O202609000837,U10225,P10001,5,手机性价比超高续航一天没问题推荐购买,2026-09-06 01:14:14,否,,2,31,已收到您的反馈我们会尽快处理,2026-09-06 05:14:14
R202609003809,O202609002632,U10367,P10008,5,质量很好做工精细值得购买,2026-09-05 00:56:36,否,,1,21,感谢您的认可欢迎下次光临,2026-09-05 03:56:36
R202609003810,O202609002278,U10446,P10003,1,客服态度恶劣不理人,2026-09-06 13:24:56,否,,0,0,,
R202609003811,O202609003588,U10155,P10005,5,手机性价比超高续航一天没问题推荐购买,2026-09-06 23:36:07,否,,3,0,,
R202609003812,O202609000662,U10259,P10005,5,客服态度好有问必答点赞,2026-09-11 05:17:59,否,,2,0,非常抱歉给您带来不好的体验我们会改进,2026-09-11 09:17:59
R202609003813,O202609009276,U10127,P10003,1,用了两天就坏了质量太差,2026-09-08 18:45:08,否,,2,49,,
R202609003814,O202609008689,U10430,P10018,5,颜色正没有色差穿着舒服,2026-09-09 17:16:24,否,,0,4,感谢您的理解祝您生活愉快,2026-09-09 22:16:24
R202609003815,O202609009764,U10415,P10011,3,一般般吧没有想象中好,2026-09-11 03:43:23,是,追评：发现了一些问题希望改进,3,44,,
R202609003816,O202609001063,U10023,P10014,4,保温效果很好外观也漂亮物流很快,2026-09-05 13:42:36,是,售后处理很快满意,1,4,,
R202609003817,O202609005939,U10472,P10011,3,东西还行就是发货慢了点,2026-09-14 23:32:36,否,,1,29,非常抱歉给您带来不好的体验我们会改进,2026-09-15 00:32:36
R202609003818,O202609004893,U10082,P10019,4,质量很好做工精细值得购买,2026-09-09 06:55:31,否,,3,50,感谢您的认可欢迎下次光临,2026-09-09 08:55:31
R202609003819,O202609003011,U10123,P10012,4,质量很好做工精细值得购买,2026-09-11 18:02:19,否,,2,24,,
R202609003820,O202609004631,U10139,P10011,5,价格实惠比实体店便宜很多,2026-09-12 00:07:26,是,追评：质量比预期好,3,47,已收到您的反馈我们会尽快处理,2026-09-12 02:07:26
R202609003821,O202609003415,U10330,P10005,4,绘本内容不错孩子很喜欢,2026-09-09 04:24:08,否,,0,29,已收到您的反馈我们会尽快处理,2026-09-09 05:24:08
R202609003822,O202609004426,U10026,P10007,5,手机性价比超高续航一天没问题推荐购买,2026-09-13 01:12:40,否,,3,45,,
R202609003823,O202609004920,U10266,P10004,2,客服态度恶劣不理人,2026-09-09 22:59:22,否,,2,28,感谢您的认可欢迎下次光临,2026-09-10 00:59:22
R202609003824,O202609006816,U10457,P10013,5,保温效果很好外观也漂亮物流很快,2026-09-09 03:08:17,否,,0,6,感谢您的理解祝您生活愉快,2026-09-09 07:08:17
R202609003825,O202609002427,U10067,P10008,4,价格实惠比实体店便宜很多,2026-09-14 01:40:56,否,,0,3,,
R202609003826,O202609004564,U10053,P10008,3,包装有点简陋东西没问题,2026-09-13 12:21:12,否,,1,49,,
R202609003827,O202609003214,U10365,P10007,4,物流超快第二天就到了包装完好,2026-09-13 01:39:20,否,,1,13,非常抱歉给您带来不好的体验我们会改进,2026-09-13 05:39:20
R202609003828,O202609000796,U10004,P10008,4,客服态度好有问必答点赞,2026-09-09 23:06:34,否,,1,34,非常抱歉给您带来不好的体验我们会改进,2026-09-10 02:06:34
R202609003829,O202609007574,U10378,P10004,3,东西还行就是发货慢了点,2026-09-08 21:57:00,否,,1,0,已收到您的反馈我们会尽快处理,2026-09-09 02:57:00
R202609003830,O202609009594,U10410,P10014,1,跟描述完全不符要求退货,2026-09-14 00:41:13,否,,3,22,,
R202609003831,O202609005979,U10209,P10014,1,跟描述完全不符要求退货,2026-09-08 13:04:55,否,,3,21,感谢您的理解祝您生活愉快,2026-09-08 18:04:55
R202609003832,O202609008131,U10038,P10005,1,鞋子偏小一码穿了半天脚疼,2026-09-14 02:58:00,是,用了一段时间来追评确实不错,0,18,,
R202609003833,O202609001729,U10211,P10005,5,绘本内容不错孩子很喜欢,2026-09-05 22:24:23,否,,1,44,非常抱歉给您带来不好的体验我们会改进,2026-09-05 23:24:23
R202609003834,O202609006584,U10197,P10005,3,一般般吧没有想象中好,2026-09-08 04:59:34,否,,3,24,已收到您的反馈我们会尽快处理,2026-09-08 05:59:34
R202609003835,O202609003932,U10353,P10019,5,手机性价比超高续航一天没问题推荐购买,2026-09-12 02:44:00,否,,1,0,感谢您的认可欢迎下次光临,2026-09-12 06:44:00
R202609003836,O202609003996,U10288,P10002,2,收到货发现有瑕疵要求换货,2026-09-10 03:03:38,否,,1,15,感谢您的理解祝您生活愉快,2026-09-10 04:03:38
R202609003837,O202609002436,U10071,P10003,5,保温效果很好外观也漂亮物流很快,2026-09-09 19:41:20,否,,0,1,,
R202609003838,O202609004689,U10368,P10004,4,绘本内容不错孩子很喜欢,2026-09-13 23:40:31,否,,1,12,,
R202609003839,O202609003263,U10176,P10008,5,质量很好做工精细值得购买,2026-09-08 15:54:26,否,,3,0,感谢您的理解祝您生活愉快,2026-09-08 18:54:26
R202609003840,O202609004285,U10093,P10009,4,绘本内容不错孩子很喜欢,2026-09-09 19:14:57,否,,3,25,,
R202609003841,O202609009425,U10172,P10002,5,保温效果很好外观也漂亮物流很快,2026-09-07 13:59:08,否,,0,8,已收到您的反馈我们会尽快处理,2026-09-07 18:59:08
R202609003842,O202609006179,U10302,P10005,5,质量很好做工精细值得购买,2026-09-07 10:57:23,否,,0,28,已收到您的反馈我们会尽快处理,2026-09-07 11:57:23
R202609003843,O202609009600,U10264,P10001,5,手机性价比超高续航一天没问题推荐购买,2026-09-09 06:45:23,否,,3,8,已收到您的反馈我们会尽快处理,2026-09-09 11:45:23
R202609003844,O202609000297,U10206,P10006,4,保温效果很好外观也漂亮物流很快,2026-09-12 17:45:21,否,,0,3,感谢您的理解祝您生活愉快,2026-09-12 22:45:21
R202609003845,O202609008230,U10210,P10009,5,物流超快第二天就到了包装完好,2026-09-14 08:33:51,否,,3,47,已收到您的反馈我们会尽快处理,2026-09-14 09:33:51
R202609003846,O202609005610,U10293,P10001,5,客服态度好有问必答点赞,2026-09-07 17:09:00,否,,3,15,感谢您的认可欢迎下次光临,2026-09-07 21:09:00
R202609003847,O202609006562,U10089,P10010,4,客服态度好有问必答点赞,2026-09-12 05:11:38,否,,1,4,感谢您的认可欢迎下次光临,2026-09-12 10:11:38
R202609003848,O202609009763,U10091,P10008,3,一般般吧没有想象中好,2026-09-08 15:21:53,否,,0,13,非常抱歉给您带来不好的体验我们会改进,2026-09-08 19:21:53
R202609003849,O202609007250,U10050,P10020,4,绘本内容不错孩子很喜欢,2026-09-12 12:24:20,否,,3,10,,
R202609003850,O202609008834,U10381,P10019,3,包装有点简陋东西没问题,2026-09-05 09:10:51,是,用了一段时间来追评确实不错,1,0,感谢您的认可欢迎下次光临,2026-09-05 13:10:51
R202609003851,O202609006822,U10332,P10011,2,物流慢得要死等了一周,2026-09-07 23:04:17,否,,0,17,非常抱歉给您带来不好的体验我们会改进,2026-09-08 03:04:17
R202609003852,O202609007743,U10011,P10006,5,绘本内容不错孩子很喜欢,2026-09-07 18:26:49,否,,3,1,感谢您的理解祝您生活愉快,2026-09-07 19:26:49
R202609003853,O202609006140,U10056,P10019,5,保温效果很好外观也漂亮物流很快,2026-09-09 04:28:18,否,,3,17,,
R202609003854,O202609008358,U10206,P10015,3,东西还行就是发货慢了点,2026-09-14 21:55:44,否,,3,46,非常抱歉给您带来不好的体验我们会改进,2026-09-14 22:55:44
R202609003855,O202609000467,U10430,P10020,5,价格实惠比实体店便宜很多,2026-09-07 03:06:18,否,,1,49,感谢您的认可欢迎下次光临,2026-09-07 07:06:18
R202609003856,O202609008384,U10179,P10005,5,保温效果很好外观也漂亮物流很快,2026-09-06 11:50:06,否,,3,22,非常抱歉给您带来不好的体验我们会改进,2026-09-06 12:50:06
R202609003857,O202609006396,U10039,P10020,4,客服态度好有问必答点赞,2026-09-06 08:31:41,否,,3,21,,
R202609003858,O202609004937,U10083,P10003,4,质量很好做工精细值得购买,2026-09-07 17:36:24,是,追评：质量比预期好,3,3,,
R202609003859,O202609006649,U10287,P10015,5,价格实惠比实体店便宜很多,2026-09-13 08:32:12,是,用了一段时间来追评确实不错,3,40,,
R202609003860,O202609002977,U10326,P10002,4,物流超快第二天就到了包装完好,2026-09-10 08:17:51,否,,2,27,感谢您的认可欢迎下次光临,2026-09-10 12:17:51
R202609003861,O202609009990,U10374,P10016,5,质量很好做工精细值得购买,2026-09-13 08:32:27,否,,3,15,感谢您的认可欢迎下次光临,2026-09-13 11:32:27
R202609003862,O202609009329,U10402,P10004,5,手机性价比超高续航一天没问题推荐购买,2026-09-05 17:44:00,否,,2,17,已收到您的反馈我们会尽快处理,2026-09-05 18:44:00
R202609003863,O202609008320,U10133,P10012,3,一般般吧没有想象中好,2026-09-12 19:01:54,否,,3,37,感谢您的理解祝您生活愉快,2026-09-12 23:01:54
R202609003864,O202609008263,U10374,P10002,5,价格实惠比实体店便宜很多,2026-09-09 14:00:17,否,,1,7,感谢您的认可欢迎下次光临,2026-09-09 15:00:17
R202609003865,O202609000282,U10045,P10008,4,物流超快第二天就到了包装完好,2026-09-10 05:53:30,是,追评：发现了一些问题希望改进,2,30,已收到您的反馈我们会尽快处理,2026-09-10 09:53:30
R202609003866,O202609005339,U10191,P10016,3,东西还行就是发货慢了点,2026-09-11 17:31:17,否,,2,20,非常抱歉给您带来不好的体验我们会改进,2026-09-11 21:31:17
R202609003867,O202609007356,U10407,P10010,5,保温效果很好外观也漂亮物流很快,2026-09-05 04:34:11,否,,2,29,已收到您的反馈我们会尽快处理,2026-09-05 09:34:11
R202609003868,O202609006855,U10252,P10005,5,客服态度好有问必答点赞,2026-09-08 11:57:18,否,,0,4,,
R202609003869,O202609006447,U10153,P10019,3,东西还行就是发货慢了点,2026-09-13 08:54:40,是,追评：质量比预期好,0,17,非常抱歉给您带来不好的体验我们会改进,2026-09-13 10:54:40
R202609003870,O202609008387,U10312,P10004,2,客服态度恶劣不理人,2026-09-10 23:45:11,否,,3,3,感谢您的认可欢迎下次光临,2026-09-11 01:45:11
R202609003871,O202609008907,U10234,P10013,5,保温效果很好外观也漂亮物流很快,2026-09-06 04:47:01,否,,2,37,已收到您的反馈我们会尽快处理,2026-09-06 07:47:01
R202609003872,O202609007333,U10034,P10001,5,颜色正没有色差穿着舒服,2026-09-12 12:41:50,否,,1,4,感谢您的理解祝您生活愉快,2026-09-12 16:41:50
R202609003873,O202609007218,U10374,P10017,4,手机性价比超高续航一天没问题推荐购买,2026-09-09 23:34:17,是,用了一段时间来追评确实不错,0,25,已收到您的反馈我们会尽快处理,2026-09-10 03:34:17
R202609003874,O202609009452,U10250,P10004,4,价格实惠比实体店便宜很多,2026-09-12 20:03:17,否,,3,13,已收到您的反馈我们会尽快处理,2026-09-13 00:03:17
R202609003875,O202609001268,U10451,P10016,4,颜色正没有色差穿着舒服,2026-09-14 23:51:13,否,,2,14,已收到您的反馈我们会尽快处理,2026-09-15 03:51:13
R202609003876,O202609006722,U10255,P10014,4,绘本内容不错孩子很喜欢,2026-09-05 00:30:08,否,,2,21,,
R202609003877,O202609007574,U10313,P10020,1,鞋子偏小一码穿了半天脚疼,2026-09-14 12:27:15,否,,1,32,感谢您的认可欢迎下次光临,2026-09-14 16:27:15
R202609003878,O202609001702,U10300,P10015,4,物流超快第二天就到了包装完好,2026-09-06 02:24:57,否,,1,29,已收到您的反馈我们会尽快处理,2026-09-06 04:24:57
R202609003879,O202609006308,U10123,P10003,4,手机性价比超高续航一天没问题推荐购买,2026-09-05 18:49:59,否,,2,12,非常抱歉给您带来不好的体验我们会改进,2026-09-05 22:49:59
R202609003880,O202609001698,U10409,P10019,4,颜色正没有色差穿着舒服,2026-09-13 05:39:56,是,用了一段时间来追评确实不错,1,27,,
R202609003881,O202609004760,U10452,P10019,3,一般般吧没有想象中好,2026-09-12 04:19:57,否,,2,46,已收到您的反馈我们会尽快处理,2026-09-12 08:19:57
R202609003882,O202609008009,U10192,P10013,4,颜色正没有色差穿着舒服,2026-09-14 14:35:03,否,,0,42,感谢您的理解祝您生活愉快,2026-09-14 18:35:03
R202609003883,O202609006707,U10285,P10010,3,一般般吧没有想象中好,2026-09-07 10:54:02,否,,3,30,感谢您的认可欢迎下次光临,2026-09-07 14:54:02
R202609003884,O202609002295,U10274,P10014,3,质量凑合对得起这个价格,2026-09-08 18:35:21,否,,0,37,非常抱歉给您带来不好的体验我们会改进,2026-09-08 20:35:21
R202609003885,O202609008075,U10190,P10009,1,客服态度恶劣不理人,2026-09-10 10:29:01,否,,1,5,感谢您的理解祝您生活愉快,2026-09-10 13:29:01
R202609003886,O202609006106,U10069,P10006,5,保温效果很好外观也漂亮物流很快,2026-09-05 23:24:50,否,,2,37,感谢您的理解祝您生活愉快,2026-09-06 04:24:50
R202609003887,O202609005861,U10273,P10004,5,物流超快第二天就到了包装完好,2026-09-12 10:23:03,否,,1,25,已收到您的反馈我们会尽快处理,2026-09-12 13:23:03
R202609003888,O202609007585,U10401,P10012,4,质量很好做工精细值得购买,2026-09-08 03:39:00,是,用了一段时间来追评确实不错,1,20,,
R202609003889,O202609005176,U10042,P10019,5,客服态度好有问必答点赞,2026-09-07 21:41:12,否,,0,16,感谢您的认可欢迎下次光临,2026-09-07 22:41:12
R202609003890,O202609004907,U10420,P10005,4,质量很好做工精细值得购买,2026-09-05 03:03:14,是,追评：发现了一些问题希望改进,0,25,,
R202609003891,O202609005044,U10071,P10017,3,质量凑合对得起这个价格,2026-09-08 00:28:18,是,售后处理很快满意,1,23,,
R202609003892,O202609009072,U10098,P10019,3,质量凑合对得起这个价格,2026-09-09 09:50:22,是,追评：发现了一些问题希望改进,3,39,,
R202609003893,O202609007241,U10302,P10010,5,绘本内容不错孩子很喜欢,2026-09-12 02:52:28,否,,0,7,,
R202609003894,O202609006641,U10123,P10013,2,用了两天就坏了质量太差,2026-09-13 01:37:35,否,,1,22,已收到您的反馈我们会尽快处理,2026-09-13 04:37:35
R202609003895,O202609006017,U10189,P10016,3,包装有点简陋东西没问题,2026-09-10 17:10:04,否,,2,47,,
R202609003896,O202609006148,U10333,P10010,1,鞋子偏小一码穿了半天脚疼,2026-09-06 23:36:59,是,用了一段时间来追评确实不错,1,36,,
R202609003897,O202609002466,U10424,P10003,5,价格实惠比实体店便宜很多,2026-09-13 00:54:30,是,追评：发现了一些问题希望改进,1,35,感谢您的认可欢迎下次光临,2026-09-13 05:54:30
R202609003898,O202609005500,U10115,P10014,5,手机性价比超高续航一天没问题推荐购买,2026-09-10 13:30:35,否,,2,9,已收到您的反馈我们会尽快处理,2026-09-10 17:30:35
R202609003899,O202609008314,U10025,P10018,5,物流超快第二天就到了包装完好,2026-09-07 11:32:36,否,,3,21,已收到您的反馈我们会尽快处理,2026-09-07 14:32:36
R202609003900,O202609004202,U10411,P10009,5,颜色正没有色差穿着舒服,2026-09-10 03:05:12,否,,2,50,已收到您的反馈我们会尽快处理,2026-09-10 06:05:12
R202609003901,O202609001383,U10455,P10012,4,物流超快第二天就到了包装完好,2026-09-08 20:38:00,否,,1,10,感谢您的理解祝您生活愉快,2026-09-09 01:38:00
R202609003902,O202609008528,U10118,P10008,4,价格实惠比实体店便宜很多,2026-09-08 04:06:29,否,,3,17,,
R202609003903,O202609007801,U10274,P10017,3,包装有点简陋东西没问题,2026-09-14 23:30:06,否,,1,5,,
R202609003904,O202609001385,U10177,P10007,5,绘本内容不错孩子很喜欢,2026-09-11 08:12:27,否,,1,31,,
R202609003905,O202609007310,U10064,P10006,2,鞋子偏小一码穿了半天脚疼,2026-09-12 13:33:38,否,,1,35,感谢您的认可欢迎下次光临,2026-09-12 17:33:38
R202609003906,O202609007105,U10012,P10012,1,物流慢得要死等了一周,2026-09-11 18:29:18,否,,3,6,已收到您的反馈我们会尽快处理,2026-09-11 19:29:18
R202609003907,O202609004345,U10455,P10018,5,颜色正没有色差穿着舒服,2026-09-06 23:49:33,否,,2,42,已收到您的反馈我们会尽快处理,2026-09-07 02:49:33
R202609003908,O202609000384,U10374,P10009,5,价格实惠比实体店便宜很多,2026-09-10 01:30:00,是,用了一段时间来追评确实不错,3,1,感谢您的认可欢迎下次光临,2026-09-10 02:30:00
R202609003909,O202609003175,U10026,P10011,5,绘本内容不错孩子很喜欢,2026-09-12 16:11:16,是,售后处理很快满意,1,9,非常抱歉给您带来不好的体验我们会改进,2026-09-12 19:11:16
R202609003910,O202609001592,U10324,P10020,3,一般般吧没有想象中好,2026-09-14 18:44:52,否,,1,32,,
R202609003911,O202609009161,U10172,P10002,5,颜色正没有色差穿着舒服,2026-09-06 06:37:04,否,,0,21,已收到您的反馈我们会尽快处理,2026-09-06 08:37:04
R202609003912,O202609009942,U10059,P10012,5,价格实惠比实体店便宜很多,2026-09-05 13:17:29,否,,2,9,,
R202609003913,O202609003815,U10317,P10011,3,东西还行就是发货慢了点,2026-09-12 04:31:59,否,,1,42,感谢您的理解祝您生活愉快,2026-09-12 09:31:59
R202609003914,O202609002865,U10068,P10010,5,颜色正没有色差穿着舒服,2026-09-09 11:10:26,是,追评：质量比预期好,0,3,感谢您的认可欢迎下次光临,2026-09-09 15:10:26
R202609003915,O202609003722,U10204,P10003,2,鞋子偏小一码穿了半天脚疼,2026-09-11 08:07:46,否,,3,2,非常抱歉给您带来不好的体验我们会改进,2026-09-11 09:07:46
R202609003916,O202609007461,U10163,P10016,4,物流超快第二天就到了包装完好,2026-09-14 13:20:54,否,,1,7,,
R202609003917,O202609008814,U10137,P10016,2,用了两天就坏了质量太差,2026-09-07 00:05:19,是,用了一段时间来追评确实不错,0,7,感谢您的认可欢迎下次光临,2026-09-07 02:05:19
R202609003918,O202609003394,U10112,P10002,4,价格实惠比实体店便宜很多,2026-09-14 00:18:09,是,追评：质量比预期好,1,30,,
R202609003919,O202609001910,U10370,P10016,5,绘本内容不错孩子很喜欢,2026-09-09 19:45:24,否,,0,26,感谢您的认可欢迎下次光临,2026-09-09 23:45:24
R202609003920,O202609001112,U10045,P10001,5,绘本内容不错孩子很喜欢,2026-09-10 07:32:16,是,用了一段时间来追评确实不错,1,18,非常抱歉给您带来不好的体验我们会改进,2026-09-10 11:32:16
R202609003921,O202609007829,U10370,P10003,4,绘本内容不错孩子很喜欢,2026-09-05 20:03:24,否,,3,26,感谢您的认可欢迎下次光临,2026-09-06 01:03:24
R202609003922,O202609005894,U10376,P10019,1,收到货发现有瑕疵要求换货,2026-09-13 11:28:38,否,,2,3,,
R202609003923,O202609000738,U10468,P10015,5,客服态度好有问必答点赞,2026-09-06 21:09:09,否,,3,50,已收到您的反馈我们会尽快处理,2026-09-07 02:09:09
R202609003924,O202609004827,U10425,P10012,4,质量很好做工精细值得购买,2026-09-05 00:53:48,否,,0,29,非常抱歉给您带来不好的体验我们会改进,2026-09-05 03:53:48
R202609003925,O202609005174,U10246,P10018,4,绘本内容不错孩子很喜欢,2026-09-11 23:59:54,否,,0,31,,
R202609003926,O202609006967,U10064,P10001,3,包装有点简陋东西没问题,2026-09-05 11:56:49,否,,0,50,非常抱歉给您带来不好的体验我们会改进,2026-09-05 15:56:49
R202609003927,O202609007997,U10245,P10011,4,价格实惠比实体店便宜很多,2026-09-14 03:29:42,否,,3,42,,
R202609003928,O202609001182,U10415,P10009,4,客服态度好有问必答点赞,2026-09-14 16:57:27,否,,3,21,,
R202609003929,O202609004776,U10107,P10004,5,手机性价比超高续航一天没问题推荐购买,2026-09-11 11:23:51,否,,2,5,感谢您的认可欢迎下次光临,2026-09-11 12:23:51
R202609003930,O202609007306,U10253,P10019,5,客服态度好有问必答点赞,2026-09-14 17:42:00,否,,2,41,非常抱歉给您带来不好的体验我们会改进,2026-09-14 18:42:00
R202609003931,O202609009932,U10395,P10020,1,跟描述完全不符要求退货,2026-09-07 22:56:25,是,用了一段时间来追评确实不错,1,25,非常抱歉给您带来不好的体验我们会改进,2026-09-08 01:56:25
R202609003932,O202609007722,U10178,P10016,1,客服态度恶劣不理人,2026-09-12 03:13:15,否,,0,31,,
R202609003933,O202609005937,U10460,P10017,4,颜色正没有色差穿着舒服,2026-09-11 04:55:39,否,,1,21,,
R202609003934,O202609000880,U10344,P10013,4,质量很好做工精细值得购买,2026-09-09 09:33:29,是,追评：发现了一些问题希望改进,3,20,已收到您的反馈我们会尽快处理,2026-09-09 12:33:29
R202609003935,O202609000479,U10142,P10012,4,客服态度好有问必答点赞,2026-09-08 17:27:24,否,,3,32,已收到您的反馈我们会尽快处理,2026-09-08 19:27:24
R202609003936,O202609008552,U10329,P10016,4,质量很好做工精细值得购买,2026-09-12 09:16:51,否,,2,31,感谢您的理解祝您生活愉快,2026-09-12 10:16:51
R202609003937,O202609004980,U10443,P10018,2,客服态度恶劣不理人,2026-09-10 15:47:35,是,用了一段时间来追评确实不错,1,42,感谢您的认可欢迎下次光临,2026-09-10 19:47:35
R202609003938,O202609003225,U10245,P10018,4,绘本内容不错孩子很喜欢,2026-09-09 02:40:19,否,,2,21,,
R202609003939,O202609006810,U10266,P10005,3,质量凑合对得起这个价格,2026-09-07 04:58:22,否,,0,17,已收到您的反馈我们会尽快处理,2026-09-07 09:58:22
R202609003940,O202609001140,U10034,P10012,4,物流超快第二天就到了包装完好,2026-09-14 10:07:30,否,,3,1,已收到您的反馈我们会尽快处理,2026-09-14 15:07:30
R202609003941,O202609000602,U10023,P10015,5,颜色正没有色差穿着舒服,2026-09-08 18:36:05,否,,0,30,已收到您的反馈我们会尽快处理,2026-09-08 21:36:05
R202609003942,O202609006364,U10024,P10001,3,东西还行就是发货慢了点,2026-09-06 18:02:24,是,用了一段时间来追评确实不错,3,23,,
R202609003943,O202609001740,U10264,P10015,4,颜色正没有色差穿着舒服,2026-09-07 13:48:31,否,,2,40,感谢您的认可欢迎下次光临,2026-09-07 17:48:31
R202609003944,O202609001835,U10447,P10004,4,保温效果很好外观也漂亮物流很快,2026-09-09 10:25:22,否,,2,32,感谢您的认可欢迎下次光临,2026-09-09 14:25:22
R202609003945,O202609006986,U10004,P10005,5,价格实惠比实体店便宜很多,2026-09-14 00:47:57,是,追评：质量比预期好,0,27,,
R202609003946,O202609001690,U10206,P10001,4,手机性价比超高续航一天没问题推荐购买,2026-09-06 07:38:59,是,售后处理很快满意,3,50,感谢您的理解祝您生活愉快,2026-09-06 08:38:59
R202609003947,O202609002924,U10457,P10018,2,鞋子偏小一码穿了半天脚疼,2026-09-05 16:03:08,否,,2,0,感谢您的认可欢迎下次光临,2026-09-05 21:03:08
R202609003948,O202609002964,U10205,P10003,5,客服态度好有问必答点赞,2026-09-10 10:42:22,否,,3,15,感谢您的理解祝您生活愉快,2026-09-10 13:42:22
R202609003949,O202609005818,U10133,P10009,3,一般般吧没有想象中好,2026-09-08 04:41:58,否,,1,46,感谢您的理解祝您生活愉快,2026-09-08 05:41:58
R202609003950,O202609007644,U10409,P10008,3,一般般吧没有想象中好,2026-09-08 01:14:14,是,追评：发现了一些问题希望改进,2,31,非常抱歉给您带来不好的体验我们会改进,2026-09-08 05:14:14
R202609003951,O202609008763,U10301,P10014,1,收到货发现有瑕疵要求换货,2026-09-06 09:54:53,否,,3,22,已收到您的反馈我们会尽快处理,2026-09-06 13:54:53
R202609003952,O202609006961,U10125,P10014,4,客服态度好有问必答点赞,2026-09-07 03:20:35,是,售后处理很快满意,0,38,已收到您的反馈我们会尽快处理,2026-09-07 06:20:35
R202609003953,O202609009533,U10343,P10016,4,绘本内容不错孩子很喜欢,2026-09-14 09:16:51,否,,2,47,非常抱歉给您带来不好的体验我们会改进,2026-09-14 11:16:51
R202609003954,O202609008143,U10037,P10014,5,物流超快第二天就到了包装完好,2026-09-08 18:31:29,是,追评：发现了一些问题希望改进,1,0,,
R202609003955,O202609005127,U10085,P10017,4,颜色正没有色差穿着舒服,2026-09-06 15:49:00,否,,3,45,,
R202609003956,O202609005697,U10013,P10020,3,一般般吧没有想象中好,2026-09-11 14:41:46,否,,1,19,,
R202609003957,O202609005144,U10451,P10015,5,客服态度好有问必答点赞,2026-09-07 06:32:11,否,,2,31,非常抱歉给您带来不好的体验我们会改进,2026-09-07 08:32:11
R202609003958,O202609009662,U10447,P10003,3,包装有点简陋东西没问题,2026-09-09 18:54:24,否,,0,50,非常抱歉给您带来不好的体验我们会改进,2026-09-09 23:54:24
R202609003959,O202609003222,U10355,P10011,3,东西还行就是发货慢了点,2026-09-08 14:27:16,否,,1,18,感谢您的认可欢迎下次光临,2026-09-08 18:27:16
R202609003960,O202609009462,U10062,P10004,5,手机性价比超高续航一天没问题推荐购买,2026-09-10 01:33:36,是,用了一段时间来追评确实不错,3,25,,
R202609003961,O202609003384,U10410,P10012,4,物流超快第二天就到了包装完好,2026-09-06 22:18:33,否,,2,5,感谢您的理解祝您生活愉快,2026-09-07 00:18:33
R202609003962,O202609002822,U10309,P10007,5,价格实惠比实体店便宜很多,2026-09-09 00:11:00,否,,0,39,感谢您的认可欢迎下次光临,2026-09-09 02:11:00
R202609003963,O202609004238,U10338,P10016,4,绘本内容不错孩子很喜欢,2026-09-14 15:39:16,否,,3,6,非常抱歉给您带来不好的体验我们会改进,2026-09-14 20:39:16
R202609003964,O202609008480,U10070,P10001,4,客服态度好有问必答点赞,2026-09-13 19:06:03,否,,2,7,感谢您的理解祝您生活愉快,2026-09-13 20:06:03
R202609003965,O202609004572,U10027,P10018,4,颜色正没有色差穿着舒服,2026-09-10 05:37:00,否,,1,39,已收到您的反馈我们会尽快处理,2026-09-10 07:37:00
R202609003966,O202609009423,U10075,P10007,5,手机性价比超高续航一天没问题推荐购买,2026-09-09 08:03:19,是,用了一段时间来追评确实不错,1,13,感谢您的认可欢迎下次光临,2026-09-09 11:03:19
R202609003967,O202609001343,U10096,P10009,3,一般般吧没有想象中好,2026-09-11 16:19:36,是,售后处理很快满意,1,50,感谢您的理解祝您生活愉快,2026-09-11 20:19:36
R202609003968,O202609008805,U10184,P10018,4,物流超快第二天就到了包装完好,2026-09-14 19:38:06,是,售后处理很快满意,3,1,,
R202609003969,O202609004921,U10456,P10018,5,绘本内容不错孩子很喜欢,2026-09-12 03:47:49,是,追评：质量比预期好,2,34,非常抱歉给您带来不好的体验我们会改进,2026-09-12 08:47:49
R202609003970,O202609002566,U10454,P10008,5,物流超快第二天就到了包装完好,2026-09-14 07:58:29,否,,2,27,,
R202609003971,O202609003323,U10122,P10006,5,价格实惠比实体店便宜很多,2026-09-10 10:24:35,是,售后处理很快满意,2,2,感谢您的理解祝您生活愉快,2026-09-10 14:24:35
R202609003972,O202609004867,U10185,P10003,3,质量凑合对得起这个价格,2026-09-11 02:15:57,否,,0,4,已收到您的反馈我们会尽快处理,2026-09-11 04:15:57
R202609003973,O202609009814,U10080,P10011,4,客服态度好有问必答点赞,2026-09-06 16:47:13,否,,0,7,感谢您的理解祝您生活愉快,2026-09-06 21:47:13
R202609003974,O202609007987,U10106,P10008,4,客服态度好有问必答点赞,2026-09-05 07:13:31,否,,0,34,,
R202609003975,O202609004652,U10136,P10004,2,用了两天就坏了质量太差,2026-09-09 08:58:56,否,,1,10,,
R202609003976,O202609005149,U10296,P10013,5,质量很好做工精细值得购买,2026-09-08 20:32:43,否,,1,8,,
R202609003977,O202609007334,U10356,P10020,4,保温效果很好外观也漂亮物流很快,2026-09-11 06:44:07,否,,1,43,,
R202609003978,O202609004602,U10157,P10020,3,质量凑合对得起这个价格,2026-09-09 11:26:57,否,,0,47,已收到您的反馈我们会尽快处理,2026-09-09 14:26:57
R202609003979,O202609003084,U10482,P10015,2,客服态度恶劣不理人,2026-09-05 00:50:22,是,售后处理很快满意,2,0,,
R202609003980,O202609009497,U10229,P10020,4,质量很好做工精细值得购买,2026-09-09 23:25:29,是,售后处理很快满意,0,8,感谢您的理解祝您生活愉快,2026-09-10 02:25:29
R202609003981,O202609002161,U10259,P10008,3,包装有点简陋东西没问题,2026-09-11 15:36:03,否,,0,6,非常抱歉给您带来不好的体验我们会改进,2026-09-11 19:36:03
R202609003982,O202609007521,U10382,P10007,3,东西还行就是发货慢了点,2026-09-09 00:00:27,否,,2,0,,
R202609003983,O202609006443,U10007,P10017,4,客服态度好有问必答点赞,2026-09-05 05:41:37,否,,0,28,,
R202609003984,O202609008423,U10154,P10003,4,客服态度好有问必答点赞,2026-09-14 04:34:02,否,,3,20,感谢您的理解祝您生活愉快,2026-09-14 06:34:02
R202609003985,O202609004256,U10256,P10009,4,绘本内容不错孩子很喜欢,2026-09-11 16:09:14,否,,3,27,非常抱歉给您带来不好的体验我们会改进,2026-09-11 21:09:14
R202609003986,O202609005282,U10336,P10006,4,保温效果很好外观也漂亮物流很快,2026-09-11 00:31:46,否,,3,44,感谢您的认可欢迎下次光临,2026-09-11 04:31:46
R202609003987,O202609007990,U10276,P10003,1,客服态度恶劣不理人,2026-09-11 03:53:03,是,用了一段时间来追评确实不错,1,32,感谢您的理解祝您生活愉快,2026-09-11 08:53:03
R202609003988,O202609003816,U10252,P10019,2,用了两天就坏了质量太差,2026-09-12 07:20:16,否,,3,7,感谢您的认可欢迎下次光临,2026-09-12 10:20:16
R202609003989,O202609007444,U10184,P10015,5,客服态度好有问必答点赞,2026-09-14 20:20:49,否,,1,6,已收到您的反馈我们会尽快处理,2026-09-14 21:20:49
R202609003990,O202609000744,U10282,P10013,5,价格实惠比实体店便宜很多,2026-09-08 02:50:02,是,追评：发现了一些问题希望改进,1,50,,
R202609003991,O202609002046,U10408,P10008,1,鞋子偏小一码穿了半天脚疼,2026-09-06 05:27:07,否,,2,29,,
R202609003992,O202609002227,U10420,P10014,4,价格实惠比实体店便宜很多,2026-09-11 08:48:23,否,,2,19,非常抱歉给您带来不好的体验我们会改进,2026-09-11 10:48:23
R202609003993,O202609003137,U10044,P10001,3,东西还行就是发货慢了点,2026-09-14 05:13:24,否,,0,35,,
R202609003994,O202609000114,U10406,P10008,4,物流超快第二天就到了包装完好,2026-09-08 21:03:34,否,,0,23,感谢您的认可欢迎下次光临,2026-09-08 23:03:34
R202609003995,O202609000282,U10154,P10018,5,物流超快第二天就到了包装完好,2026-09-12 02:59:09,是,追评：发现了一些问题希望改进,3,10,,
R202609003996,O202609006140,U10146,P10003,4,手机性价比超高续航一天没问题推荐购买,2026-09-05 03:21:20,否,,3,30,已收到您的反馈我们会尽快处理,2026-09-05 05:21:20
R202609003997,O202609007275,U10270,P10013,4,客服态度好有问必答点赞,2026-09-11 03:32:17,否,,3,30,已收到您的反馈我们会尽快处理,2026-09-11 06:32:17
R202609003998,O202609003448,U10157,P10001,4,颜色正没有色差穿着舒服,2026-09-10 20:52:33,否,,0,19,非常抱歉给您带来不好的体验我们会改进,2026-09-11 00:52:33
R202609003999,O202609004153,U10427,P10012,1,收到货发现有瑕疵要求换货,2026-09-08 16:39:59,是,售后处理很快满意,0,21,非常抱歉给您带来不好的体验我们会改进,2026-09-08 21:39:59
R202609004000,O202609000254,U10267,P10009,4,价格实惠比实体店便宜很多,2026-09-11 00:35:19,否,,1,22,非常抱歉给您带来不好的体验我们会改进,2026-09-11 02:35:19
R202609004001,O202609002850,U10459,P10013,2,跟描述完全不符要求退货,2026-09-11 22:09:06,否,,3,33,,
R202609004002,O202609008994,U10216,P10013,2,收到货发现有瑕疵要求换货,2026-09-12 19:42:55,否,,3,49,已收到您的反馈我们会尽快处理,2026-09-12 20:42:55
R202609004003,O202609007106,U10065,P10009,2,收到货发现有瑕疵要求换货,2026-09-11 20:04:55,否,,1,45,已收到您的反馈我们会尽快处理,2026-09-12 01:04:55
R202609004004,O202609001184,U10055,P10005,4,质量很好做工精细值得购买,2026-09-06 07:18:16,否,,0,42,,
R202609004005,O202609006175,U10470,P10011,3,一般般吧没有想象中好,2026-09-14 19:01:29,否,,3,6,感谢您的理解祝您生活愉快,2026-09-14 21:01:29
R202609004006,O202609004905,U10409,P10017,5,手机性价比超高续航一天没问题推荐购买,2026-09-09 02:13:27,是,售后处理很快满意,0,33,,
R202609004007,O202609007696,U10091,P10011,4,手机性价比超高续航一天没问题推荐购买,2026-09-12 10:26:46,否,,2,1,,
R202609004008,O202609006758,U10408,P10003,3,包装有点简陋东西没问题,2026-09-13 16:44:06,是,用了一段时间来追评确实不错,3,50,已收到您的反馈我们会尽快处理,2026-09-13 17:44:06
R202609004009,O202609007847,U10028,P10012,4,颜色正没有色差穿着舒服,2026-09-14 02:12:31,否,,2,16,,
R202609004010,O202609004296,U10328,P10011,5,质量很好做工精细值得购买,2026-09-05 18:39:34,否,,1,23,已收到您的反馈我们会尽快处理,2026-09-05 20:39:34
R202609004011,O202609000200,U10029,P10011,3,一般般吧没有想象中好,2026-09-05 00:46:35,否,,2,19,,
R202609004012,O202609009587,U10148,P10012,5,颜色正没有色差穿着舒服,2026-09-13 02:34:14,是,追评：发现了一些问题希望改进,3,4,感谢您的理解祝您生活愉快,2026-09-13 07:34:14
R202609004013,O202609004632,U10169,P10016,5,客服态度好有问必答点赞,2026-09-06 09:19:55,否,,1,47,非常抱歉给您带来不好的体验我们会改进,2026-09-06 13:19:55
R202609004014,O202609009714,U10200,P10011,5,质量很好做工精细值得购买,2026-09-06 15:34:48,否,,3,24,,
R202609004015,O202609001515,U10498,P10003,1,跟描述完全不符要求退货,2026-09-06 00:07:45,否,,2,49,感谢您的认可欢迎下次光临,2026-09-06 02:07:45
R202609004016,O202609004652,U10001,P10018,5,颜色正没有色差穿着舒服,2026-09-05 15:31:05,否,,3,19,,
R202609004017,O202609006100,U10395,P10012,5,颜色正没有色差穿着舒服,2026-09-10 14:21:41,否,,3,27,,
R202609004018,O202609004185,U10052,P10008,1,客服态度恶劣不理人,2026-09-07 19:08:19,否,,0,27,非常抱歉给您带来不好的体验我们会改进,2026-09-07 23:08:19
R202609004019,O202609001703,U10267,P10014,4,价格实惠比实体店便宜很多,2026-09-06 16:56:09,否,,1,40,感谢您的认可欢迎下次光临,2026-09-06 20:56:09
R202609004020,O202609008426,U10319,P10007,2,客服态度恶劣不理人,2026-09-09 18:03:15,否,,3,1,感谢您的认可欢迎下次光临,2026-09-09 23:03:15
R202609004021,O202609009194,U10140,P10002,5,颜色正没有色差穿着舒服,2026-09-12 03:49:31,否,,0,43,非常抱歉给您带来不好的体验我们会改进,2026-09-12 04:49:31
R202609004022,O202609003879,U10467,P10010,5,颜色正没有色差穿着舒服,2026-09-08 20:14:50,否,,2,31,,
R202609004023,O202609009636,U10060,P10017,4,质量很好做工精细值得购买,2026-09-06 12:11:48,否,,0,16,已收到您的反馈我们会尽快处理,2026-09-06 14:11:48
R202609004024,O202609006144,U10088,P10002,5,绘本内容不错孩子很喜欢,2026-09-07 10:26:45,否,,3,7,感谢您的认可欢迎下次光临,2026-09-07 11:26:45
R202609004025,O202609005006,U10356,P10001,4,客服态度好有问必答点赞,2026-09-05 17:50:37,否,,0,10,,
R202609004026,O202609004001,U10295,P10011,5,质量很好做工精细值得购买,2026-09-08 04:00:09,否,,2,46,,
R202609004027,O202609003333,U10182,P10011,1,鞋子偏小一码穿了半天脚疼,2026-09-11 06:02:14,否,,1,50,,
R202609004028,O202609009581,U10460,P10018,1,收到货发现有瑕疵要求换货,2026-09-07 17:20:13,否,,2,39,感谢您的认可欢迎下次光临,2026-09-07 20:20:13
R202609004029,O202609001989,U10137,P10018,4,手机性价比超高续航一天没问题推荐购买,2026-09-12 00:22:55,否,,1,33,感谢您的理解祝您生活愉快,2026-09-12 03:22:55
R202609004030,O202609000011,U10323,P10002,3,包装有点简陋东西没问题,2026-09-14 10:02:03,否,,1,43,非常抱歉给您带来不好的体验我们会改进,2026-09-14 13:02:03
R202609004031,O202609007329,U10221,P10017,4,客服态度好有问必答点赞,2026-09-11 06:24:35,否,,2,38,已收到您的反馈我们会尽快处理,2026-09-11 09:24:35
R202609004032,O202609003069,U10176,P10019,4,绘本内容不错孩子很喜欢,2026-09-14 16:53:01,否,,0,29,,
R202609004033,O202609006176,U10071,P10009,4,质量很好做工精细值得购买,2026-09-05 20:49:11,否,,1,35,感谢您的认可欢迎下次光临,2026-09-06 01:49:11
R202609004034,O202609002719,U10378,P10019,5,颜色正没有色差穿着舒服,2026-09-13 14:19:21,否,,1,34,感谢您的认可欢迎下次光临,2026-09-13 17:19:21
R202609004035,O202609001159,U10436,P10010,3,质量凑合对得起这个价格,2026-09-09 18:55:36,否,,1,39,,
R202609004036,O202609002171,U10435,P10001,3,东西还行就是发货慢了点,2026-09-05 10:40:59,否,,2,11,已收到您的反馈我们会尽快处理,2026-09-05 15:40:59
R202609004037,O202609001704,U10319,P10008,4,质量很好做工精细值得购买,2026-09-09 10:31:10,否,,1,16,,
R202609004038,O202609007356,U10404,P10016,5,客服态度好有问必答点赞,2026-09-14 11:42:02,否,,1,45,非常抱歉给您带来不好的体验我们会改进,2026-09-14 16:42:02
R202609004039,O202609009754,U10490,P10018,2,用了两天就坏了质量太差,2026-09-07 10:04:45,否,,0,30,非常抱歉给您带来不好的体验我们会改进,2026-09-07 14:04:45
R202609004040,O202609005862,U10352,P10017,5,价格实惠比实体店便宜很多,2026-09-06 22:36:07,否,,2,40,感谢您的认可欢迎下次光临,2026-09-07 03:36:07
R202609004041,O202609007292,U10273,P10010,5,质量很好做工精细值得购买,2026-09-10 15:11:47,否,,0,30,,
R202609004042,O202609007204,U10316,P10014,4,颜色正没有色差穿着舒服,2026-09-08 13:16:08,否,,0,0,非常抱歉给您带来不好的体验我们会改进,2026-09-08 15:16:08
R202609004043,O202609002936,U10341,P10015,3,东西还行就是发货慢了点,2026-09-12 06:52:40,是,售后处理很快满意,3,43,感谢您的认可欢迎下次光临,2026-09-12 07:52:40
R202609004044,O202609008487,U10074,P10019,2,用了两天就坏了质量太差,2026-09-10 06:22:23,否,,1,39,感谢您的理解祝您生活愉快,2026-09-10 10:22:23
R202609004045,O202609007984,U10146,P10009,5,质量很好做工精细值得购买,2026-09-14 13:16:48,否,,0,27,非常抱歉给您带来不好的体验我们会改进,2026-09-14 14:16:48
R202609004046,O202609001180,U10084,P10001,5,手机性价比超高续航一天没问题推荐购买,2026-09-08 18:51:05,是,用了一段时间来追评确实不错,2,6,已收到您的反馈我们会尽快处理,2026-09-08 19:51:05
R202609004047,O202609003850,U10215,P10010,4,手机性价比超高续航一天没问题推荐购买,2026-09-09 02:34:26,否,,2,29,非常抱歉给您带来不好的体验我们会改进,2026-09-09 03:34:26
R202609004048,O202609001938,U10346,P10007,5,物流超快第二天就到了包装完好,2026-09-05 19:08:00,否,,0,1,非常抱歉给您带来不好的体验我们会改进,2026-09-05 20:08:00
R202609004049,O202609008895,U10370,P10007,5,绘本内容不错孩子很喜欢,2026-09-06 09:47:20,是,追评：发现了一些问题希望改进,0,21,感谢您的理解祝您生活愉快,2026-09-06 11:47:20
R202609004050,O202609001353,U10125,P10005,5,绘本内容不错孩子很喜欢,2026-09-13 10:12:50,否,,2,45,感谢您的理解祝您生活愉快,2026-09-13 15:12:50
R202609004051,O202609007724,U10156,P10016,4,物流超快第二天就到了包装完好,2026-09-12 11:23:17,否,,2,32,,
R202609004052,O202609005908,U10294,P10004,2,物流慢得要死等了一周,2026-09-13 14:20:40,否,,1,12,感谢您的理解祝您生活愉快,2026-09-13 15:20:40
R202609004053,O202609005950,U10160,P10007,4,手机性价比超高续航一天没问题推荐购买,2026-09-11 15:15:45,否,,3,36,感谢您的认可欢迎下次光临,2026-09-11 20:15:45
R202609004054,O202609002721,U10384,P10014,2,鞋子偏小一码穿了半天脚疼,2026-09-11 21:21:22,否,,1,27,非常抱歉给您带来不好的体验我们会改进,2026-09-11 23:21:22
R202609004055,O202609008367,U10080,P10015,5,保温效果很好外观也漂亮物流很快,2026-09-05 08:30:59,是,售后处理很快满意,1,30,感谢您的认可欢迎下次光临,2026-09-05 10:30:59
R202609004056,O202609003538,U10015,P10013,5,价格实惠比实体店便宜很多,2026-09-09 00:07:22,否,,1,24,感谢您的认可欢迎下次光临,2026-09-09 04:07:22
R202609004057,O202609000576,U10479,P10009,5,绘本内容不错孩子很喜欢,2026-09-13 19:00:01,否,,2,34,已收到您的反馈我们会尽快处理,2026-09-13 21:00:01
R202609004058,O202609001532,U10494,P10010,5,手机性价比超高续航一天没问题推荐购买,2026-09-06 03:29:51,否,,2,22,感谢您的理解祝您生活愉快,2026-09-06 08:29:51
R202609004059,O202609009277,U10168,P10018,3,质量凑合对得起这个价格,2026-09-11 00:53:59,否,,3,6,非常抱歉给您带来不好的体验我们会改进,2026-09-11 03:53:59
R202609004060,O202609007471,U10109,P10003,2,鞋子偏小一码穿了半天脚疼,2026-09-11 04:12:01,是,追评：质量比预期好,0,18,,
R202609004061,O202609008297,U10439,P10019,3,一般般吧没有想象中好,2026-09-11 02:27:54,是,用了一段时间来追评确实不错,0,3,已收到您的反馈我们会尽快处理,2026-09-11 06:27:54
R202609004062,O202609008853,U10299,P10003,3,一般般吧没有想象中好,2026-09-08 18:23:28,否,,2,24,非常抱歉给您带来不好的体验我们会改进,2026-09-08 19:23:28
R202609004063,O202609004856,U10358,P10014,3,包装有点简陋东西没问题,2026-09-08 10:57:20,否,,2,44,感谢您的理解祝您生活愉快,2026-09-08 12:57:20
R202609004064,O202609003869,U10034,P10010,3,质量凑合对得起这个价格,2026-09-09 11:32:22,否,,2,12,感谢您的认可欢迎下次光临,2026-09-09 16:32:22
R202609004065,O202609003264,U10119,P10011,4,价格实惠比实体店便宜很多,2026-09-12 08:36:50,否,,0,23,已收到您的反馈我们会尽快处理,2026-09-12 13:36:50
R202609004066,O202609003649,U10475,P10015,4,质量很好做工精细值得购买,2026-09-08 09:35:35,否,,2,40,感谢您的认可欢迎下次光临,2026-09-08 10:35:35
R202609004067,O202609005663,U10298,P10006,3,一般般吧没有想象中好,2026-09-06 11:08:48,否,,3,21,感谢您的认可欢迎下次光临,2026-09-06 14:08:48
R202609004068,O202609010000,U10068,P10013,3,东西还行就是发货慢了点,2026-09-07 05:21:58,否,,2,33,,
R202609004069,O202609004345,U10132,P10019,2,鞋子偏小一码穿了半天脚疼,2026-09-08 21:28:30,否,,1,18,感谢您的认可欢迎下次光临,2026-09-08 22:28:30
R202609004070,O202609003656,U10038,P10016,5,质量很好做工精细值得购买,2026-09-05 13:12:53,否,,1,3,感谢您的理解祝您生活愉快,2026-09-05 18:12:53
R202609004071,O202609002113,U10331,P10012,5,绘本内容不错孩子很喜欢,2026-09-12 20:51:24,否,,0,22,,
R202609004072,O202609002250,U10069,P10014,4,绘本内容不错孩子很喜欢,2026-09-14 22:26:40,否,,0,38,非常抱歉给您带来不好的体验我们会改进,2026-09-15 01:26:40
R202609004073,O202609009298,U10286,P10002,5,客服态度好有问必答点赞,2026-09-07 14:23:12,否,,2,7,感谢您的理解祝您生活愉快,2026-09-07 17:23:12
R202609004074,O202609007287,U10358,P10019,4,质量很好做工精细值得购买,2026-09-08 23:25:17,是,用了一段时间来追评确实不错,3,40,已收到您的反馈我们会尽快处理,2026-09-09 02:25:17
R202609004075,O202609003802,U10275,P10015,4,保温效果很好外观也漂亮物流很快,2026-09-14 17:51:30,否,,2,28,感谢您的认可欢迎下次光临,2026-09-14 20:51:30
R202609004076,O202609007812,U10067,P10010,5,价格实惠比实体店便宜很多,2026-09-11 17:41:16,否,,0,27,感谢您的理解祝您生活愉快,2026-09-11 19:41:16
R202609004077,O202609009679,U10251,P10008,4,保温效果很好外观也漂亮物流很快,2026-09-12 16:24:49,否,,0,32,,
R202609004078,O202609004299,U10391,P10019,5,物流超快第二天就到了包装完好,2026-09-14 01:12:10,否,,1,18,感谢您的理解祝您生活愉快,2026-09-14 03:12:10
R202609004079,O202609008352,U10311,P10006,5,颜色正没有色差穿着舒服,2026-09-13 08:53:33,否,,3,1,感谢您的认可欢迎下次光临,2026-09-13 12:53:33
R202609004080,O202609001932,U10215,P10020,5,客服态度好有问必答点赞,2026-09-05 15:51:58,否,,0,44,感谢您的理解祝您生活愉快,2026-09-05 20:51:58
R202609004081,O202609008787,U10429,P10011,4,颜色正没有色差穿着舒服,2026-09-05 11:33:20,否,,1,1,非常抱歉给您带来不好的体验我们会改进,2026-09-05 12:33:20
R202609004082,O202609000902,U10028,P10002,5,保温效果很好外观也漂亮物流很快,2026-09-05 17:38:28,否,,3,40,非常抱歉给您带来不好的体验我们会改进,2026-09-05 21:38:28
R202609004083,O202609005916,U10354,P10014,2,物流慢得要死等了一周,2026-09-11 07:44:39,否,,2,25,感谢您的理解祝您生活愉快,2026-09-11 08:44:39
R202609004084,O202609000136,U10339,P10008,3,东西还行就是发货慢了点,2026-09-11 22:58:34,否,,1,11,,
R202609004085,O202609002116,U10151,P10007,4,手机性价比超高续航一天没问题推荐购买,2026-09-13 15:41:12,否,,3,18,非常抱歉给您带来不好的体验我们会改进,2026-09-13 17:41:12
R202609004086,O202609001295,U10353,P10009,5,绘本内容不错孩子很喜欢,2026-09-12 15:40:11,是,追评：质量比预期好,3,15,非常抱歉给您带来不好的体验我们会改进,2026-09-12 19:40:11
R202609004087,O202609008688,U10470,P10004,4,颜色正没有色差穿着舒服,2026-09-10 22:43:23,否,,1,30,已收到您的反馈我们会尽快处理,2026-09-11 00:43:23
R202609004088,O202609009951,U10369,P10012,4,质量很好做工精细值得购买,2026-09-13 12:20:15,否,,2,0,非常抱歉给您带来不好的体验我们会改进,2026-09-13 17:20:15
R202609004089,O202609007168,U10299,P10007,3,质量凑合对得起这个价格,2026-09-14 14:59:29,否,,2,13,非常抱歉给您带来不好的体验我们会改进,2026-09-14 15:59:29
R202609004090,O202609004429,U10187,P10006,4,手机性价比超高续航一天没问题推荐购买,2026-09-12 01:02:35,否,,2,37,感谢您的认可欢迎下次光临,2026-09-12 04:02:35
R202609004091,O202609004541,U10372,P10017,5,绘本内容不错孩子很喜欢,2026-09-13 13:58:21,否,,1,16,感谢您的理解祝您生活愉快,2026-09-13 15:58:21
R202609004092,O202609003120,U10036,P10008,4,客服态度好有问必答点赞,2026-09-13 18:07:59,否,,1,48,感谢您的理解祝您生活愉快,2026-09-13 22:07:59
R202609004093,O202609009910,U10094,P10015,2,客服态度恶劣不理人,2026-09-08 11:29:00,否,,1,14,感谢您的理解祝您生活愉快,2026-09-08 12:29:00
R202609004094,O202609005388,U10236,P10006,4,客服态度好有问必答点赞,2026-09-05 03:31:47,否,,2,3,已收到您的反馈我们会尽快处理,2026-09-05 07:31:47
R202609004095,O202609006710,U10251,P10013,5,绘本内容不错孩子很喜欢,2026-09-13 11:32:21,否,,3,46,,
R202609004096,O202609000424,U10164,P10010,5,价格实惠比实体店便宜很多,2026-09-10 21:17:17,否,,0,21,非常抱歉给您带来不好的体验我们会改进,2026-09-11 02:17:17
R202609004097,O202609004681,U10025,P10010,5,客服态度好有问必答点赞,2026-09-13 13:17:57,否,,2,14,感谢您的理解祝您生活愉快,2026-09-13 16:17:57
R202609004098,O202609003631,U10323,P10010,3,东西还行就是发货慢了点,2026-09-12 05:01:50,否,,2,29,,
R202609004099,O202609005718,U10347,P10011,4,颜色正没有色差穿着舒服,2026-09-09 09:12:59,否,,0,34,感谢您的理解祝您生活愉快,2026-09-09 14:12:59
R202609004100,O202609003065,U10047,P10013,4,物流超快第二天就到了包装完好,2026-09-05 04:13:02,否,,0,45,非常抱歉给您带来不好的体验我们会改进,2026-09-05 05:13:02
R202609004101,O202609004534,U10286,P10011,2,鞋子偏小一码穿了半天脚疼,2026-09-12 21:18:51,否,,2,37,感谢您的理解祝您生活愉快,2026-09-13 02:18:51
R202609004102,O202609006652,U10458,P10014,4,客服态度好有问必答点赞,2026-09-06 04:27:26,否,,0,40,,
R202609004103,O202609003200,U10285,P10010,2,物流慢得要死等了一周,2026-09-09 05:19:37,否,,2,48,,
R202609004104,O202609007270,U10356,P10008,1,物流慢得要死等了一周,2026-09-06 15:46:25,否,,1,2,非常抱歉给您带来不好的体验我们会改进,2026-09-06 18:46:25
R202609004105,O202609004142,U10083,P10012,5,价格实惠比实体店便宜很多,2026-09-12 10:17:28,是,追评：质量比预期好,1,43,感谢您的理解祝您生活愉快,2026-09-12 13:17:28
R202609004106,O202609004695,U10461,P10013,5,颜色正没有色差穿着舒服,2026-09-07 17:43:14,否,,1,34,已收到您的反馈我们会尽快处理,2026-09-07 18:43:14
R202609004107,O202609008815,U10262,P10014,1,客服态度恶劣不理人,2026-09-05 17:44:12,否,,0,13,感谢您的认可欢迎下次光临,2026-09-05 19:44:12
R202609004108,O202609005221,U10272,P10005,5,手机性价比超高续航一天没问题推荐购买,2026-09-06 06:30:18,否,,1,46,,
R202609004109,O202609001945,U10457,P10008,2,用了两天就坏了质量太差,2026-09-05 06:12:16,是,售后处理很快满意,0,48,感谢您的认可欢迎下次光临,2026-09-05 07:12:16
R202609004110,O202609001456,U10051,P10016,1,物流慢得要死等了一周,2026-09-09 19:48:39,否,,2,2,感谢您的理解祝您生活愉快,2026-09-09 23:48:39
R202609004111,O202609008317,U10316,P10012,1,物流慢得要死等了一周,2026-09-08 18:05:38,是,用了一段时间来追评确实不错,1,22,感谢您的认可欢迎下次光临,2026-09-08 23:05:38
R202609004112,O202609000976,U10249,P10016,4,手机性价比超高续航一天没问题推荐购买,2026-09-13 22:38:19,否,,0,32,非常抱歉给您带来不好的体验我们会改进,2026-09-14 02:38:19
R202609004113,O202609006968,U10017,P10005,2,鞋子偏小一码穿了半天脚疼,2026-09-12 09:47:52,否,,1,46,感谢您的认可欢迎下次光临,2026-09-12 10:47:52
R202609004114,O202609001633,U10369,P10009,4,手机性价比超高续航一天没问题推荐购买,2026-09-08 06:18:27,否,,3,49,感谢您的理解祝您生活愉快,2026-09-08 10:18:27
R202609004115,O202609003606,U10269,P10015,4,价格实惠比实体店便宜很多,2026-09-14 09:05:39,否,,2,20,,
R202609004116,O202609001389,U10483,P10016,2,客服态度恶劣不理人,2026-09-10 07:27:40,否,,2,11,非常抱歉给您带来不好的体验我们会改进,2026-09-10 08:27:40
R202609004117,O202609001678,U10110,P10019,4,物流超快第二天就到了包装完好,2026-09-14 15:26:38,否,,3,27,,
R202609004118,O202609002794,U10218,P10017,4,质量很好做工精细值得购买,2026-09-13 04:58:58,是,追评：质量比预期好,3,30,感谢您的理解祝您生活愉快,2026-09-13 05:58:58
R202609004119,O202609004945,U10214,P10011,4,绘本内容不错孩子很喜欢,2026-09-05 09:34:23,否,,1,21,非常抱歉给您带来不好的体验我们会改进,2026-09-05 14:34:23
R202609004120,O202609000012,U10182,P10014,3,东西还行就是发货慢了点,2026-09-11 16:16:29,否,,2,10,非常抱歉给您带来不好的体验我们会改进,2026-09-11 21:16:29
R202609004121,O202609009555,U10266,P10005,4,绘本内容不错孩子很喜欢,2026-09-05 05:20:03,否,,1,0,感谢您的认可欢迎下次光临,2026-09-05 10:20:03
R202609004122,O202609009257,U10230,P10015,4,颜色正没有色差穿着舒服,2026-09-12 22:40:04,否,,1,37,感谢您的认可欢迎下次光临,2026-09-13 00:40:04
R202609004123,O202609006829,U10029,P10008,5,颜色正没有色差穿着舒服,2026-09-08 07:59:29,否,,1,33,已收到您的反馈我们会尽快处理,2026-09-08 09:59:29
R202609004124,O202609005674,U10303,P10020,5,物流超快第二天就到了包装完好,2026-09-06 15:58:07,否,,1,36,感谢您的理解祝您生活愉快,2026-09-06 19:58:07
R202609004125,O202609006364,U10016,P10007,5,质量很好做工精细值得购买,2026-09-13 12:27:09,否,,1,25,已收到您的反馈我们会尽快处理,2026-09-13 16:27:09
R202609004126,O202609001386,U10311,P10002,2,鞋子偏小一码穿了半天脚疼,2026-09-06 01:12:53,否,,3,48,非常抱歉给您带来不好的体验我们会改进,2026-09-06 02:12:53
R202609004127,O202609007815,U10156,P10004,4,客服态度好有问必答点赞,2026-09-14 07:15:03,否,,2,3,,
R202609004128,O202609008011,U10387,P10018,5,绘本内容不错孩子很喜欢,2026-09-12 18:15:31,否,,3,6,非常抱歉给您带来不好的体验我们会改进,2026-09-12 19:15:31
R202609004129,O202609003502,U10436,P10016,1,收到货发现有瑕疵要求换货,2026-09-09 10:42:29,是,追评：发现了一些问题希望改进,1,12,已收到您的反馈我们会尽快处理,2026-09-09 15:42:29
R202609004130,O202609002431,U10050,P10017,4,保温效果很好外观也漂亮物流很快,2026-09-13 02:52:39,是,追评：质量比预期好,3,47,感谢您的认可欢迎下次光临,2026-09-13 05:52:39
R202609004131,O202609007006,U10222,P10001,5,物流超快第二天就到了包装完好,2026-09-14 23:51:11,否,,1,35,,
R202609004132,O202609005502,U10378,P10007,1,用了两天就坏了质量太差,2026-09-12 23:01:34,否,,1,39,感谢您的理解祝您生活愉快,2026-09-13 01:01:34
R202609004133,O202609006213,U10354,P10002,2,用了两天就坏了质量太差,2026-09-09 01:14:00,否,,2,17,非常抱歉给您带来不好的体验我们会改进,2026-09-09 04:14:00
R202609004134,O202609008695,U10452,P10014,4,价格实惠比实体店便宜很多,2026-09-08 18:47:02,否,,0,4,感谢您的理解祝您生活愉快,2026-09-08 20:47:02
R202609004135,O202609007801,U10032,P10018,3,东西还行就是发货慢了点,2026-09-09 20:21:32,否,,0,13,,
R202609004136,O202609009034,U10325,P10020,5,质量很好做工精细值得购买,2026-09-06 10:40:27,否,,0,17,非常抱歉给您带来不好的体验我们会改进,2026-09-06 12:40:27
R202609004137,O202609007901,U10011,P10013,4,手机性价比超高续航一天没问题推荐购买,2026-09-07 19:50:10,否,,0,19,感谢您的理解祝您生活愉快,2026-09-07 21:50:10
R202609004138,O202609008165,U10184,P10019,3,东西还行就是发货慢了点,2026-09-08 01:52:38,否,,2,13,,
R202609004139,O202609002327,U10482,P10011,4,价格实惠比实体店便宜很多,2026-09-14 04:10:21,是,售后处理很快满意,0,43,感谢您的理解祝您生活愉快,2026-09-14 09:10:21
R202609004140,O202609008793,U10168,P10010,4,绘本内容不错孩子很喜欢,2026-09-10 11:48:51,是,追评：质量比预期好,2,19,,
R202609004141,O202609004030,U10493,P10012,5,物流超快第二天就到了包装完好,2026-09-13 09:07:50,是,追评：发现了一些问题希望改进,2,36,,
R202609004142,O202609008950,U10280,P10017,5,保温效果很好外观也漂亮物流很快,2026-09-11 04:40:48,否,,0,20,已收到您的反馈我们会尽快处理,2026-09-11 05:40:48
R202609004143,O202609004168,U10019,P10008,4,保温效果很好外观也漂亮物流很快,2026-09-07 19:47:57,否,,2,28,已收到您的反馈我们会尽快处理,2026-09-07 20:47:57
R202609004144,O202609006350,U10147,P10010,3,东西还行就是发货慢了点,2026-09-09 17:57:57,否,,1,17,,
R202609004145,O202609003414,U10422,P10011,5,价格实惠比实体店便宜很多,2026-09-05 01:14:05,否,,1,39,感谢您的认可欢迎下次光临,2026-09-05 06:14:05
R202609004146,O202609004292,U10369,P10015,5,物流超快第二天就到了包装完好,2026-09-06 07:49:04,否,,2,44,已收到您的反馈我们会尽快处理,2026-09-06 10:49:04
R202609004147,O202609004387,U10122,P10019,2,跟描述完全不符要求退货,2026-09-08 00:59:15,否,,3,36,感谢您的理解祝您生活愉快,2026-09-08 03:59:15
R202609004148,O202609008089,U10444,P10018,5,绘本内容不错孩子很喜欢,2026-09-09 21:53:14,否,,0,47,,
R202609004149,O202609006544,U10125,P10014,2,物流慢得要死等了一周,2026-09-14 02:37:21,否,,1,45,已收到您的反馈我们会尽快处理,2026-09-14 06:37:21
R202609004150,O202609005717,U10413,P10008,4,价格实惠比实体店便宜很多,2026-09-11 13:51:38,否,,3,18,感谢您的理解祝您生活愉快,2026-09-11 15:51:38
R202609004151,O202609003522,U10237,P10008,4,物流超快第二天就到了包装完好,2026-09-11 13:49:56,否,,3,33,感谢您的理解祝您生活愉快,2026-09-11 15:49:56
R202609004152,O202609006076,U10023,P10020,5,物流超快第二天就到了包装完好,2026-09-10 07:20:28,否,,2,27,,
R202609004153,O202609004000,U10280,P10014,5,质量很好做工精细值得购买,2026-09-07 02:15:31,否,,1,47,感谢您的理解祝您生活愉快,2026-09-07 07:15:31
R202609004154,O202609004900,U10490,P10017,4,价格实惠比实体店便宜很多,2026-09-07 10:54:17,否,,2,5,已收到您的反馈我们会尽快处理,2026-09-07 12:54:17
R202609004155,O202609000335,U10466,P10015,4,物流超快第二天就到了包装完好,2026-09-11 06:50:33,否,,3,38,非常抱歉给您带来不好的体验我们会改进,2026-09-11 10:50:33
R202609004156,O202609004987,U10435,P10005,5,保温效果很好外观也漂亮物流很快,2026-09-11 05:43:11,否,,3,42,非常抱歉给您带来不好的体验我们会改进,2026-09-11 06:43:11
R202609004157,O202609003638,U10021,P10009,5,手机性价比超高续航一天没问题推荐购买,2026-09-10 13:15:02,否,,2,40,非常抱歉给您带来不好的体验我们会改进,2026-09-10 14:15:02
R202609004158,O202609006419,U10161,P10018,5,保温效果很好外观也漂亮物流很快,2026-09-05 21:59:29,否,,3,19,,
R202609004159,O202609006336,U10499,P10019,5,物流超快第二天就到了包装完好,2026-09-13 18:05:12,否,,3,26,,
R202609004160,O202609009186,U10160,P10010,4,手机性价比超高续航一天没问题推荐购买,2026-09-09 17:22:24,否,,2,25,非常抱歉给您带来不好的体验我们会改进,2026-09-09 19:22:24
R202609004161,O202609008197,U10112,P10002,4,物流超快第二天就到了包装完好,2026-09-13 16:47:49,是,售后处理很快满意,1,23,,
R202609004162,O202609004954,U10070,P10017,3,东西还行就是发货慢了点,2026-09-09 02:59:47,否,,1,35,,
R202609004163,O202609007404,U10194,P10014,5,物流超快第二天就到了包装完好,2026-09-09 12:18:41,否,,2,7,非常抱歉给您带来不好的体验我们会改进,2026-09-09 13:18:41
R202609004164,O202609000562,U10398,P10015,5,颜色正没有色差穿着舒服,2026-09-11 09:42:55,否,,3,4,已收到您的反馈我们会尽快处理,2026-09-11 11:42:55
R202609004165,O202609008818,U10360,P10005,4,质量很好做工精细值得购买,2026-09-06 11:49:26,否,,1,47,感谢您的理解祝您生活愉快,2026-09-06 12:49:26
R202609004166,O202609003726,U10391,P10002,4,颜色正没有色差穿着舒服,2026-09-08 02:55:17,否,,1,33,感谢您的理解祝您生活愉快,2026-09-08 07:55:17
R202609004167,O202609008330,U10492,P10015,1,跟描述完全不符要求退货,2026-09-07 15:06:46,否,,2,15,,
R202609004168,O202609008350,U10076,P10005,4,颜色正没有色差穿着舒服,2026-09-10 23:50:26,否,,1,27,感谢您的认可欢迎下次光临,2026-09-11 04:50:26
R202609004169,O202609008520,U10023,P10020,3,质量凑合对得起这个价格,2026-09-05 21:31:33,否,,3,24,感谢您的认可欢迎下次光临,2026-09-05 23:31:33
R202609004170,O202609002660,U10442,P10016,4,质量很好做工精细值得购买,2026-09-06 19:56:21,否,,0,29,感谢您的理解祝您生活愉快,2026-09-07 00:56:21
R202609004171,O202609009803,U10142,P10013,5,手机性价比超高续航一天没问题推荐购买,2026-09-06 10:22:48,否,,1,45,非常抱歉给您带来不好的体验我们会改进,2026-09-06 15:22:48
R202609004172,O202609006865,U10483,P10012,5,客服态度好有问必答点赞,2026-09-14 16:14:16,是,追评：发现了一些问题希望改进,3,23,感谢您的理解祝您生活愉快,2026-09-14 18:14:16
R202609004173,O202609009795,U10170,P10020,5,物流超快第二天就到了包装完好,2026-09-06 09:04:45,否,,0,29,感谢您的理解祝您生活愉快,2026-09-06 10:04:45
R202609004174,O202609008575,U10388,P10009,1,收到货发现有瑕疵要求换货,2026-09-06 09:28:02,否,,0,40,感谢您的认可欢迎下次光临,2026-09-06 12:28:02
R202609004175,O202609009249,U10050,P10010,5,物流超快第二天就到了包装完好,2026-09-10 10:10:30,否,,1,10,非常抱歉给您带来不好的体验我们会改进,2026-09-10 13:10:30
R202609004176,O202609007595,U10125,P10010,3,包装有点简陋东西没问题,2026-09-11 01:54:15,是,追评：质量比预期好,0,2,,
R202609004177,O202609008897,U10347,P10008,3,质量凑合对得起这个价格,2026-09-08 16:55:09,是,追评：质量比预期好,2,32,,
R202609004178,O202609002366,U10034,P10015,4,物流超快第二天就到了包装完好,2026-09-05 11:08:24,否,,2,50,感谢您的理解祝您生活愉快,2026-09-05 12:08:24
R202609004179,O202609009750,U10240,P10001,4,颜色正没有色差穿着舒服,2026-09-05 22:01:19,否,,1,45,已收到您的反馈我们会尽快处理,2026-09-06 03:01:19
R202609004180,O202609007078,U10083,P10008,2,鞋子偏小一码穿了半天脚疼,2026-09-06 14:57:29,否,,3,26,,
R202609004181,O202609007971,U10334,P10012,4,价格实惠比实体店便宜很多,2026-09-14 19:50:54,是,售后处理很快满意,3,48,已收到您的反馈我们会尽快处理,2026-09-14 22:50:54
R202609004182,O202609002959,U10034,P10005,3,包装有点简陋东西没问题,2026-09-12 11:59:20,否,,3,29,感谢您的理解祝您生活愉快,2026-09-12 13:59:20
R202609004183,O202609000374,U10490,P10011,4,绘本内容不错孩子很喜欢,2026-09-07 19:47:32,否,,0,45,已收到您的反馈我们会尽快处理,2026-09-07 21:47:32
R202609004184,O202609002780,U10093,P10004,5,质量很好做工精细值得购买,2026-09-14 11:13:40,否,,3,8,非常抱歉给您带来不好的体验我们会改进,2026-09-14 16:13:40
R202609004185,O202609009605,U10258,P10019,1,客服态度恶劣不理人,2026-09-11 05:57:58,否,,0,25,感谢您的认可欢迎下次光临,2026-09-11 10:57:58
R202609004186,O202609003139,U10397,P10014,5,物流超快第二天就到了包装完好,2026-09-06 14:31:40,否,,1,24,非常抱歉给您带来不好的体验我们会改进,2026-09-06 16:31:40
R202609004187,O202609005254,U10476,P10002,5,客服态度好有问必答点赞,2026-09-13 01:59:18,否,,1,15,感谢您的认可欢迎下次光临,2026-09-13 02:59:18
R202609004188,O202609008974,U10444,P10008,2,用了两天就坏了质量太差,2026-09-07 01:23:41,否,,0,4,,
R202609004189,O202609001226,U10177,P10016,4,价格实惠比实体店便宜很多,2026-09-14 23:06:28,否,,1,14,非常抱歉给您带来不好的体验我们会改进,2026-09-15 04:06:28
R202609004190,O202609002069,U10248,P10006,3,质量凑合对得起这个价格,2026-09-08 22:55:15,否,,1,30,感谢您的认可欢迎下次光临,2026-09-09 02:55:15
R202609004191,O202609008896,U10288,P10011,3,一般般吧没有想象中好,2026-09-09 02:05:37,否,,3,36,非常抱歉给您带来不好的体验我们会改进,2026-09-09 07:05:37
R202609004192,O202609003221,U10184,P10008,2,物流慢得要死等了一周,2026-09-14 23:43:23,否,,3,16,非常抱歉给您带来不好的体验我们会改进,2026-09-15 03:43:23
R202609004193,O202609006721,U10208,P10005,3,质量凑合对得起这个价格,2026-09-12 18:17:16,否,,0,36,,
R202609004194,O202609000536,U10217,P10007,1,用了两天就坏了质量太差,2026-09-05 15:35:23,是,用了一段时间来追评确实不错,2,32,感谢您的认可欢迎下次光临,2026-09-05 20:35:23
R202609004195,O202609007451,U10090,P10004,5,质量很好做工精细值得购买,2026-09-10 03:37:55,是,售后处理很快满意,1,47,感谢您的认可欢迎下次光临,2026-09-10 06:37:55
R202609004196,O202609007317,U10264,P10006,3,一般般吧没有想象中好,2026-09-08 10:02:44,否,,1,6,,
R202609004197,O202609004051,U10337,P10020,3,一般般吧没有想象中好,2026-09-12 13:15:12,是,追评：质量比预期好,3,42,感谢您的认可欢迎下次光临,2026-09-12 18:15:12
R202609004198,O202609004956,U10112,P10020,4,颜色正没有色差穿着舒服,2026-09-13 05:06:14,否,,1,10,,
R202609004199,O202609000188,U10162,P10007,4,手机性价比超高续航一天没问题推荐购买,2026-09-14 02:18:42,否,,1,43,感谢您的理解祝您生活愉快,2026-09-14 07:18:42
R202609004200,O202609004215,U10324,P10011,2,收到货发现有瑕疵要求换货,2026-09-13 06:20:54,否,,0,12,感谢您的理解祝您生活愉快,2026-09-13 11:20:54
R202609004201,O202609004298,U10435,P10002,4,手机性价比超高续航一天没问题推荐购买,2026-09-12 09:56:05,否,,0,34,,
R202609004202,O202609001137,U10154,P10020,3,包装有点简陋东西没问题,2026-09-14 07:50:56,是,用了一段时间来追评确实不错,0,20,非常抱歉给您带来不好的体验我们会改进,2026-09-14 08:50:56
R202609004203,O202609002400,U10331,P10013,5,手机性价比超高续航一天没问题推荐购买,2026-09-14 00:46:06,否,,1,32,已收到您的反馈我们会尽快处理,2026-09-14 05:46:06
R202609004204,O202609009068,U10346,P10003,1,用了两天就坏了质量太差,2026-09-13 01:39:48,否,,3,22,感谢您的认可欢迎下次光临,2026-09-13 05:39:48
R202609004205,O202609004441,U10456,P10005,1,物流慢得要死等了一周,2026-09-14 15:33:28,否,,3,49,非常抱歉给您带来不好的体验我们会改进,2026-09-14 18:33:28
R202609004206,O202609009635,U10321,P10003,4,颜色正没有色差穿着舒服,2026-09-05 01:05:45,是,追评：发现了一些问题希望改进,0,28,感谢您的理解祝您生活愉快,2026-09-05 05:05:45
R202609004207,O202609002952,U10493,P10016,4,绘本内容不错孩子很喜欢,2026-09-08 10:32:38,否,,3,33,感谢您的认可欢迎下次光临,2026-09-08 15:32:38
R202609004208,O202609009456,U10282,P10011,5,价格实惠比实体店便宜很多,2026-09-09 02:39:00,否,,0,4,感谢您的理解祝您生活愉快,2026-09-09 07:39:00
R202609004209,O202609001805,U10260,P10016,5,绘本内容不错孩子很喜欢,2026-09-14 09:02:41,是,售后处理很快满意,0,0,已收到您的反馈我们会尽快处理,2026-09-14 11:02:41
R202609004210,O202609001527,U10421,P10015,1,客服态度恶劣不理人,2026-09-11 11:30:22,否,,3,1,感谢您的理解祝您生活愉快,2026-09-11 15:30:22
R202609004211,O202609005602,U10322,P10018,5,颜色正没有色差穿着舒服,2026-09-07 05:16:59,否,,3,15,感谢您的认可欢迎下次光临,2026-09-07 06:16:59
R202609004212,O202609003055,U10489,P10016,2,鞋子偏小一码穿了半天脚疼,2026-09-11 10:16:13,否,,0,24,,
R202609004213,O202609006456,U10236,P10006,5,物流超快第二天就到了包装完好,2026-09-07 21:35:59,否,,2,4,感谢您的认可欢迎下次光临,2026-09-07 22:35:59
R202609004214,O202609003927,U10396,P10007,4,物流超快第二天就到了包装完好,2026-09-07 05:26:08,否,,1,13,非常抱歉给您带来不好的体验我们会改进,2026-09-07 09:26:08
R202609004215,O202609006313,U10279,P10019,3,一般般吧没有想象中好,2026-09-07 05:55:34,否,,2,29,感谢您的理解祝您生活愉快,2026-09-07 10:55:34
R202609004216,O202609002032,U10073,P10014,4,物流超快第二天就到了包装完好,2026-09-11 05:53:26,是,售后处理很快满意,1,15,,
R202609004217,O202609008923,U10059,P10015,5,客服态度好有问必答点赞,2026-09-08 23:18:16,否,,0,19,非常抱歉给您带来不好的体验我们会改进,2026-09-09 04:18:16
R202609004218,O202609009212,U10321,P10014,3,质量凑合对得起这个价格,2026-09-05 11:46:24,否,,3,24,,
R202609004219,O202609003669,U10189,P10003,5,价格实惠比实体店便宜很多,2026-09-05 18:36:16,是,追评：质量比预期好,0,36,,
R202609004220,O202609001861,U10352,P10018,1,客服态度恶劣不理人,2026-09-10 14:27:34,否,,2,1,非常抱歉给您带来不好的体验我们会改进,2026-09-10 16:27:34
R202609004221,O202609002693,U10139,P10005,5,价格实惠比实体店便宜很多,2026-09-08 04:43:27,否,,3,0,,
R202609004222,O202609003193,U10400,P10010,5,质量很好做工精细值得购买,2026-09-05 00:05:00,否,,3,31,,
R202609004223,O202609005963,U10406,P10005,4,保温效果很好外观也漂亮物流很快,2026-09-08 13:54:33,否,,2,10,,
R202609004224,O202609009264,U10258,P10001,2,物流慢得要死等了一周,2026-09-13 05:50:31,否,,2,29,非常抱歉给您带来不好的体验我们会改进,2026-09-13 07:50:31
R202609004225,O202609005082,U10240,P10020,5,客服态度好有问必答点赞,2026-09-13 05:11:30,是,追评：质量比预期好,3,23,感谢您的理解祝您生活愉快,2026-09-13 08:11:30
R202609004226,O202609000946,U10063,P10016,2,客服态度恶劣不理人,2026-09-06 16:03:43,否,,0,34,非常抱歉给您带来不好的体验我们会改进,2026-09-06 21:03:43
R202609004227,O202609002555,U10218,P10006,5,颜色正没有色差穿着舒服,2026-09-05 01:47:50,是,追评：质量比预期好,1,13,,
R202609004228,O202609007216,U10270,P10005,3,包装有点简陋东西没问题,2026-09-07 09:39:18,否,,0,8,,
R202609004229,O202609004981,U10387,P10019,5,绘本内容不错孩子很喜欢,2026-09-07 22:36:24,否,,2,25,,
R202609004230,O202609009855,U10263,P10002,5,手机性价比超高续航一天没问题推荐购买,2026-09-08 05:11:07,否,,1,50,感谢您的理解祝您生活愉快,2026-09-08 09:11:07
R202609004231,O202609006335,U10320,P10004,4,质量很好做工精细值得购买,2026-09-11 11:21:40,是,追评：质量比预期好,0,28,,
R202609004232,O202609003230,U10143,P10006,3,一般般吧没有想象中好,2026-09-10 11:13:52,是,用了一段时间来追评确实不错,3,24,感谢您的认可欢迎下次光临,2026-09-10 14:13:52
R202609004233,O202609004575,U10028,P10006,3,东西还行就是发货慢了点,2026-09-14 03:55:41,否,,1,20,感谢您的理解祝您生活愉快,2026-09-14 08:55:41
R202609004234,O202609006214,U10198,P10006,4,保温效果很好外观也漂亮物流很快,2026-09-11 15:52:33,否,,0,12,非常抱歉给您带来不好的体验我们会改进,2026-09-11 18:52:33
R202609004235,O202609001052,U10317,P10005,4,物流超快第二天就到了包装完好,2026-09-08 03:00:05,否,,2,38,感谢您的认可欢迎下次光临,2026-09-08 07:00:05
R202609004236,O202609007870,U10233,P10017,3,包装有点简陋东西没问题,2026-09-12 12:13:36,否,,1,19,非常抱歉给您带来不好的体验我们会改进,2026-09-12 15:13:36
R202609004237,O202609008515,U10358,P10019,4,手机性价比超高续航一天没问题推荐购买,2026-09-11 17:31:10,是,追评：质量比预期好,1,27,,
R202609004238,O202609003291,U10015,P10005,4,客服态度好有问必答点赞,2026-09-05 08:20:15,是,追评：发现了一些问题希望改进,1,11,感谢您的理解祝您生活愉快,2026-09-05 11:20:15
R202609004239,O202609004501,U10214,P10003,4,质量很好做工精细值得购买,2026-09-14 17:14:39,是,售后处理很快满意,3,33,感谢您的认可欢迎下次光临,2026-09-14 22:14:39
R202609004240,O202609007019,U10461,P10014,4,客服态度好有问必答点赞,2026-09-14 15:05:32,是,追评：发现了一些问题希望改进,2,44,感谢您的认可欢迎下次光临,2026-09-14 18:05:32
R202609004241,O202609008079,U10340,P10009,3,东西还行就是发货慢了点,2026-09-07 03:59:44,否,,1,1,感谢您的认可欢迎下次光临,2026-09-07 04:59:44
R202609004242,O202609005178,U10359,P10018,5,质量很好做工精细值得购买,2026-09-05 15:01:53,否,,1,46,非常抱歉给您带来不好的体验我们会改进,2026-09-05 18:01:53
R202609004243,O202609001350,U10047,P10010,5,手机性价比超高续航一天没问题推荐购买,2026-09-05 06:30:52,否,,3,38,感谢您的认可欢迎下次光临,2026-09-05 11:30:52
R202609004244,O202609005344,U10380,P10014,5,绘本内容不错孩子很喜欢,2026-09-07 04:39:15,否,,1,3,感谢您的理解祝您生活愉快,2026-09-07 06:39:15
R202609004245,O202609001304,U10132,P10010,2,跟描述完全不符要求退货,2026-09-06 20:38:19,否,,3,18,已收到您的反馈我们会尽快处理,2026-09-07 01:38:19
R202609004246,O202609009484,U10153,P10015,5,颜色正没有色差穿着舒服,2026-09-09 03:08:26,否,,1,33,非常抱歉给您带来不好的体验我们会改进,2026-09-09 08:08:26
R202609004247,O202609003471,U10149,P10007,5,绘本内容不错孩子很喜欢,2026-09-07 10:25:44,否,,2,42,,
R202609004248,O202609007610,U10008,P10004,3,东西还行就是发货慢了点,2026-09-05 09:41:13,否,,0,16,感谢您的理解祝您生活愉快,2026-09-05 14:41:13
R202609004249,O202609001662,U10312,P10007,4,手机性价比超高续航一天没问题推荐购买,2026-09-12 18:18:02,否,,3,35,感谢您的认可欢迎下次光临,2026-09-12 23:18:02
R202609004250,O202609000450,U10491,P10010,5,保温效果很好外观也漂亮物流很快,2026-09-09 07:06:16,否,,3,47,,
R202609004251,O202609005909,U10020,P10007,4,保温效果很好外观也漂亮物流很快,2026-09-09 00:50:15,否,,3,28,感谢您的认可欢迎下次光临,2026-09-09 01:50:15
R202609004252,O202609004803,U10454,P10012,5,价格实惠比实体店便宜很多,2026-09-11 21:13:58,否,,3,20,已收到您的反馈我们会尽快处理,2026-09-12 01:13:58
R202609004253,O202609004166,U10108,P10016,4,绘本内容不错孩子很喜欢,2026-09-10 08:40:24,否,,1,39,已收到您的反馈我们会尽快处理,2026-09-10 11:40:24
R202609004254,O202609001968,U10495,P10017,5,绘本内容不错孩子很喜欢,2026-09-06 13:49:19,否,,2,18,,
R202609004255,O202609008581,U10145,P10011,1,鞋子偏小一码穿了半天脚疼,2026-09-06 05:32:51,否,,3,50,感谢您的理解祝您生活愉快,2026-09-06 10:32:51
R202609004256,O202609004078,U10288,P10009,5,客服态度好有问必答点赞,2026-09-11 11:20:32,否,,0,21,非常抱歉给您带来不好的体验我们会改进,2026-09-11 16:20:32
R202609004257,O202609008336,U10441,P10017,4,客服态度好有问必答点赞,2026-09-12 12:08:52,否,,0,6,,
R202609004258,O202609007212,U10361,P10014,1,用了两天就坏了质量太差,2026-09-09 09:16:58,否,,0,22,感谢您的认可欢迎下次光临,2026-09-09 12:16:58
R202609004259,O202609000309,U10068,P10014,1,客服态度恶劣不理人,2026-09-12 07:48:17,否,,3,27,感谢您的认可欢迎下次光临,2026-09-12 08:48:17
R202609004260,O202609006131,U10298,P10011,5,客服态度好有问必答点赞,2026-09-05 01:25:47,是,追评：发现了一些问题希望改进,1,39,,
R202609004261,O202609001712,U10196,P10017,5,保温效果很好外观也漂亮物流很快,2026-09-10 19:09:12,否,,2,39,感谢您的认可欢迎下次光临,2026-09-10 23:09:12
R202609004262,O202609008780,U10107,P10009,4,物流超快第二天就到了包装完好,2026-09-11 08:04:06,否,,1,25,,
R202609004263,O202609001514,U10228,P10016,5,客服态度好有问必答点赞,2026-09-09 18:59:16,否,,1,50,,
R202609004264,O202609003381,U10032,P10006,5,保温效果很好外观也漂亮物流很快,2026-09-09 11:27:34,否,,3,27,感谢您的理解祝您生活愉快,2026-09-09 13:27:34
R202609004265,O202609001890,U10437,P10004,5,绘本内容不错孩子很喜欢,2026-09-08 23:48:23,否,,3,20,,
R202609004266,O202609008911,U10241,P10015,5,客服态度好有问必答点赞,2026-09-06 00:30:58,否,,0,15,,
R202609004267,O202609007251,U10060,P10001,5,手机性价比超高续航一天没问题推荐购买,2026-09-12 20:45:19,否,,2,23,感谢您的认可欢迎下次光临,2026-09-12 22:45:19
R202609004268,O202609004327,U10098,P10012,4,保温效果很好外观也漂亮物流很快,2026-09-05 08:45:57,否,,1,6,非常抱歉给您带来不好的体验我们会改进,2026-09-05 13:45:57
R202609004269,O202609008557,U10423,P10017,5,物流超快第二天就到了包装完好,2026-09-10 23:48:20,是,售后处理很快满意,3,6,,
R202609004270,O202609009647,U10464,P10003,3,质量凑合对得起这个价格,2026-09-10 16:50:09,否,,0,43,,
R202609004271,O202609007672,U10256,P10007,4,物流超快第二天就到了包装完好,2026-09-13 14:11:01,否,,2,7,感谢您的理解祝您生活愉快,2026-09-13 15:11:01
R202609004272,O202609009829,U10260,P10015,4,绘本内容不错孩子很喜欢,2026-09-09 21:23:41,是,用了一段时间来追评确实不错,1,21,感谢您的理解祝您生活愉快,2026-09-10 02:23:41
R202609004273,O202609007275,U10206,P10019,4,物流超快第二天就到了包装完好,2026-09-06 10:15:31,否,,2,4,感谢您的认可欢迎下次光临,2026-09-06 14:15:31
R202609004274,O202609006230,U10208,P10016,4,客服态度好有问必答点赞,2026-09-07 09:16:30,否,,0,33,,
R202609004275,O202609003627,U10280,P10009,4,手机性价比超高续航一天没问题推荐购买,2026-09-12 06:09:26,否,,1,16,,
R202609004276,O202609008937,U10236,P10005,2,客服态度恶劣不理人,2026-09-14 09:55:36,否,,0,47,已收到您的反馈我们会尽快处理,2026-09-14 11:55:36
R202609004277,O202609001820,U10212,P10014,5,价格实惠比实体店便宜很多,2026-09-07 01:14:03,否,,1,37,已收到您的反馈我们会尽快处理,2026-09-07 02:14:03
R202609004278,O202609001783,U10124,P10013,5,颜色正没有色差穿着舒服,2026-09-05 11:33:54,否,,2,49,,
R202609004279,O202609009715,U10241,P10011,4,质量很好做工精细值得购买,2026-09-10 14:57:52,否,,2,19,非常抱歉给您带来不好的体验我们会改进,2026-09-10 15:57:52
R202609004280,O202609004004,U10005,P10003,5,保温效果很好外观也漂亮物流很快,2026-09-07 15:08:56,否,,0,12,感谢您的理解祝您生活愉快,2026-09-07 18:08:56
R202609004281,O202609008872,U10345,P10004,5,质量很好做工精细值得购买,2026-09-06 13:14:04,否,,2,50,感谢您的认可欢迎下次光临,2026-09-06 16:14:04
R202609004282,O202609001953,U10011,P10007,4,保温效果很好外观也漂亮物流很快,2026-09-14 16:43:11,否,,3,8,已收到您的反馈我们会尽快处理,2026-09-14 18:43:11
R202609004283,O202609005143,U10124,P10017,4,绘本内容不错孩子很喜欢,2026-09-11 06:28:51,否,,3,26,感谢您的认可欢迎下次光临,2026-09-11 09:28:51
R202609004284,O202609003622,U10377,P10003,4,质量很好做工精细值得购买,2026-09-13 23:31:12,否,,2,25,,
R202609004285,O202609008647,U10078,P10020,4,物流超快第二天就到了包装完好,2026-09-14 08:28:31,否,,1,11,已收到您的反馈我们会尽快处理,2026-09-14 11:28:31
R202609004286,O202609001429,U10258,P10004,3,质量凑合对得起这个价格,2026-09-11 02:56:49,是,售后处理很快满意,2,11,,
R202609004287,O202609009866,U10402,P10010,5,物流超快第二天就到了包装完好,2026-09-12 12:20:55,否,,0,23,非常抱歉给您带来不好的体验我们会改进,2026-09-12 15:20:55
R202609004288,O202609005583,U10268,P10009,4,颜色正没有色差穿着舒服,2026-09-10 23:04:11,否,,3,0,已收到您的反馈我们会尽快处理,2026-09-11 02:04:11
R202609004289,O202609007641,U10321,P10018,4,绘本内容不错孩子很喜欢,2026-09-12 18:00:14,否,,1,5,感谢您的认可欢迎下次光临,2026-09-12 20:00:14
R202609004290,O202609007500,U10052,P10015,1,鞋子偏小一码穿了半天脚疼,2026-09-13 06:37:50,否,,0,44,已收到您的反馈我们会尽快处理,2026-09-13 08:37:50
R202609004291,O202609002754,U10164,P10017,4,保温效果很好外观也漂亮物流很快,2026-09-08 12:36:28,否,,1,49,感谢您的理解祝您生活愉快,2026-09-08 16:36:28
R202609004292,O202609003580,U10086,P10011,5,颜色正没有色差穿着舒服,2026-09-06 20:16:09,否,,3,49,非常抱歉给您带来不好的体验我们会改进,2026-09-06 21:16:09
R202609004293,O202609001231,U10140,P10017,5,手机性价比超高续航一天没问题推荐购买,2026-09-10 00:28:17,否,,0,30,感谢您的理解祝您生活愉快,2026-09-10 05:28:17
R202609004294,O202609008944,U10355,P10015,4,物流超快第二天就到了包装完好,2026-09-14 16:59:16,否,,2,3,,
R202609004295,O202609003773,U10332,P10001,4,手机性价比超高续航一天没问题推荐购买,2026-09-11 02:17:10,否,,0,26,非常抱歉给您带来不好的体验我们会改进,2026-09-11 05:17:10
R202609004296,O202609005831,U10266,P10012,4,手机性价比超高续航一天没问题推荐购买,2026-09-08 13:38:53,否,,0,1,感谢您的理解祝您生活愉快,2026-09-08 15:38:53
R202609004297,O202609001769,U10427,P10011,4,质量很好做工精细值得购买,2026-09-06 17:16:19,否,,2,45,感谢您的理解祝您生活愉快,2026-09-06 20:16:19
R202609004298,O202609001942,U10190,P10010,5,保温效果很好外观也漂亮物流很快,2026-09-08 12:25:35,否,,0,33,感谢您的理解祝您生活愉快,2026-09-08 14:25:35
R202609004299,O202609002410,U10363,P10001,4,手机性价比超高续航一天没问题推荐购买,2026-09-08 18:13:14,否,,3,13,感谢您的认可欢迎下次光临,2026-09-08 22:13:14
R202609004300,O202609007927,U10275,P10014,4,手机性价比超高续航一天没问题推荐购买,2026-09-11 19:00:13,否,,2,25,,
R202609004301,O202609003400,U10244,P10015,5,物流超快第二天就到了包装完好,2026-09-09 04:26:24,否,,1,5,,
R202609004302,O202609009077,U10163,P10017,4,质量很好做工精细值得购买,2026-09-12 07:04:22,否,,2,4,感谢您的理解祝您生活愉快,2026-09-12 09:04:22
R202609004303,O202609009309,U10262,P10005,4,价格实惠比实体店便宜很多,2026-09-13 20:28:47,是,售后处理很快满意,0,17,感谢您的认可欢迎下次光临,2026-09-14 01:28:47
R202609004304,O202609009684,U10041,P10013,5,质量很好做工精细值得购买,2026-09-10 18:09:17,否,,3,19,非常抱歉给您带来不好的体验我们会改进,2026-09-10 20:09:17
R202609004305,O202609000123,U10308,P10019,5,保温效果很好外观也漂亮物流很快,2026-09-07 05:12:30,是,追评：发现了一些问题希望改进,0,14,,
R202609004306,O202609007472,U10001,P10004,4,保温效果很好外观也漂亮物流很快,2026-09-12 20:52:13,否,,3,28,非常抱歉给您带来不好的体验我们会改进,2026-09-13 00:52:13
R202609004307,O202609006943,U10112,P10007,2,跟描述完全不符要求退货,2026-09-09 16:13:37,否,,1,18,已收到您的反馈我们会尽快处理,2026-09-09 20:13:37
R202609004308,O202609007073,U10143,P10014,2,跟描述完全不符要求退货,2026-09-10 13:20:19,否,,3,16,,
R202609004309,O202609002085,U10022,P10001,4,客服态度好有问必答点赞,2026-09-09 18:23:45,是,追评：发现了一些问题希望改进,1,23,已收到您的反馈我们会尽快处理,2026-09-09 19:23:45
R202609004310,O202609004998,U10148,P10013,2,客服态度恶劣不理人,2026-09-13 22:20:01,是,追评：质量比预期好,1,8,非常抱歉给您带来不好的体验我们会改进,2026-09-14 02:20:01
R202609004311,O202609006298,U10035,P10020,1,鞋子偏小一码穿了半天脚疼,2026-09-11 02:09:02,是,用了一段时间来追评确实不错,1,42,,
R202609004312,O202609003890,U10355,P10006,5,绘本内容不错孩子很喜欢,2026-09-08 06:04:37,否,,1,9,感谢您的理解祝您生活愉快,2026-09-08 07:04:37
R202609004313,O202609009230,U10409,P10014,3,一般般吧没有想象中好,2026-09-08 08:28:58,是,追评：发现了一些问题希望改进,0,33,已收到您的反馈我们会尽快处理,2026-09-08 10:28:58
R202609004314,O202609009002,U10451,P10020,3,东西还行就是发货慢了点,2026-09-06 02:23:47,是,追评：发现了一些问题希望改进,2,41,,
R202609004315,O202609005970,U10066,P10007,5,价格实惠比实体店便宜很多,2026-09-12 21:31:53,否,,1,10,,
R202609004316,O202609002055,U10049,P10013,5,颜色正没有色差穿着舒服,2026-09-14 01:23:41,否,,3,48,,
R202609004317,O202609008388,U10099,P10016,3,东西还行就是发货慢了点,2026-09-13 00:25:24,否,,3,36,感谢您的认可欢迎下次光临,2026-09-13 05:25:24
R202609004318,O202609001972,U10399,P10020,5,颜色正没有色差穿着舒服,2026-09-11 18:43:29,否,,0,30,感谢您的理解祝您生活愉快,2026-09-11 23:43:29
R202609004319,O202609002259,U10150,P10002,2,物流慢得要死等了一周,2026-09-11 10:18:07,是,售后处理很快满意,0,9,,
R202609004320,O202609005445,U10498,P10015,4,客服态度好有问必答点赞,2026-09-13 01:11:51,否,,2,14,感谢您的认可欢迎下次光临,2026-09-13 05:11:51
R202609004321,O202609004261,U10356,P10007,3,东西还行就是发货慢了点,2026-09-05 12:45:44,否,,2,22,非常抱歉给您带来不好的体验我们会改进,2026-09-05 17:45:44
R202609004322,O202609007395,U10173,P10007,2,用了两天就坏了质量太差,2026-09-12 00:27:45,否,,1,7,已收到您的反馈我们会尽快处理,2026-09-12 01:27:45
R202609004323,O202609004627,U10301,P10013,4,保温效果很好外观也漂亮物流很快,2026-09-09 12:44:15,否,,3,7,,
R202609004324,O202609003888,U10494,P10010,4,绘本内容不错孩子很喜欢,2026-09-14 18:58:58,否,,3,34,已收到您的反馈我们会尽快处理,2026-09-14 20:58:58
R202609004325,O202609007419,U10279,P10009,5,颜色正没有色差穿着舒服,2026-09-05 04:24:55,否,,2,38,感谢您的理解祝您生活愉快,2026-09-05 07:24:55
R202609004326,O202609004764,U10291,P10001,4,质量很好做工精细值得购买,2026-09-11 02:29:46,否,,3,15,,
R202609004327,O202609007206,U10446,P10008,3,质量凑合对得起这个价格,2026-09-07 19:10:05,否,,3,34,感谢您的认可欢迎下次光临,2026-09-07 20:10:05
R202609004328,O202609006126,U10076,P10001,4,绘本内容不错孩子很喜欢,2026-09-14 23:09:03,是,用了一段时间来追评确实不错,1,37,已收到您的反馈我们会尽快处理,2026-09-15 00:09:03
R202609004329,O202609008417,U10209,P10009,5,客服态度好有问必答点赞,2026-09-14 08:47:56,否,,3,27,非常抱歉给您带来不好的体验我们会改进,2026-09-14 12:47:56
R202609004330,O202609008803,U10099,P10004,5,手机性价比超高续航一天没问题推荐购买,2026-09-08 12:55:36,否,,2,34,非常抱歉给您带来不好的体验我们会改进,2026-09-08 13:55:36
R202609004331,O202609001321,U10073,P10020,3,一般般吧没有想象中好,2026-09-09 22:25:17,否,,0,5,已收到您的反馈我们会尽快处理,2026-09-10 00:25:17
R202609004332,O202609007811,U10399,P10010,5,保温效果很好外观也漂亮物流很快,2026-09-09 04:37:49,否,,1,10,已收到您的反馈我们会尽快处理,2026-09-09 09:37:49
R202609004333,O202609009961,U10125,P10012,5,手机性价比超高续航一天没问题推荐购买,2026-09-06 00:06:06,否,,2,38,非常抱歉给您带来不好的体验我们会改进,2026-09-06 03:06:06
R202609004334,O202609004077,U10244,P10007,5,手机性价比超高续航一天没问题推荐购买,2026-09-10 10:52:13,否,,0,21,非常抱歉给您带来不好的体验我们会改进,2026-09-10 11:52:13
R202609004335,O202609006605,U10025,P10019,4,手机性价比超高续航一天没问题推荐购买,2026-09-08 20:43:14,否,,2,6,感谢您的认可欢迎下次光临,2026-09-08 23:43:14
R202609004336,O202609008307,U10140,P10019,5,客服态度好有问必答点赞,2026-09-12 14:37:20,是,追评：发现了一些问题希望改进,0,5,,
R202609004337,O202609008706,U10259,P10018,5,手机性价比超高续航一天没问题推荐购买,2026-09-06 21:30:21,否,,3,35,感谢您的认可欢迎下次光临,2026-09-07 01:30:21
R202609004338,O202609003588,U10085,P10004,5,客服态度好有问必答点赞,2026-09-06 01:26:41,否,,0,24,已收到您的反馈我们会尽快处理,2026-09-06 04:26:41
R202609004339,O202609008056,U10441,P10011,3,东西还行就是发货慢了点,2026-09-07 16:10:57,否,,2,28,已收到您的反馈我们会尽快处理,2026-09-07 17:10:57
R202609004340,O202609003433,U10190,P10011,3,一般般吧没有想象中好,2026-09-05 22:31:43,否,,1,22,感谢您的理解祝您生活愉快,2026-09-05 23:31:43
R202609004341,O202609001338,U10033,P10004,1,鞋子偏小一码穿了半天脚疼,2026-09-11 08:21:58,否,,1,50,感谢您的认可欢迎下次光临,2026-09-11 13:21:58
R202609004342,O202609001977,U10334,P10007,4,手机性价比超高续航一天没问题推荐购买,2026-09-08 15:10:04,否,,3,32,,
R202609004343,O202609007944,U10375,P10020,2,收到货发现有瑕疵要求换货,2026-09-07 23:13:44,是,用了一段时间来追评确实不错,3,48,已收到您的反馈我们会尽快处理,2026-09-08 04:13:44
R202609004344,O202609007314,U10071,P10002,4,客服态度好有问必答点赞,2026-09-07 02:17:46,否,,1,43,感谢您的理解祝您生活愉快,2026-09-07 07:17:46
R202609004345,O202609009280,U10222,P10016,4,颜色正没有色差穿着舒服,2026-09-07 11:29:19,否,,1,49,已收到您的反馈我们会尽快处理,2026-09-07 16:29:19
R202609004346,O202609006812,U10242,P10006,4,保温效果很好外观也漂亮物流很快,2026-09-07 00:39:35,否,,1,9,非常抱歉给您带来不好的体验我们会改进,2026-09-07 01:39:35
R202609004347,O202609007528,U10073,P10011,2,用了两天就坏了质量太差,2026-09-11 17:28:31,否,,3,29,,
R202609004348,O202609006203,U10091,P10003,3,一般般吧没有想象中好,2026-09-07 13:43:27,否,,2,45,感谢您的认可欢迎下次光临,2026-09-07 14:43:27
R202609004349,O202609004928,U10340,P10001,2,鞋子偏小一码穿了半天脚疼,2026-09-13 11:55:04,否,,3,48,感谢您的理解祝您生活愉快,2026-09-13 13:55:04
R202609004350,O202609004610,U10347,P10009,5,客服态度好有问必答点赞,2026-09-13 16:12:39,是,追评：质量比预期好,3,44,已收到您的反馈我们会尽快处理,2026-09-13 21:12:39
R202609004351,O202609002443,U10182,P10015,3,质量凑合对得起这个价格,2026-09-07 11:13:13,否,,2,1,,
R202609004352,O202609009574,U10240,P10003,2,用了两天就坏了质量太差,2026-09-12 20:04:21,否,,1,26,已收到您的反馈我们会尽快处理,2026-09-12 22:04:21
R202609004353,O202609008656,U10477,P10020,4,手机性价比超高续航一天没问题推荐购买,2026-09-08 01:51:28,否,,3,46,非常抱歉给您带来不好的体验我们会改进,2026-09-08 03:51:28
R202609004354,O202609003550,U10320,P10015,3,东西还行就是发货慢了点,2026-09-11 14:36:58,是,用了一段时间来追评确实不错,0,6,已收到您的反馈我们会尽快处理,2026-09-11 19:36:58
R202609004355,O202609005966,U10181,P10008,5,质量很好做工精细值得购买,2026-09-11 01:08:23,否,,1,33,非常抱歉给您带来不好的体验我们会改进,2026-09-11 04:08:23
R202609004356,O202609000602,U10391,P10011,5,质量很好做工精细值得购买,2026-09-13 17:31:43,否,,2,29,已收到您的反馈我们会尽快处理,2026-09-13 20:31:43
R202609004357,O202609003916,U10122,P10016,2,跟描述完全不符要求退货,2026-09-12 20:22:26,否,,0,8,,
R202609004358,O202609007169,U10040,P10009,3,一般般吧没有想象中好,2026-09-13 16:48:27,否,,1,31,,
R202609004359,O202609000576,U10349,P10005,5,颜色正没有色差穿着舒服,2026-09-06 12:04:11,是,追评：发现了一些问题希望改进,2,47,非常抱歉给您带来不好的体验我们会改进,2026-09-06 14:04:11
R202609004360,O202609007162,U10239,P10017,4,客服态度好有问必答点赞,2026-09-12 17:31:13,是,用了一段时间来追评确实不错,1,10,已收到您的反馈我们会尽快处理,2026-09-12 22:31:13
R202609004361,O202609004134,U10308,P10014,4,价格实惠比实体店便宜很多,2026-09-08 18:37:27,否,,1,35,感谢您的理解祝您生活愉快,2026-09-08 21:37:27
R202609004362,O202609007168,U10178,P10019,5,绘本内容不错孩子很喜欢,2026-09-09 20:02:03,否,,0,10,已收到您的反馈我们会尽快处理,2026-09-09 23:02:03
R202609004363,O202609007276,U10322,P10007,2,跟描述完全不符要求退货,2026-09-08 01:42:33,否,,0,24,已收到您的反馈我们会尽快处理,2026-09-08 03:42:33
R202609004364,O202609006600,U10115,P10004,4,价格实惠比实体店便宜很多,2026-09-07 06:31:44,否,,0,4,感谢您的理解祝您生活愉快,2026-09-07 09:31:44
R202609004365,O202609008468,U10228,P10009,2,用了两天就坏了质量太差,2026-09-07 01:09:46,是,追评：质量比预期好,0,49,感谢您的认可欢迎下次光临,2026-09-07 05:09:46
R202609004366,O202609007484,U10455,P10016,4,客服态度好有问必答点赞,2026-09-09 19:18:28,否,,3,34,已收到您的反馈我们会尽快处理,2026-09-09 22:18:28
R202609004367,O202609008090,U10253,P10002,5,价格实惠比实体店便宜很多,2026-09-13 11:44:19,否,,1,44,,
R202609004368,O202609007199,U10419,P10011,5,手机性价比超高续航一天没问题推荐购买,2026-09-11 16:51:20,否,,0,42,,
R202609004369,O202609001595,U10088,P10011,2,鞋子偏小一码穿了半天脚疼,2026-09-14 13:10:53,否,,0,28,感谢您的理解祝您生活愉快,2026-09-14 18:10:53
R202609004370,O202609001009,U10294,P10012,4,价格实惠比实体店便宜很多,2026-09-08 05:30:59,否,,1,15,,
R202609004371,O202609004070,U10319,P10002,5,物流超快第二天就到了包装完好,2026-09-07 13:04:46,否,,1,35,,
R202609004372,O202609008702,U10440,P10013,5,绘本内容不错孩子很喜欢,2026-09-10 03:03:02,否,,1,11,感谢您的认可欢迎下次光临,2026-09-10 08:03:02
R202609004373,O202609002977,U10282,P10019,4,客服态度好有问必答点赞,2026-09-14 19:52:37,否,,1,2,非常抱歉给您带来不好的体验我们会改进,2026-09-14 20:52:37
R202609004374,O202609006864,U10013,P10011,4,绘本内容不错孩子很喜欢,2026-09-10 14:06:09,否,,0,36,,
R202609004375,O202609007379,U10109,P10014,5,物流超快第二天就到了包装完好,2026-09-06 20:49:43,否,,1,39,,
R202609004376,O202609009947,U10036,P10005,4,绘本内容不错孩子很喜欢,2026-09-07 15:18:25,是,售后处理很快满意,3,19,,
R202609004377,O202609000711,U10338,P10005,5,客服态度好有问必答点赞,2026-09-07 23:56:08,否,,2,43,,
R202609004378,O202609003209,U10178,P10003,4,客服态度好有问必答点赞,2026-09-06 12:39:00,否,,2,44,感谢您的认可欢迎下次光临,2026-09-06 16:39:00
R202609004379,O202609009832,U10139,P10002,4,手机性价比超高续航一天没问题推荐购买,2026-09-05 09:42:08,否,,1,40,感谢您的认可欢迎下次光临,2026-09-05 10:42:08
R202609004380,O202609003595,U10420,P10010,5,价格实惠比实体店便宜很多,2026-09-13 11:19:41,否,,1,1,已收到您的反馈我们会尽快处理,2026-09-13 14:19:41
R202609004381,O202609005363,U10198,P10014,5,保温效果很好外观也漂亮物流很快,2026-09-05 02:04:49,否,,0,33,已收到您的反馈我们会尽快处理,2026-09-05 03:04:49
R202609004382,O202609003005,U10286,P10017,3,一般般吧没有想象中好,2026-09-09 09:05:27,否,,3,24,感谢您的认可欢迎下次光临,2026-09-09 10:05:27
R202609004383,O202609008040,U10282,P10002,1,客服态度恶劣不理人,2026-09-06 10:29:08,否,,0,38,,
R202609004384,O202609004372,U10252,P10003,5,手机性价比超高续航一天没问题推荐购买,2026-09-10 19:30:41,是,追评：质量比预期好,0,11,非常抱歉给您带来不好的体验我们会改进,2026-09-10 22:30:41
R202609004385,O202609005134,U10292,P10008,5,颜色正没有色差穿着舒服,2026-09-08 10:57:33,否,,0,46,感谢您的理解祝您生活愉快,2026-09-08 15:57:33
R202609004386,O202609007365,U10167,P10017,5,保温效果很好外观也漂亮物流很快,2026-09-12 05:42:41,否,,3,29,,
R202609004387,O202609004089,U10181,P10007,3,一般般吧没有想象中好,2026-09-09 03:04:23,否,,0,46,,
R202609004388,O202609002099,U10378,P10003,4,物流超快第二天就到了包装完好,2026-09-08 01:02:42,否,,2,31,已收到您的反馈我们会尽快处理,2026-09-08 02:02:42
R202609004389,O202609002475,U10368,P10019,4,价格实惠比实体店便宜很多,2026-09-05 17:39:50,否,,3,34,,
R202609004390,O202609008018,U10384,P10010,1,收到货发现有瑕疵要求换货,2026-09-09 21:34:21,是,用了一段时间来追评确实不错,2,20,感谢您的认可欢迎下次光临,2026-09-10 01:34:21
R202609004391,O202609006615,U10241,P10019,4,价格实惠比实体店便宜很多,2026-09-06 15:54:28,否,,2,10,,
R202609004392,O202609000915,U10250,P10004,5,保温效果很好外观也漂亮物流很快,2026-09-09 11:34:02,是,追评：发现了一些问题希望改进,1,4,感谢您的理解祝您生活愉快,2026-09-09 16:34:02
R202609004393,O202609003224,U10132,P10008,5,绘本内容不错孩子很喜欢,2026-09-10 04:58:51,否,,3,25,,
R202609004394,O202609003108,U10236,P10011,3,一般般吧没有想象中好,2026-09-10 08:58:44,否,,2,5,感谢您的认可欢迎下次光临,2026-09-10 09:58:44
R202609004395,O202609006453,U10434,P10014,5,客服态度好有问必答点赞,2026-09-10 08:10:39,否,,2,5,感谢您的认可欢迎下次光临,2026-09-10 13:10:39
R202609004396,O202609006622,U10327,P10002,4,绘本内容不错孩子很喜欢,2026-09-06 05:40:02,否,,1,19,,
R202609004397,O202609009795,U10333,P10002,5,绘本内容不错孩子很喜欢,2026-09-06 06:42:09,是,追评：质量比预期好,0,23,,
R202609004398,O202609003746,U10474,P10011,5,客服态度好有问必答点赞,2026-09-14 23:12:55,是,追评：发现了一些问题希望改进,2,24,感谢您的认可欢迎下次光临,2026-09-15 00:12:55
R202609004399,O202609008583,U10167,P10010,3,东西还行就是发货慢了点,2026-09-06 03:14:48,否,,3,41,,
R202609004400,O202609005345,U10332,P10013,3,一般般吧没有想象中好,2026-09-12 14:52:55,否,,3,32,,
R202609004401,O202609005136,U10191,P10003,4,质量很好做工精细值得购买,2026-09-07 14:15:48,否,,2,3,感谢您的理解祝您生活愉快,2026-09-07 16:15:48
R202609004402,O202609006806,U10287,P10005,5,质量很好做工精细值得购买,2026-09-06 15:51:50,否,,1,50,非常抱歉给您带来不好的体验我们会改进,2026-09-06 19:51:50
R202609004403,O202609000077,U10141,P10007,4,绘本内容不错孩子很喜欢,2026-09-13 04:52:08,否,,0,18,感谢您的理解祝您生活愉快,2026-09-13 09:52:08
R202609004404,O202609008923,U10008,P10020,4,颜色正没有色差穿着舒服,2026-09-13 07:20:29,是,追评：质量比预期好,2,3,已收到您的反馈我们会尽快处理,2026-09-13 10:20:29
R202609004405,O202609001674,U10191,P10007,4,客服态度好有问必答点赞,2026-09-10 07:18:15,否,,2,42,,
R202609004406,O202609009435,U10178,P10007,4,质量很好做工精细值得购买,2026-09-05 07:20:56,否,,1,37,感谢您的理解祝您生活愉快,2026-09-05 08:20:56
R202609004407,O202609000383,U10057,P10007,5,价格实惠比实体店便宜很多,2026-09-14 15:52:26,否,,2,34,非常抱歉给您带来不好的体验我们会改进,2026-09-14 17:52:26
R202609004408,O202609006969,U10294,P10012,5,客服态度好有问必答点赞,2026-09-11 10:37:50,否,,3,23,,
R202609004409,O202609007071,U10075,P10013,5,质量很好做工精细值得购买,2026-09-10 00:03:04,否,,0,26,感谢您的理解祝您生活愉快,2026-09-10 03:03:04
R202609004410,O202609004928,U10395,P10020,3,东西还行就是发货慢了点,2026-09-11 23:23:00,否,,0,4,,
R202609004411,O202609001407,U10061,P10014,2,用了两天就坏了质量太差,2026-09-09 03:50:35,否,,1,29,,
R202609004412,O202609001163,U10416,P10014,3,质量凑合对得起这个价格,2026-09-06 21:52:48,否,,3,45,,
R202609004413,O202609008793,U10134,P10015,5,手机性价比超高续航一天没问题推荐购买,2026-09-11 05:41:30,否,,0,2,感谢您的理解祝您生活愉快,2026-09-11 06:41:30
R202609004414,O202609007744,U10193,P10012,2,物流慢得要死等了一周,2026-09-05 10:45:27,否,,3,28,感谢您的认可欢迎下次光临,2026-09-05 15:45:27
R202609004415,O202609006651,U10096,P10016,5,绘本内容不错孩子很喜欢,2026-09-08 04:10:23,否,,1,22,感谢您的理解祝您生活愉快,2026-09-08 07:10:23
R202609004416,O202609007919,U10255,P10002,5,物流超快第二天就到了包装完好,2026-09-08 22:03:18,否,,2,41,感谢您的理解祝您生活愉快,2026-09-09 01:03:18
R202609004417,O202609008543,U10083,P10005,5,绘本内容不错孩子很喜欢,2026-09-10 10:39:44,是,追评：质量比预期好,0,30,感谢您的理解祝您生活愉快,2026-09-10 15:39:44
R202609004418,O202609003422,U10430,P10010,5,物流超快第二天就到了包装完好,2026-09-09 18:37:24,否,,1,30,非常抱歉给您带来不好的体验我们会改进,2026-09-09 20:37:24
R202609004419,O202609002787,U10160,P10004,4,物流超快第二天就到了包装完好,2026-09-05 10:27:33,否,,1,40,感谢您的认可欢迎下次光临,2026-09-05 13:27:33
R202609004420,O202609000259,U10219,P10008,4,价格实惠比实体店便宜很多,2026-09-12 15:01:03,否,,3,19,,
R202609004421,O202609002267,U10465,P10007,2,客服态度恶劣不理人,2026-09-08 02:00:08,否,,1,27,,
R202609004422,O202609006151,U10120,P10009,3,一般般吧没有想象中好,2026-09-09 10:47:01,否,,1,19,已收到您的反馈我们会尽快处理,2026-09-09 12:47:01
R202609004423,O202609006707,U10145,P10009,5,保温效果很好外观也漂亮物流很快,2026-09-09 00:12:49,否,,0,2,,
R202609004424,O202609002008,U10117,P10008,5,绘本内容不错孩子很喜欢,2026-09-08 06:18:42,否,,2,7,,
R202609004425,O202609001157,U10075,P10003,5,手机性价比超高续航一天没问题推荐购买,2026-09-11 19:56:23,否,,0,37,,
R202609004426,O202609008875,U10068,P10002,3,东西还行就是发货慢了点,2026-09-12 22:11:44,是,售后处理很快满意,1,1,感谢您的理解祝您生活愉快,2026-09-13 03:11:44
R202609004427,O202609007481,U10436,P10013,4,保温效果很好外观也漂亮物流很快,2026-09-10 04:11:14,否,,3,11,感谢您的认可欢迎下次光临,2026-09-10 06:11:14
R202609004428,O202609007210,U10310,P10019,5,保温效果很好外观也漂亮物流很快,2026-09-06 20:33:53,否,,1,42,感谢您的理解祝您生活愉快,2026-09-06 22:33:53
R202609004429,O202609007101,U10009,P10015,4,保温效果很好外观也漂亮物流很快,2026-09-06 05:57:03,否,,3,12,感谢您的认可欢迎下次光临,2026-09-06 08:57:03
R202609004430,O202609001338,U10299,P10007,4,质量很好做工精细值得购买,2026-09-13 08:29:12,否,,2,21,,
R202609004431,O202609004401,U10069,P10015,3,质量凑合对得起这个价格,2026-09-10 12:35:22,否,,0,28,,
R202609004432,O202609003235,U10322,P10014,5,颜色正没有色差穿着舒服,2026-09-05 14:44:50,否,,1,26,,
R202609004433,O202609006278,U10317,P10008,4,手机性价比超高续航一天没问题推荐购买,2026-09-06 20:22:10,否,,2,43,已收到您的反馈我们会尽快处理,2026-09-07 00:22:10
R202609004434,O202609006919,U10165,P10007,3,包装有点简陋东西没问题,2026-09-09 13:48:16,否,,1,6,非常抱歉给您带来不好的体验我们会改进,2026-09-09 16:48:16
R202609004435,O202609002479,U10342,P10016,5,客服态度好有问必答点赞,2026-09-10 01:22:10,否,,1,34,,
R202609004436,O202609004210,U10085,P10019,2,跟描述完全不符要求退货,2026-09-07 12:13:04,否,,2,5,非常抱歉给您带来不好的体验我们会改进,2026-09-07 16:13:04
R202609004437,O202609006994,U10152,P10003,5,颜色正没有色差穿着舒服,2026-09-07 18:47:44,否,,2,23,已收到您的反馈我们会尽快处理,2026-09-07 20:47:44
R202609004438,O202609009303,U10310,P10001,5,保温效果很好外观也漂亮物流很快,2026-09-14 23:37:11,否,,1,23,已收到您的反馈我们会尽快处理,2026-09-15 02:37:11
R202609004439,O202609006265,U10421,P10011,1,跟描述完全不符要求退货,2026-09-05 16:32:45,是,追评：发现了一些问题希望改进,1,28,已收到您的反馈我们会尽快处理,2026-09-05 20:32:45
R202609004440,O202609006954,U10432,P10015,4,价格实惠比实体店便宜很多,2026-09-05 06:34:52,是,追评：发现了一些问题希望改进,1,6,感谢您的理解祝您生活愉快,2026-09-05 07:34:52
R202609004441,O202609002986,U10409,P10013,5,保温效果很好外观也漂亮物流很快,2026-09-06 02:14:56,否,,1,28,感谢您的理解祝您生活愉快,2026-09-06 04:14:56
R202609004442,O202609007684,U10147,P10008,5,客服态度好有问必答点赞,2026-09-11 14:11:40,否,,0,7,感谢您的理解祝您生活愉快,2026-09-11 16:11:40
R202609004443,O202609000598,U10442,P10006,4,颜色正没有色差穿着舒服,2026-09-13 03:15:32,否,,2,33,,
R202609004444,O202609007731,U10079,P10001,5,绘本内容不错孩子很喜欢,2026-09-06 11:27:39,否,,1,25,感谢您的理解祝您生活愉快,2026-09-06 13:27:39
R202609004445,O202609003828,U10388,P10018,5,绘本内容不错孩子很喜欢,2026-09-10 09:36:01,否,,3,50,,
R202609004446,O202609000291,U10133,P10001,4,手机性价比超高续航一天没问题推荐购买,2026-09-14 08:47:31,否,,1,22,感谢您的认可欢迎下次光临,2026-09-14 12:47:31
R202609004447,O202609007056,U10143,P10005,4,价格实惠比实体店便宜很多,2026-09-06 09:15:42,否,,2,31,感谢您的理解祝您生活愉快,2026-09-06 11:15:42
R202609004448,O202609004856,U10423,P10019,5,物流超快第二天就到了包装完好,2026-09-05 18:26:51,否,,2,6,,
R202609004449,O202609009997,U10280,P10016,4,手机性价比超高续航一天没问题推荐购买,2026-09-08 08:57:37,是,售后处理很快满意,2,30,,
R202609004450,O202609005172,U10483,P10012,5,物流超快第二天就到了包装完好,2026-09-05 14:43:40,否,,0,39,,
R202609004451,O202609008515,U10156,P10014,1,物流慢得要死等了一周,2026-09-10 07:41:21,否,,2,25,非常抱歉给您带来不好的体验我们会改进,2026-09-10 09:41:21
R202609004452,O202609004009,U10373,P10010,5,价格实惠比实体店便宜很多,2026-09-06 19:31:49,否,,2,50,非常抱歉给您带来不好的体验我们会改进,2026-09-06 22:31:49
R202609004453,O202609007097,U10046,P10012,4,质量很好做工精细值得购买,2026-09-08 23:35:20,否,,3,31,感谢您的理解祝您生活愉快,2026-09-09 04:35:20
R202609004454,O202609005677,U10172,P10016,3,包装有点简陋东西没问题,2026-09-10 04:20:54,是,追评：发现了一些问题希望改进,0,3,非常抱歉给您带来不好的体验我们会改进,2026-09-10 07:20:54
R202609004455,O202609000855,U10089,P10003,5,保温效果很好外观也漂亮物流很快,2026-09-08 17:56:53,否,,1,13,感谢您的认可欢迎下次光临,2026-09-08 20:56:53
R202609004456,O202609000193,U10479,P10015,2,跟描述完全不符要求退货,2026-09-14 15:34:12,否,,3,8,已收到您的反馈我们会尽快处理,2026-09-14 16:34:12
R202609004457,O202609002182,U10170,P10010,5,价格实惠比实体店便宜很多,2026-09-13 22:51:41,否,,2,48,已收到您的反馈我们会尽快处理,2026-09-14 02:51:41
R202609004458,O202609006683,U10146,P10008,4,绘本内容不错孩子很喜欢,2026-09-11 20:47:27,否,,0,34,感谢您的认可欢迎下次光临,2026-09-12 01:47:27
R202609004459,O202609004444,U10390,P10012,4,质量很好做工精细值得购买,2026-09-14 09:10:13,否,,1,42,已收到您的反馈我们会尽快处理,2026-09-14 14:10:13
R202609004460,O202609005816,U10345,P10007,5,质量很好做工精细值得购买,2026-09-10 17:17:07,是,追评：发现了一些问题希望改进,3,19,,
R202609004461,O202609004983,U10347,P10004,3,质量凑合对得起这个价格,2026-09-05 17:43:27,否,,0,18,感谢您的认可欢迎下次光临,2026-09-05 19:43:27
R202609004462,O202609000847,U10207,P10001,3,质量凑合对得起这个价格,2026-09-10 04:52:35,否,,0,22,感谢您的理解祝您生活愉快,2026-09-10 07:52:35
R202609004463,O202609006987,U10108,P10011,3,质量凑合对得起这个价格,2026-09-12 04:41:49,否,,2,43,,
R202609004464,O202609004666,U10375,P10016,5,手机性价比超高续航一天没问题推荐购买,2026-09-08 02:43:40,否,,2,10,感谢您的认可欢迎下次光临,2026-09-08 06:43:40
R202609004465,O202609003990,U10129,P10020,5,客服态度好有问必答点赞,2026-09-13 16:29:38,否,,2,26,已收到您的反馈我们会尽快处理,2026-09-13 19:29:38
R202609004466,O202609006776,U10443,P10001,1,跟描述完全不符要求退货,2026-09-14 14:06:08,否,,1,42,感谢您的认可欢迎下次光临,2026-09-14 17:06:08
R202609004467,O202609000538,U10175,P10013,3,东西还行就是发货慢了点,2026-09-10 17:22:49,否,,1,12,非常抱歉给您带来不好的体验我们会改进,2026-09-10 19:22:49
R202609004468,O202609009042,U10115,P10016,4,绘本内容不错孩子很喜欢,2026-09-12 07:40:39,否,,3,35,非常抱歉给您带来不好的体验我们会改进,2026-09-12 10:40:39
R202609004469,O202609005635,U10403,P10009,5,手机性价比超高续航一天没问题推荐购买,2026-09-13 06:36:08,否,,3,2,非常抱歉给您带来不好的体验我们会改进,2026-09-13 10:36:08
R202609004470,O202609008115,U10396,P10003,5,物流超快第二天就到了包装完好,2026-09-07 13:20:01,是,追评：质量比预期好,0,29,已收到您的反馈我们会尽快处理,2026-09-07 14:20:01
R202609004471,O202609005298,U10070,P10014,4,价格实惠比实体店便宜很多,2026-09-09 04:22:59,否,,3,50,已收到您的反馈我们会尽快处理,2026-09-09 05:22:59
R202609004472,O202609003162,U10162,P10005,5,质量很好做工精细值得购买,2026-09-08 17:46:15,否,,3,4,,
R202609004473,O202609002637,U10054,P10002,4,价格实惠比实体店便宜很多,2026-09-09 06:35:22,否,,2,39,,
R202609004474,O202609001137,U10143,P10015,4,质量很好做工精细值得购买,2026-09-10 01:41:21,是,用了一段时间来追评确实不错,2,16,非常抱歉给您带来不好的体验我们会改进,2026-09-10 06:41:21
R202609004475,O202609008029,U10430,P10004,1,用了两天就坏了质量太差,2026-09-12 08:23:40,是,追评：质量比预期好,0,26,感谢您的认可欢迎下次光临,2026-09-12 12:23:40
R202609004476,O202609000953,U10391,P10020,5,保温效果很好外观也漂亮物流很快,2026-09-11 22:38:36,是,售后处理很快满意,2,5,感谢您的认可欢迎下次光临,2026-09-11 23:38:36
R202609004477,O202609000980,U10151,P10005,5,绘本内容不错孩子很喜欢,2026-09-10 07:32:00,是,用了一段时间来追评确实不错,3,25,感谢您的理解祝您生活愉快,2026-09-10 11:32:00
R202609004478,O202609000971,U10322,P10009,5,保温效果很好外观也漂亮物流很快,2026-09-13 06:35:47,否,,2,1,感谢您的理解祝您生活愉快,2026-09-13 09:35:47
R202609004479,O202609009995,U10195,P10005,5,质量很好做工精细值得购买,2026-09-09 11:36:16,否,,0,3,感谢您的认可欢迎下次光临,2026-09-09 14:36:16
R202609004480,O202609005432,U10480,P10019,4,质量很好做工精细值得购买,2026-09-13 08:01:13,否,,2,33,已收到您的反馈我们会尽快处理,2026-09-13 10:01:13
R202609004481,O202609005217,U10112,P10017,2,物流慢得要死等了一周,2026-09-07 02:51:09,否,,1,38,,
R202609004482,O202609004237,U10090,P10018,3,东西还行就是发货慢了点,2026-09-10 07:55:06,否,,3,10,感谢您的认可欢迎下次光临,2026-09-10 08:55:06
R202609004483,O202609001862,U10226,P10004,5,物流超快第二天就到了包装完好,2026-09-08 00:01:42,是,用了一段时间来追评确实不错,3,0,感谢您的理解祝您生活愉快,2026-09-08 02:01:42
R202609004484,O202609005784,U10484,P10017,4,物流超快第二天就到了包装完好,2026-09-07 03:36:02,否,,1,8,感谢您的理解祝您生活愉快,2026-09-07 08:36:02
R202609004485,O202609003183,U10263,P10008,5,质量很好做工精细值得购买,2026-09-07 02:45:31,否,,1,31,非常抱歉给您带来不好的体验我们会改进,2026-09-07 05:45:31
R202609004486,O202609006499,U10152,P10001,1,鞋子偏小一码穿了半天脚疼,2026-09-11 10:50:18,是,售后处理很快满意,1,5,感谢您的理解祝您生活愉快,2026-09-11 13:50:18
R202609004487,O202609009788,U10003,P10018,4,客服态度好有问必答点赞,2026-09-13 08:18:24,是,用了一段时间来追评确实不错,0,49,,
R202609004488,O202609003282,U10349,P10018,3,东西还行就是发货慢了点,2026-09-05 16:16:37,是,售后处理很快满意,2,18,,
R202609004489,O202609003547,U10275,P10002,4,物流超快第二天就到了包装完好,2026-09-13 05:54:59,否,,3,37,已收到您的反馈我们会尽快处理,2026-09-13 08:54:59
R202609004490,O202609000348,U10098,P10014,3,质量凑合对得起这个价格,2026-09-14 19:19:13,是,售后处理很快满意,0,23,,
R202609004491,O202609006483,U10105,P10017,2,客服态度恶劣不理人,2026-09-10 16:32:54,否,,2,19,,
R202609004492,O202609000847,U10305,P10007,5,物流超快第二天就到了包装完好,2026-09-12 03:39:24,否,,3,49,感谢您的认可欢迎下次光临,2026-09-12 06:39:24
R202609004493,O202609003932,U10198,P10005,4,质量很好做工精细值得购买,2026-09-10 13:37:43,否,,1,22,感谢您的认可欢迎下次光临,2026-09-10 16:37:43
R202609004494,O202609005499,U10347,P10012,5,绘本内容不错孩子很喜欢,2026-09-08 03:24:49,否,,0,31,非常抱歉给您带来不好的体验我们会改进,2026-09-08 05:24:49
R202609004495,O202609000262,U10133,P10004,5,绘本内容不错孩子很喜欢,2026-09-07 18:51:39,否,,0,15,感谢您的理解祝您生活愉快,2026-09-07 22:51:39
R202609004496,O202609004613,U10353,P10012,5,保温效果很好外观也漂亮物流很快,2026-09-09 23:00:56,是,用了一段时间来追评确实不错,1,2,感谢您的认可欢迎下次光临,2026-09-10 02:00:56
R202609004497,O202609009172,U10471,P10011,4,客服态度好有问必答点赞,2026-09-08 12:09:40,否,,1,15,感谢您的理解祝您生活愉快,2026-09-08 13:09:40
R202609004498,O202609009550,U10157,P10009,4,价格实惠比实体店便宜很多,2026-09-14 19:33:08,是,追评：发现了一些问题希望改进,2,1,感谢您的理解祝您生活愉快,2026-09-14 21:33:08
R202609004499,O202609005957,U10075,P10002,4,物流超快第二天就到了包装完好,2026-09-06 19:50:17,否,,1,0,感谢您的理解祝您生活愉快,2026-09-06 20:50:17
R202609004500,O202609002729,U10421,P10006,4,颜色正没有色差穿着舒服,2026-09-09 01:53:20,否,,2,17,,
R202609004501,O202609007164,U10080,P10006,4,绘本内容不错孩子很喜欢,2026-09-06 17:38:18,否,,1,4,,
R202609004502,O202609004734,U10273,P10011,5,手机性价比超高续航一天没问题推荐购买,2026-09-11 22:04:20,是,用了一段时间来追评确实不错,2,26,感谢您的理解祝您生活愉快,2026-09-11 23:04:20
R202609004503,O202609001901,U10300,P10009,5,颜色正没有色差穿着舒服,2026-09-12 18:22:27,否,,2,47,已收到您的反馈我们会尽快处理,2026-09-12 23:22:27
R202609004504,O202609001638,U10144,P10019,3,质量凑合对得起这个价格,2026-09-13 22:42:21,否,,0,48,感谢您的理解祝您生活愉快,2026-09-13 23:42:21
R202609004505,O202609006684,U10128,P10001,4,质量很好做工精细值得购买,2026-09-06 17:00:15,是,用了一段时间来追评确实不错,3,9,非常抱歉给您带来不好的体验我们会改进,2026-09-06 21:00:15
R202609004506,O202609005469,U10211,P10011,4,价格实惠比实体店便宜很多,2026-09-07 09:29:25,是,追评：质量比预期好,3,26,,
R202609004507,O202609006450,U10427,P10009,4,颜色正没有色差穿着舒服,2026-09-08 00:21:50,否,,3,10,已收到您的反馈我们会尽快处理,2026-09-08 02:21:50
R202609004508,O202609005108,U10120,P10016,5,保温效果很好外观也漂亮物流很快,2026-09-12 22:17:22,否,,3,11,,
R202609004509,O202609005939,U10021,P10001,5,手机性价比超高续航一天没问题推荐购买,2026-09-06 04:36:30,否,,0,48,,
R202609004510,O202609007303,U10486,P10002,5,物流超快第二天就到了包装完好,2026-09-13 06:16:28,否,,2,28,感谢您的理解祝您生活愉快,2026-09-13 09:16:28
R202609004511,O202609008450,U10388,P10012,5,颜色正没有色差穿着舒服,2026-09-14 09:38:58,否,,0,8,,
R202609004512,O202609004650,U10091,P10009,5,保温效果很好外观也漂亮物流很快,2026-09-06 14:26:44,否,,3,27,感谢您的理解祝您生活愉快,2026-09-06 19:26:44
R202609004513,O202609007140,U10054,P10008,5,颜色正没有色差穿着舒服,2026-09-14 18:20:13,是,追评：质量比预期好,2,10,感谢您的认可欢迎下次光临,2026-09-14 23:20:13
R202609004514,O202609002087,U10321,P10018,5,价格实惠比实体店便宜很多,2026-09-14 10:33:05,否,,3,26,已收到您的反馈我们会尽快处理,2026-09-14 11:33:05
R202609004515,O202609009193,U10132,P10011,5,颜色正没有色差穿着舒服,2026-09-09 07:18:06,否,,0,0,已收到您的反馈我们会尽快处理,2026-09-09 09:18:06
R202609004516,O202609001922,U10325,P10012,5,价格实惠比实体店便宜很多,2026-09-10 09:49:34,否,,2,30,感谢您的理解祝您生活愉快,2026-09-10 10:49:34
R202609004517,O202609008366,U10189,P10008,4,保温效果很好外观也漂亮物流很快,2026-09-06 12:39:34,否,,1,29,感谢您的认可欢迎下次光临,2026-09-06 15:39:34
R202609004518,O202609009959,U10266,P10010,4,绘本内容不错孩子很喜欢,2026-09-08 22:07:37,是,追评：发现了一些问题希望改进,2,9,感谢您的理解祝您生活愉快,2026-09-09 03:07:37
R202609004519,O202609001677,U10267,P10015,3,一般般吧没有想象中好,2026-09-13 18:45:33,否,,2,5,感谢您的理解祝您生活愉快,2026-09-13 23:45:33
R202609004520,O202609009112,U10445,P10011,2,物流慢得要死等了一周,2026-09-11 03:58:29,否,,0,49,,
R202609004521,O202609008182,U10106,P10006,4,保温效果很好外观也漂亮物流很快,2026-09-11 03:47:38,是,追评：发现了一些问题希望改进,1,0,感谢您的认可欢迎下次光临,2026-09-11 04:47:38
R202609004522,O202609001300,U10500,P10012,4,物流超快第二天就到了包装完好,2026-09-11 08:26:33,否,,3,0,感谢您的认可欢迎下次光临,2026-09-11 13:26:33
R202609004523,O202609007102,U10068,P10011,5,物流超快第二天就到了包装完好,2026-09-06 10:56:42,否,,2,41,,
R202609004524,O202609009512,U10351,P10010,5,质量很好做工精细值得购买,2026-09-06 08:40:41,否,,3,8,已收到您的反馈我们会尽快处理,2026-09-06 09:40:41
R202609004525,O202609005573,U10405,P10012,4,手机性价比超高续航一天没问题推荐购买,2026-09-07 05:34:46,是,售后处理很快满意,1,40,非常抱歉给您带来不好的体验我们会改进,2026-09-07 09:34:46
R202609004526,O202609004134,U10363,P10010,4,价格实惠比实体店便宜很多,2026-09-10 15:24:15,否,,3,40,,
R202609004527,O202609008508,U10301,P10020,4,价格实惠比实体店便宜很多,2026-09-07 22:42:03,否,,2,14,,
R202609004528,O202609004551,U10024,P10017,4,质量很好做工精细值得购买,2026-09-05 08:38:10,否,,2,37,感谢您的认可欢迎下次光临,2026-09-05 10:38:10
R202609004529,O202609004124,U10030,P10017,4,保温效果很好外观也漂亮物流很快,2026-09-10 01:41:07,否,,2,34,,
R202609004530,O202609001794,U10257,P10006,3,包装有点简陋东西没问题,2026-09-13 08:09:56,是,用了一段时间来追评确实不错,1,47,,
R202609004531,O202609009042,U10281,P10014,4,质量很好做工精细值得购买,2026-09-10 22:24:38,否,,1,47,已收到您的反馈我们会尽快处理,2026-09-10 23:24:38
R202609004532,O202609004562,U10261,P10002,4,客服态度好有问必答点赞,2026-09-05 01:30:34,否,,3,19,感谢您的理解祝您生活愉快,2026-09-05 03:30:34
R202609004533,O202609004466,U10011,P10009,5,质量很好做工精细值得购买,2026-09-10 02:50:20,否,,3,18,已收到您的反馈我们会尽快处理,2026-09-10 04:50:20
R202609004534,O202609001432,U10223,P10013,4,手机性价比超高续航一天没问题推荐购买,2026-09-07 08:29:52,是,追评：发现了一些问题希望改进,0,15,感谢您的认可欢迎下次光临,2026-09-07 10:29:52
R202609004535,O202609002829,U10224,P10011,3,包装有点简陋东西没问题,2026-09-13 20:34:44,否,,3,46,感谢您的理解祝您生活愉快,2026-09-13 21:34:44
R202609004536,O202609008825,U10081,P10001,4,颜色正没有色差穿着舒服,2026-09-08 23:52:33,否,,0,33,感谢您的认可欢迎下次光临,2026-09-09 00:52:33
R202609004537,O202609002518,U10153,P10020,5,价格实惠比实体店便宜很多,2026-09-12 15:04:19,是,用了一段时间来追评确实不错,2,29,感谢您的理解祝您生活愉快,2026-09-12 16:04:19
R202609004538,O202609001624,U10211,P10002,1,跟描述完全不符要求退货,2026-09-14 21:27:38,否,,2,12,,
R202609004539,O202609007188,U10480,P10004,4,绘本内容不错孩子很喜欢,2026-09-07 14:30:40,否,,2,0,非常抱歉给您带来不好的体验我们会改进,2026-09-07 15:30:40
R202609004540,O202609009740,U10435,P10019,4,颜色正没有色差穿着舒服,2026-09-09 11:36:28,否,,1,41,已收到您的反馈我们会尽快处理,2026-09-09 13:36:28
R202609004541,O202609006609,U10371,P10004,5,保温效果很好外观也漂亮物流很快,2026-09-10 18:13:18,否,,0,42,,
R202609004542,O202609001254,U10178,P10005,4,保温效果很好外观也漂亮物流很快,2026-09-05 04:20:32,否,,3,50,非常抱歉给您带来不好的体验我们会改进,2026-09-05 08:20:32
R202609004543,O202609009411,U10232,P10013,4,手机性价比超高续航一天没问题推荐购买,2026-09-13 22:59:45,否,,0,45,感谢您的认可欢迎下次光临,2026-09-13 23:59:45
R202609004544,O202609000911,U10262,P10013,5,价格实惠比实体店便宜很多,2026-09-13 09:17:48,否,,3,8,感谢您的认可欢迎下次光临,2026-09-13 12:17:48
R202609004545,O202609008431,U10061,P10010,5,保温效果很好外观也漂亮物流很快,2026-09-10 22:29:28,否,,1,18,非常抱歉给您带来不好的体验我们会改进,2026-09-10 23:29:28
R202609004546,O202609006378,U10178,P10016,5,物流超快第二天就到了包装完好,2026-09-10 06:53:01,否,,2,25,非常抱歉给您带来不好的体验我们会改进,2026-09-10 08:53:01
R202609004547,O202609005472,U10240,P10002,4,质量很好做工精细值得购买,2026-09-08 07:45:04,否,,0,43,感谢您的认可欢迎下次光临,2026-09-08 12:45:04
R202609004548,O202609002531,U10166,P10012,5,绘本内容不错孩子很喜欢,2026-09-14 23:52:38,否,,0,31,,
R202609004549,O202609006134,U10054,P10019,1,物流慢得要死等了一周,2026-09-12 11:58:52,否,,0,37,非常抱歉给您带来不好的体验我们会改进,2026-09-12 15:58:52
R202609004550,O202609005253,U10059,P10018,4,物流超快第二天就到了包装完好,2026-09-07 14:01:48,否,,2,43,,
R202609004551,O202609006438,U10177,P10006,4,质量很好做工精细值得购买,2026-09-09 02:00:43,否,,1,44,感谢您的认可欢迎下次光临,2026-09-09 03:00:43
R202609004552,O202609006702,U10201,P10012,3,质量凑合对得起这个价格,2026-09-10 00:37:19,否,,2,3,感谢您的认可欢迎下次光临,2026-09-10 03:37:19
R202609004553,O202609009314,U10243,P10017,4,价格实惠比实体店便宜很多,2026-09-14 09:53:37,否,,3,7,感谢您的理解祝您生活愉快,2026-09-14 10:53:37
R202609004554,O202609008674,U10206,P10015,4,手机性价比超高续航一天没问题推荐购买,2026-09-11 14:50:22,否,,3,26,感谢您的认可欢迎下次光临,2026-09-11 17:50:22
R202609004555,O202609008936,U10278,P10019,4,绘本内容不错孩子很喜欢,2026-09-11 00:43:54,否,,0,7,非常抱歉给您带来不好的体验我们会改进,2026-09-11 01:43:54
R202609004556,O202609000767,U10299,P10020,5,保温效果很好外观也漂亮物流很快,2026-09-08 06:00:30,是,售后处理很快满意,2,9,,
R202609004557,O202609002554,U10423,P10018,3,质量凑合对得起这个价格,2026-09-07 05:24:57,否,,3,16,,
R202609004558,O202609005941,U10326,P10001,1,收到货发现有瑕疵要求换货,2026-09-11 08:10:46,否,,3,14,已收到您的反馈我们会尽快处理,2026-09-11 11:10:46
R202609004559,O202609004069,U10496,P10014,4,物流超快第二天就到了包装完好,2026-09-06 21:03:20,是,追评：发现了一些问题希望改进,3,25,感谢您的理解祝您生活愉快,2026-09-07 01:03:20
R202609004560,O202609001491,U10019,P10002,4,价格实惠比实体店便宜很多,2026-09-08 00:26:58,否,,3,47,非常抱歉给您带来不好的体验我们会改进,2026-09-08 02:26:58
R202609004561,O202609000359,U10440,P10002,5,物流超快第二天就到了包装完好,2026-09-11 06:19:07,是,追评：质量比预期好,0,42,感谢您的理解祝您生活愉快,2026-09-11 10:19:07
R202609004562,O202609000870,U10092,P10018,5,质量很好做工精细值得购买,2026-09-09 11:15:45,否,,2,17,已收到您的反馈我们会尽快处理,2026-09-09 12:15:45
R202609004563,O202609008110,U10178,P10017,4,颜色正没有色差穿着舒服,2026-09-08 11:53:26,否,,3,12,,
R202609004564,O202609005677,U10240,P10014,5,颜色正没有色差穿着舒服,2026-09-14 08:59:22,否,,0,12,感谢您的理解祝您生活愉快,2026-09-14 12:59:22
R202609004565,O202609008591,U10146,P10008,5,颜色正没有色差穿着舒服,2026-09-11 14:10:56,否,,2,48,已收到您的反馈我们会尽快处理,2026-09-11 17:10:56
R202609004566,O202609000343,U10336,P10017,5,保温效果很好外观也漂亮物流很快,2026-09-05 09:47:34,否,,2,1,,
R202609004567,O202609005963,U10358,P10013,4,质量很好做工精细值得购买,2026-09-11 16:00:49,否,,2,27,已收到您的反馈我们会尽快处理,2026-09-11 18:00:49
R202609004568,O202609000310,U10262,P10006,4,颜色正没有色差穿着舒服,2026-09-10 14:44:58,是,售后处理很快满意,2,26,,
R202609004569,O202609007836,U10045,P10009,4,客服态度好有问必答点赞,2026-09-09 13:06:28,否,,2,37,已收到您的反馈我们会尽快处理,2026-09-09 18:06:28
R202609004570,O202609004956,U10440,P10004,3,一般般吧没有想象中好,2026-09-13 22:14:07,否,,1,47,已收到您的反馈我们会尽快处理,2026-09-14 03:14:07
R202609004571,O202609008143,U10222,P10001,4,质量很好做工精细值得购买,2026-09-08 18:37:14,是,追评：发现了一些问题希望改进,1,47,非常抱歉给您带来不好的体验我们会改进,2026-09-08 21:37:14
R202609004572,O202609004117,U10232,P10015,4,质量很好做工精细值得购买,2026-09-11 20:58:03,是,用了一段时间来追评确实不错,3,14,非常抱歉给您带来不好的体验我们会改进,2026-09-11 21:58:03
R202609004573,O202609009511,U10151,P10015,1,物流慢得要死等了一周,2026-09-11 10:54:06,是,追评：质量比预期好,2,17,已收到您的反馈我们会尽快处理,2026-09-11 14:54:06
R202609004574,O202609001657,U10375,P10018,1,鞋子偏小一码穿了半天脚疼,2026-09-14 07:12:22,否,,1,33,,
R202609004575,O202609005842,U10055,P10020,3,包装有点简陋东西没问题,2026-09-06 01:37:43,否,,1,42,已收到您的反馈我们会尽快处理,2026-09-06 02:37:43
R202609004576,O202609006908,U10091,P10020,4,手机性价比超高续航一天没问题推荐购买,2026-09-12 11:49:14,否,,1,2,非常抱歉给您带来不好的体验我们会改进,2026-09-12 12:49:14
R202609004577,O202609005597,U10165,P10003,1,鞋子偏小一码穿了半天脚疼,2026-09-14 16:15:30,否,,3,4,,
R202609004578,O202609000491,U10194,P10008,3,东西还行就是发货慢了点,2026-09-05 19:15:30,否,,3,27,,
R202609004579,O202609001073,U10323,P10004,5,手机性价比超高续航一天没问题推荐购买,2026-09-08 20:37:52,否,,3,11,已收到您的反馈我们会尽快处理,2026-09-09 01:37:52
R202609004580,O202609001736,U10190,P10003,4,客服态度好有问必答点赞,2026-09-06 21:28:17,否,,0,16,已收到您的反馈我们会尽快处理,2026-09-06 23:28:17
R202609004581,O202609001543,U10147,P10009,5,手机性价比超高续航一天没问题推荐购买,2026-09-07 14:47:41,是,追评：质量比预期好,3,16,感谢您的认可欢迎下次光临,2026-09-07 19:47:41
R202609004582,O202609005460,U10419,P10019,4,价格实惠比实体店便宜很多,2026-09-06 20:06:40,否,,3,26,感谢您的认可欢迎下次光临,2026-09-06 23:06:40
R202609004583,O202609001390,U10128,P10002,4,手机性价比超高续航一天没问题推荐购买,2026-09-13 05:18:24,否,,1,40,,
R202609004584,O202609002562,U10442,P10001,4,手机性价比超高续航一天没问题推荐购买,2026-09-06 18:41:25,否,,1,7,非常抱歉给您带来不好的体验我们会改进,2026-09-06 22:41:25
R202609004585,O202609008150,U10200,P10019,3,包装有点简陋东西没问题,2026-09-13 19:30:14,否,,2,44,已收到您的反馈我们会尽快处理,2026-09-13 23:30:14
R202609004586,O202609004463,U10337,P10019,4,绘本内容不错孩子很喜欢,2026-09-14 15:41:07,否,,1,10,感谢您的理解祝您生活愉快,2026-09-14 19:41:07
R202609004587,O202609002912,U10193,P10007,3,东西还行就是发货慢了点,2026-09-12 05:02:55,是,售后处理很快满意,0,37,,
R202609004588,O202609001906,U10470,P10014,5,价格实惠比实体店便宜很多,2026-09-13 11:15:09,否,,2,37,非常抱歉给您带来不好的体验我们会改进,2026-09-13 15:15:09
R202609004589,O202609003867,U10500,P10001,5,绘本内容不错孩子很喜欢,2026-09-07 15:20:04,否,,3,43,已收到您的反馈我们会尽快处理,2026-09-07 16:20:04
R202609004590,O202609002248,U10018,P10011,1,鞋子偏小一码穿了半天脚疼,2026-09-14 03:35:15,是,追评：发现了一些问题希望改进,3,37,非常抱歉给您带来不好的体验我们会改进,2026-09-14 05:35:15
R202609004591,O202609007967,U10359,P10001,1,用了两天就坏了质量太差,2026-09-09 17:58:49,是,用了一段时间来追评确实不错,0,32,已收到您的反馈我们会尽快处理,2026-09-09 21:58:49
R202609004592,O202609001340,U10072,P10003,2,跟描述完全不符要求退货,2026-09-10 07:12:10,否,,0,33,已收到您的反馈我们会尽快处理,2026-09-10 12:12:10
R202609004593,O202609005317,U10415,P10017,5,绘本内容不错孩子很喜欢,2026-09-08 10:33:31,否,,3,3,非常抱歉给您带来不好的体验我们会改进,2026-09-08 12:33:31
R202609004594,O202609002102,U10027,P10014,5,客服态度好有问必答点赞,2026-09-05 19:07:53,否,,1,9,感谢您的理解祝您生活愉快,2026-09-05 21:07:53
R202609004595,O202609004411,U10189,P10011,4,价格实惠比实体店便宜很多,2026-09-10 05:43:39,否,,0,23,非常抱歉给您带来不好的体验我们会改进,2026-09-10 06:43:39
R202609004596,O202609007654,U10250,P10016,5,质量很好做工精细值得购买,2026-09-13 19:54:57,否,,3,6,感谢您的认可欢迎下次光临,2026-09-13 21:54:57
R202609004597,O202609004735,U10470,P10015,4,颜色正没有色差穿着舒服,2026-09-14 21:53:23,否,,2,39,非常抱歉给您带来不好的体验我们会改进,2026-09-15 00:53:23
R202609004598,O202609007101,U10293,P10017,4,客服态度好有问必答点赞,2026-09-14 03:10:15,否,,1,4,感谢您的认可欢迎下次光临,2026-09-14 07:10:15
R202609004599,O202609008999,U10483,P10006,5,物流超快第二天就到了包装完好,2026-09-13 02:16:08,否,,3,5,感谢您的认可欢迎下次光临,2026-09-13 07:16:08
R202609004600,O202609008157,U10117,P10003,5,质量很好做工精细值得购买,2026-09-05 18:29:07,否,,1,48,非常抱歉给您带来不好的体验我们会改进,2026-09-05 23:29:07
R202609004601,O202609000438,U10138,P10016,5,颜色正没有色差穿着舒服,2026-09-11 13:13:23,否,,2,27,已收到您的反馈我们会尽快处理,2026-09-11 17:13:23
R202609004602,O202609002394,U10432,P10017,5,手机性价比超高续航一天没问题推荐购买,2026-09-14 05:50:51,否,,2,32,已收到您的反馈我们会尽快处理,2026-09-14 08:50:51
R202609004603,O202609007651,U10056,P10011,3,包装有点简陋东西没问题,2026-09-09 17:51:56,否,,3,44,,
R202609004604,O202609002098,U10107,P10005,3,一般般吧没有想象中好,2026-09-10 08:36:19,否,,3,16,已收到您的反馈我们会尽快处理,2026-09-10 11:36:19
R202609004605,O202609009787,U10027,P10019,4,价格实惠比实体店便宜很多,2026-09-11 10:54:22,否,,3,13,感谢您的理解祝您生活愉快,2026-09-11 15:54:22
R202609004606,O202609007989,U10086,P10004,2,客服态度恶劣不理人,2026-09-09 05:55:47,否,,3,27,,
R202609004607,O202609006153,U10083,P10013,1,物流慢得要死等了一周,2026-09-06 13:34:22,否,,2,20,已收到您的反馈我们会尽快处理,2026-09-06 14:34:22
R202609004608,O202609000829,U10461,P10009,3,一般般吧没有想象中好,2026-09-11 14:28:27,是,售后处理很快满意,1,25,,
R202609004609,O202609009929,U10417,P10020,4,手机性价比超高续航一天没问题推荐购买,2026-09-06 11:12:01,是,追评：发现了一些问题希望改进,2,35,感谢您的理解祝您生活愉快,2026-09-06 12:12:01
R202609004610,O202609005028,U10398,P10003,5,保温效果很好外观也漂亮物流很快,2026-09-10 06:13:32,否,,0,19,非常抱歉给您带来不好的体验我们会改进,2026-09-10 10:13:32
R202609004611,O202609003595,U10387,P10011,5,价格实惠比实体店便宜很多,2026-09-11 05:17:10,否,,2,12,非常抱歉给您带来不好的体验我们会改进,2026-09-11 06:17:10
R202609004612,O202609005427,U10079,P10014,5,手机性价比超高续航一天没问题推荐购买,2026-09-07 04:39:50,否,,0,9,,
R202609004613,O202609009109,U10333,P10011,4,物流超快第二天就到了包装完好,2026-09-11 07:23:10,否,,2,40,感谢您的认可欢迎下次光临,2026-09-11 08:23:10
R202609004614,O202609004368,U10277,P10020,3,质量凑合对得起这个价格,2026-09-12 22:38:47,否,,3,2,感谢您的认可欢迎下次光临,2026-09-12 23:38:47
R202609004615,O202609009189,U10003,P10002,5,颜色正没有色差穿着舒服,2026-09-10 05:30:12,否,,3,48,感谢您的理解祝您生活愉快,2026-09-10 07:30:12
R202609004616,O202609004424,U10121,P10020,4,物流超快第二天就到了包装完好,2026-09-12 22:17:50,否,,3,21,非常抱歉给您带来不好的体验我们会改进,2026-09-12 23:17:50
R202609004617,O202609008145,U10078,P10002,4,客服态度好有问必答点赞,2026-09-14 08:03:13,否,,3,15,非常抱歉给您带来不好的体验我们会改进,2026-09-14 13:03:13
R202609004618,O202609002029,U10434,P10016,5,价格实惠比实体店便宜很多,2026-09-11 09:45:55,否,,3,0,,
R202609004619,O202609002462,U10468,P10019,4,质量很好做工精细值得购买,2026-09-14 07:07:56,否,,3,5,,
R202609004620,O202609000684,U10044,P10013,2,鞋子偏小一码穿了半天脚疼,2026-09-10 08:52:10,否,,0,17,感谢您的认可欢迎下次光临,2026-09-10 10:52:10
R202609004621,O202609006773,U10072,P10003,5,价格实惠比实体店便宜很多,2026-09-06 08:50:06,否,,3,40,非常抱歉给您带来不好的体验我们会改进,2026-09-06 11:50:06
R202609004622,O202609009834,U10020,P10007,5,保温效果很好外观也漂亮物流很快,2026-09-13 20:35:25,否,,3,27,感谢您的理解祝您生活愉快,2026-09-13 23:35:25
R202609004623,O202609009058,U10130,P10006,1,用了两天就坏了质量太差,2026-09-09 01:41:45,是,追评：发现了一些问题希望改进,0,32,,
R202609004624,O202609002796,U10441,P10016,5,价格实惠比实体店便宜很多,2026-09-08 15:14:52,是,追评：发现了一些问题希望改进,3,7,已收到您的反馈我们会尽快处理,2026-09-08 19:14:52
R202609004625,O202609006787,U10385,P10013,4,手机性价比超高续航一天没问题推荐购买,2026-09-11 10:20:36,否,,2,38,,
R202609004626,O202609002823,U10445,P10001,5,保温效果很好外观也漂亮物流很快,2026-09-12 09:55:40,否,,3,12,感谢您的理解祝您生活愉快,2026-09-12 14:55:40
R202609004627,O202609001259,U10148,P10016,4,质量很好做工精细值得购买,2026-09-08 15:25:12,是,用了一段时间来追评确实不错,1,27,,
R202609004628,O202609008859,U10291,P10013,5,价格实惠比实体店便宜很多,2026-09-12 15:31:52,否,,1,30,,
R202609004629,O202609000306,U10252,P10003,4,客服态度好有问必答点赞,2026-09-06 13:07:00,是,售后处理很快满意,0,22,,
R202609004630,O202609005929,U10498,P10004,4,保温效果很好外观也漂亮物流很快,2026-09-07 18:48:54,否,,2,38,感谢您的认可欢迎下次光临,2026-09-07 21:48:54
R202609004631,O202609009384,U10475,P10017,4,手机性价比超高续航一天没问题推荐购买,2026-09-11 02:00:15,否,,3,20,,
R202609004632,O202609000293,U10216,P10020,4,手机性价比超高续航一天没问题推荐购买,2026-09-09 13:10:04,是,用了一段时间来追评确实不错,2,34,已收到您的反馈我们会尽快处理,2026-09-09 15:10:04
R202609004633,O202609009363,U10438,P10019,4,颜色正没有色差穿着舒服,2026-09-07 02:33:17,否,,3,32,已收到您的反馈我们会尽快处理,2026-09-07 04:33:17
R202609004634,O202609009048,U10419,P10005,3,质量凑合对得起这个价格,2026-09-13 10:18:46,否,,2,42,,
R202609004635,O202609008079,U10332,P10012,4,绘本内容不错孩子很喜欢,2026-09-11 18:37:00,否,,2,22,,
R202609004636,O202609006997,U10150,P10011,1,客服态度恶劣不理人,2026-09-05 03:30:36,否,,0,37,感谢您的认可欢迎下次光临,2026-09-05 04:30:36
R202609004637,O202609000422,U10042,P10012,4,手机性价比超高续航一天没问题推荐购买,2026-09-05 19:50:47,否,,1,39,感谢您的理解祝您生活愉快,2026-09-05 20:50:47
R202609004638,O202609000635,U10110,P10013,4,质量很好做工精细值得购买,2026-09-06 10:18:27,否,,1,33,感谢您的认可欢迎下次光临,2026-09-06 15:18:27
R202609004639,O202609006209,U10112,P10009,4,保温效果很好外观也漂亮物流很快,2026-09-09 23:29:23,是,追评：发现了一些问题希望改进,0,4,,
R202609004640,O202609001192,U10435,P10001,5,保温效果很好外观也漂亮物流很快,2026-09-08 16:53:31,否,,2,15,感谢您的认可欢迎下次光临,2026-09-08 21:53:31
R202609004641,O202609008048,U10483,P10020,2,收到货发现有瑕疵要求换货,2026-09-14 21:06:13,否,,2,12,非常抱歉给您带来不好的体验我们会改进,2026-09-15 00:06:13
R202609004642,O202609009126,U10351,P10020,5,手机性价比超高续航一天没问题推荐购买,2026-09-10 10:31:44,否,,3,12,已收到您的反馈我们会尽快处理,2026-09-10 11:31:44
R202609004643,O202609000454,U10169,P10008,5,价格实惠比实体店便宜很多,2026-09-11 03:01:33,否,,3,23,,
R202609004644,O202609001947,U10074,P10016,5,颜色正没有色差穿着舒服,2026-09-10 06:05:52,否,,1,34,感谢您的认可欢迎下次光临,2026-09-10 07:05:52
R202609004645,O202609007303,U10164,P10002,3,包装有点简陋东西没问题,2026-09-12 06:38:49,否,,0,37,已收到您的反馈我们会尽快处理,2026-09-12 11:38:49
R202609004646,O202609001678,U10495,P10013,4,手机性价比超高续航一天没问题推荐购买,2026-09-11 01:24:23,否,,3,1,,
R202609004647,O202609002432,U10318,P10003,5,物流超快第二天就到了包装完好,2026-09-13 09:44:01,否,,1,19,感谢您的认可欢迎下次光临,2026-09-13 13:44:01
R202609004648,O202609005787,U10435,P10015,4,保温效果很好外观也漂亮物流很快,2026-09-10 11:54:37,否,,2,11,,
R202609004649,O202609008716,U10081,P10002,5,质量很好做工精细值得购买,2026-09-06 06:55:31,否,,0,14,感谢您的认可欢迎下次光临,2026-09-06 07:55:31
R202609004650,O202609006161,U10226,P10002,4,保温效果很好外观也漂亮物流很快,2026-09-11 12:20:10,否,,0,5,感谢您的理解祝您生活愉快,2026-09-11 13:20:10
R202609004651,O202609001121,U10207,P10015,4,质量很好做工精细值得购买,2026-09-11 17:45:57,否,,0,49,感谢您的理解祝您生活愉快,2026-09-11 18:45:57
R202609004652,O202609002859,U10025,P10007,5,质量很好做工精细值得购买,2026-09-13 18:26:55,否,,3,12,已收到您的反馈我们会尽快处理,2026-09-13 20:26:55
R202609004653,O202609000034,U10004,P10010,4,颜色正没有色差穿着舒服,2026-09-12 11:23:05,否,,3,42,非常抱歉给您带来不好的体验我们会改进,2026-09-12 12:23:05
R202609004654,O202609002074,U10179,P10009,5,价格实惠比实体店便宜很多,2026-09-07 15:17:33,否,,3,3,,
R202609004655,O202609006489,U10428,P10002,4,客服态度好有问必答点赞,2026-09-09 17:22:03,否,,0,9,感谢您的认可欢迎下次光临,2026-09-09 20:22:03
R202609004656,O202609006816,U10344,P10019,5,价格实惠比实体店便宜很多,2026-09-13 19:09:13,否,,3,9,非常抱歉给您带来不好的体验我们会改进,2026-09-14 00:09:13
R202609004657,O202609004183,U10338,P10001,3,东西还行就是发货慢了点,2026-09-08 13:46:51,否,,3,39,感谢您的理解祝您生活愉快,2026-09-08 18:46:51
R202609004658,O202609004593,U10496,P10016,5,客服态度好有问必答点赞,2026-09-08 09:17:16,否,,2,23,已收到您的反馈我们会尽快处理,2026-09-08 11:17:16
R202609004659,O202609008439,U10210,P10001,5,保温效果很好外观也漂亮物流很快,2026-09-05 06:15:07,否,,2,40,已收到您的反馈我们会尽快处理,2026-09-05 09:15:07
R202609004660,O202609007438,U10179,P10018,3,质量凑合对得起这个价格,2026-09-14 23:01:09,否,,3,46,已收到您的反馈我们会尽快处理,2026-09-15 04:01:09
R202609004661,O202609006826,U10321,P10019,4,颜色正没有色差穿着舒服,2026-09-13 15:45:02,否,,3,36,,
R202609004662,O202609003699,U10498,P10017,2,用了两天就坏了质量太差,2026-09-09 06:57:30,否,,2,35,感谢您的认可欢迎下次光临,2026-09-09 08:57:30
R202609004663,O202609007099,U10381,P10004,2,跟描述完全不符要求退货,2026-09-09 16:27:11,否,,3,32,感谢您的认可欢迎下次光临,2026-09-09 19:27:11
R202609004664,O202609008716,U10357,P10001,3,东西还行就是发货慢了点,2026-09-10 12:30:13,否,,0,0,感谢您的理解祝您生活愉快,2026-09-10 13:30:13
R202609004665,O202609001685,U10014,P10007,5,颜色正没有色差穿着舒服,2026-09-10 02:10:27,是,追评：发现了一些问题希望改进,3,11,,
R202609004666,O202609002262,U10043,P10013,4,价格实惠比实体店便宜很多,2026-09-10 13:24:33,否,,1,41,感谢您的认可欢迎下次光临,2026-09-10 15:24:33
R202609004667,O202609000788,U10366,P10012,1,客服态度恶劣不理人,2026-09-10 10:39:03,否,,0,17,非常抱歉给您带来不好的体验我们会改进,2026-09-10 13:39:03
R202609004668,O202609009516,U10305,P10017,5,保温效果很好外观也漂亮物流很快,2026-09-14 12:14:53,否,,3,35,感谢您的认可欢迎下次光临,2026-09-14 13:14:53
R202609004669,O202609009932,U10347,P10011,2,鞋子偏小一码穿了半天脚疼,2026-09-13 13:10:59,否,,2,36,,
R202609004670,O202609002217,U10231,P10005,5,质量很好做工精细值得购买,2026-09-06 09:26:38,否,,3,42,已收到您的反馈我们会尽快处理,2026-09-06 11:26:38
R202609004671,O202609007220,U10115,P10005,4,绘本内容不错孩子很喜欢,2026-09-09 09:53:45,是,用了一段时间来追评确实不错,1,7,,
R202609004672,O202609009563,U10367,P10006,4,颜色正没有色差穿着舒服,2026-09-13 10:33:05,否,,2,17,感谢您的认可欢迎下次光临,2026-09-13 15:33:05
R202609004673,O202609001519,U10433,P10003,1,用了两天就坏了质量太差,2026-09-05 05:30:01,否,,3,43,,
R202609004674,O202609000473,U10029,P10018,3,质量凑合对得起这个价格,2026-09-10 07:50:22,否,,3,45,非常抱歉给您带来不好的体验我们会改进,2026-09-10 12:50:22
R202609004675,O202609003377,U10165,P10014,4,绘本内容不错孩子很喜欢,2026-09-12 01:24:57,否,,2,32,非常抱歉给您带来不好的体验我们会改进,2026-09-12 02:24:57
R202609004676,O202609006200,U10346,P10018,5,客服态度好有问必答点赞,2026-09-08 12:25:14,否,,2,37,感谢您的认可欢迎下次光临,2026-09-08 14:25:14
R202609004677,O202609009725,U10158,P10009,5,价格实惠比实体店便宜很多,2026-09-13 03:27:05,否,,3,43,感谢您的认可欢迎下次光临,2026-09-13 07:27:05
R202609004678,O202609007388,U10135,P10009,1,物流慢得要死等了一周,2026-09-13 02:21:38,否,,0,6,,
R202609004679,O202609003225,U10178,P10016,4,质量很好做工精细值得购买,2026-09-08 11:47:13,否,,0,32,感谢您的理解祝您生活愉快,2026-09-08 13:47:13
R202609004680,O202609005786,U10492,P10014,4,价格实惠比实体店便宜很多,2026-09-06 12:03:39,否,,0,36,非常抱歉给您带来不好的体验我们会改进,2026-09-06 13:03:39
R202609004681,O202609002904,U10215,P10017,4,客服态度好有问必答点赞,2026-09-08 03:25:26,否,,1,18,已收到您的反馈我们会尽快处理,2026-09-08 08:25:26
R202609004682,O202609005291,U10196,P10020,3,东西还行就是发货慢了点,2026-09-12 17:37:15,否,,1,12,感谢您的认可欢迎下次光临,2026-09-12 18:37:15
R202609004683,O202609002357,U10122,P10016,5,手机性价比超高续航一天没问题推荐购买,2026-09-09 14:35:18,是,用了一段时间来追评确实不错,2,14,非常抱歉给您带来不好的体验我们会改进,2026-09-09 19:35:18
R202609004684,O202609005377,U10093,P10015,5,质量很好做工精细值得购买,2026-09-08 05:20:02,否,,0,38,,
R202609004685,O202609006801,U10176,P10010,4,绘本内容不错孩子很喜欢,2026-09-13 15:14:21,否,,0,20,,
R202609004686,O202609006038,U10491,P10018,4,绘本内容不错孩子很喜欢,2026-09-07 00:25:16,否,,1,34,感谢您的理解祝您生活愉快,2026-09-07 03:25:16
R202609004687,O202609006418,U10246,P10004,5,绘本内容不错孩子很喜欢,2026-09-13 06:05:03,否,,0,27,感谢您的认可欢迎下次光临,2026-09-13 09:05:03
R202609004688,O202609009083,U10178,P10009,3,包装有点简陋东西没问题,2026-09-09 19:15:26,否,,3,38,非常抱歉给您带来不好的体验我们会改进,2026-09-09 21:15:26
R202609004689,O202609008690,U10059,P10003,5,保温效果很好外观也漂亮物流很快,2026-09-08 18:39:22,否,,3,44,感谢您的认可欢迎下次光临,2026-09-08 20:39:22
R202609004690,O202609005264,U10279,P10010,4,颜色正没有色差穿着舒服,2026-09-06 17:41:02,否,,0,38,,
R202609004691,O202609006971,U10244,P10019,3,东西还行就是发货慢了点,2026-09-06 13:01:58,否,,1,36,感谢您的认可欢迎下次光临,2026-09-06 16:01:58
R202609004692,O202609001746,U10261,P10011,5,手机性价比超高续航一天没问题推荐购买,2026-09-13 19:04:27,是,追评：质量比预期好,2,48,感谢您的认可欢迎下次光临,2026-09-13 22:04:27
R202609004693,O202609008511,U10244,P10018,4,颜色正没有色差穿着舒服,2026-09-05 11:58:50,否,,2,33,感谢您的理解祝您生活愉快,2026-09-05 12:58:50
R202609004694,O202609000211,U10161,P10007,4,绘本内容不错孩子很喜欢,2026-09-13 09:51:05,否,,3,15,,
R202609004695,O202609005015,U10385,P10002,5,客服态度好有问必答点赞,2026-09-14 05:53:44,否,,3,29,感谢您的理解祝您生活愉快,2026-09-14 07:53:44
R202609004696,O202609006026,U10258,P10019,4,客服态度好有问必答点赞,2026-09-05 23:57:27,否,,0,21,非常抱歉给您带来不好的体验我们会改进,2026-09-06 00:57:27
R202609004697,O202609003125,U10174,P10007,4,客服态度好有问必答点赞,2026-09-08 18:17:49,否,,1,24,感谢您的认可欢迎下次光临,2026-09-08 21:17:49
R202609004698,O202609000156,U10164,P10010,4,客服态度好有问必答点赞,2026-09-14 14:59:30,否,,3,33,,
R202609004699,O202609002861,U10084,P10005,4,客服态度好有问必答点赞,2026-09-11 14:02:22,否,,2,43,已收到您的反馈我们会尽快处理,2026-09-11 17:02:22
R202609004700,O202609003760,U10023,P10007,5,颜色正没有色差穿着舒服,2026-09-08 14:47:34,否,,3,0,非常抱歉给您带来不好的体验我们会改进,2026-09-08 15:47:34
R202609004701,O202609000258,U10174,P10011,5,保温效果很好外观也漂亮物流很快,2026-09-13 14:36:56,否,,0,44,感谢您的认可欢迎下次光临,2026-09-13 17:36:56
R202609004702,O202609000128,U10131,P10006,5,绘本内容不错孩子很喜欢,2026-09-09 11:37:22,是,用了一段时间来追评确实不错,1,13,感谢您的理解祝您生活愉快,2026-09-09 12:37:22
R202609004703,O202609005423,U10346,P10004,4,质量很好做工精细值得购买,2026-09-14 02:25:43,否,,1,37,,
R202609004704,O202609005121,U10487,P10015,4,客服态度好有问必答点赞,2026-09-14 16:48:26,否,,3,42,感谢您的理解祝您生活愉快,2026-09-14 17:48:26
R202609004705,O202609009922,U10459,P10005,4,绘本内容不错孩子很喜欢,2026-09-11 10:48:13,否,,0,48,已收到您的反馈我们会尽快处理,2026-09-11 11:48:13
R202609004706,O202609009520,U10169,P10015,3,包装有点简陋东西没问题,2026-09-14 07:15:32,是,用了一段时间来追评确实不错,3,34,,
R202609004707,O202609005171,U10365,P10008,1,客服态度恶劣不理人,2026-09-05 17:17:24,否,,3,33,,
R202609004708,O202609004900,U10434,P10003,4,手机性价比超高续航一天没问题推荐购买,2026-09-13 18:11:12,是,追评：发现了一些问题希望改进,2,27,,
R202609004709,O202609003917,U10290,P10015,4,颜色正没有色差穿着舒服,2026-09-10 06:15:11,否,,0,46,感谢您的理解祝您生活愉快,2026-09-10 10:15:11
R202609004710,O202609005324,U10109,P10009,5,绘本内容不错孩子很喜欢,2026-09-13 13:33:39,否,,2,12,,
R202609004711,O202609004757,U10427,P10013,2,鞋子偏小一码穿了半天脚疼,2026-09-11 00:13:35,是,售后处理很快满意,3,45,已收到您的反馈我们会尽快处理,2026-09-11 04:13:35
R202609004712,O202609007882,U10019,P10006,3,包装有点简陋东西没问题,2026-09-07 12:41:46,否,,3,25,,
R202609004713,O202609004995,U10331,P10013,3,包装有点简陋东西没问题,2026-09-09 23:40:26,否,,2,39,感谢您的认可欢迎下次光临,2026-09-10 02:40:26
R202609004714,O202609008800,U10392,P10017,3,包装有点简陋东西没问题,2026-09-10 13:31:16,否,,2,29,非常抱歉给您带来不好的体验我们会改进,2026-09-10 17:31:16
R202609004715,O202609004219,U10121,P10009,4,绘本内容不错孩子很喜欢,2026-09-05 16:38:21,是,追评：质量比预期好,3,4,非常抱歉给您带来不好的体验我们会改进,2026-09-05 20:38:21
R202609004716,O202609005023,U10420,P10005,4,质量很好做工精细值得购买,2026-09-06 17:52:53,否,,2,17,,
R202609004717,O202609004810,U10418,P10001,5,绘本内容不错孩子很喜欢,2026-09-12 06:02:24,否,,3,38,非常抱歉给您带来不好的体验我们会改进,2026-09-12 07:02:24
R202609004718,O202609000052,U10147,P10019,5,物流超快第二天就到了包装完好,2026-09-10 04:19:48,否,,0,40,非常抱歉给您带来不好的体验我们会改进,2026-09-10 06:19:48
R202609004719,O202609005198,U10099,P10009,5,价格实惠比实体店便宜很多,2026-09-06 01:30:33,否,,1,35,感谢您的认可欢迎下次光临,2026-09-06 06:30:33
R202609004720,O202609009516,U10188,P10005,2,客服态度恶劣不理人,2026-09-08 18:21:21,否,,1,39,感谢您的认可欢迎下次光临,2026-09-08 21:21:21
R202609004721,O202609000557,U10047,P10016,2,跟描述完全不符要求退货,2026-09-13 23:13:58,否,,2,48,感谢您的理解祝您生活愉快,2026-09-14 02:13:58
R202609004722,O202609000978,U10137,P10010,5,绘本内容不错孩子很喜欢,2026-09-10 09:06:51,是,追评：发现了一些问题希望改进,2,23,感谢您的理解祝您生活愉快,2026-09-10 12:06:51
R202609004723,O202609003284,U10077,P10008,1,物流慢得要死等了一周,2026-09-13 05:36:00,否,,0,36,感谢您的理解祝您生活愉快,2026-09-13 08:36:00
R202609004724,O202609007257,U10021,P10007,3,包装有点简陋东西没问题,2026-09-12 04:57:06,否,,0,47,,
R202609004725,O202609002697,U10381,P10006,1,鞋子偏小一码穿了半天脚疼,2026-09-11 01:08:24,否,,3,20,已收到您的反馈我们会尽快处理,2026-09-11 04:08:24
R202609004726,O202609000057,U10269,P10003,5,物流超快第二天就到了包装完好,2026-09-06 23:45:02,否,,0,25,已收到您的反馈我们会尽快处理,2026-09-07 04:45:02
R202609004727,O202609003930,U10092,P10014,5,颜色正没有色差穿着舒服,2026-09-08 12:29:19,否,,0,32,感谢您的理解祝您生活愉快,2026-09-08 15:29:19
R202609004728,O202609009109,U10208,P10005,3,东西还行就是发货慢了点,2026-09-11 11:31:47,是,用了一段时间来追评确实不错,2,23,,
R202609004729,O202609004641,U10127,P10014,2,收到货发现有瑕疵要求换货,2026-09-10 01:38:51,是,售后处理很快满意,3,27,感谢您的认可欢迎下次光临,2026-09-10 06:38:51
R202609004730,O202609005426,U10443,P10011,5,保温效果很好外观也漂亮物流很快,2026-09-10 22:42:03,否,,2,50,感谢您的认可欢迎下次光临,2026-09-11 00:42:03
R202609004731,O202609008348,U10414,P10003,5,绘本内容不错孩子很喜欢,2026-09-06 05:17:03,否,,3,18,感谢您的理解祝您生活愉快,2026-09-06 09:17:03
R202609004732,O202609009800,U10448,P10009,5,手机性价比超高续航一天没问题推荐购买,2026-09-14 23:23:09,否,,1,46,非常抱歉给您带来不好的体验我们会改进,2026-09-15 03:23:09
R202609004733,O202609006621,U10055,P10001,4,客服态度好有问必答点赞,2026-09-10 19:48:15,否,,1,25,,
R202609004734,O202609002097,U10441,P10017,4,颜色正没有色差穿着舒服,2026-09-05 14:21:41,否,,1,33,感谢您的认可欢迎下次光临,2026-09-05 17:21:41
R202609004735,O202609007451,U10294,P10014,2,鞋子偏小一码穿了半天脚疼,2026-09-14 04:16:44,否,,0,18,感谢您的理解祝您生活愉快,2026-09-14 06:16:44
R202609004736,O202609000472,U10497,P10019,4,保温效果很好外观也漂亮物流很快,2026-09-11 09:10:18,是,用了一段时间来追评确实不错,1,17,感谢您的理解祝您生活愉快,2026-09-11 10:10:18
R202609004737,O202609008031,U10415,P10019,2,鞋子偏小一码穿了半天脚疼,2026-09-05 21:27:22,否,,2,4,感谢您的理解祝您生活愉快,2026-09-06 00:27:22
R202609004738,O202609002833,U10067,P10017,5,手机性价比超高续航一天没问题推荐购买,2026-09-06 14:19:24,否,,0,15,,
R202609004739,O202609005509,U10429,P10015,3,东西还行就是发货慢了点,2026-09-08 19:02:50,否,,1,4,已收到您的反馈我们会尽快处理,2026-09-08 23:02:50
R202609004740,O202609005424,U10134,P10007,5,颜色正没有色差穿着舒服,2026-09-13 08:11:50,是,售后处理很快满意,3,40,感谢您的理解祝您生活愉快,2026-09-13 10:11:50
R202609004741,O202609001032,U10120,P10007,3,质量凑合对得起这个价格,2026-09-14 02:30:01,否,,3,3,,
R202609004742,O202609002878,U10295,P10019,4,客服态度好有问必答点赞,2026-09-12 15:37:42,否,,1,32,,
R202609004743,O202609001474,U10214,P10016,5,绘本内容不错孩子很喜欢,2026-09-05 23:08:41,否,,1,47,,
R202609004744,O202609007082,U10081,P10010,5,颜色正没有色差穿着舒服,2026-09-05 11:10:40,否,,0,18,,
R202609004745,O202609004754,U10048,P10009,2,客服态度恶劣不理人,2026-09-07 14:10:40,否,,2,7,已收到您的反馈我们会尽快处理,2026-09-07 17:10:40
R202609004746,O202609008488,U10463,P10013,5,质量很好做工精细值得购买,2026-09-10 00:20:41,否,,0,8,感谢您的认可欢迎下次光临,2026-09-10 02:20:41
R202609004747,O202609006549,U10065,P10015,5,手机性价比超高续航一天没问题推荐购买,2026-09-09 10:06:17,否,,3,15,感谢您的理解祝您生活愉快,2026-09-09 13:06:17
R202609004748,O202609006966,U10034,P10006,2,鞋子偏小一码穿了半天脚疼,2026-09-09 05:31:05,否,,0,13,非常抱歉给您带来不好的体验我们会改进,2026-09-09 07:31:05
R202609004749,O202609009350,U10008,P10020,4,物流超快第二天就到了包装完好,2026-09-14 03:28:27,是,售后处理很快满意,0,36,,
R202609004750,O202609006410,U10076,P10015,5,手机性价比超高续航一天没问题推荐购买,2026-09-09 12:39:56,否,,3,9,,
R202609004751,O202609001808,U10199,P10009,5,价格实惠比实体店便宜很多,2026-09-05 02:01:42,否,,3,50,,
R202609004752,O202609009546,U10478,P10003,4,保温效果很好外观也漂亮物流很快,2026-09-06 04:51:55,否,,1,34,感谢您的理解祝您生活愉快,2026-09-06 09:51:55
R202609004753,O202609009208,U10472,P10016,4,物流超快第二天就到了包装完好,2026-09-10 16:26:31,否,,1,32,非常抱歉给您带来不好的体验我们会改进,2026-09-10 21:26:31
R202609004754,O202609009960,U10118,P10001,5,保温效果很好外观也漂亮物流很快,2026-09-12 19:33:55,是,追评：质量比预期好,1,4,,
R202609004755,O202609004859,U10288,P10015,4,客服态度好有问必答点赞,2026-09-08 11:54:38,否,,2,18,感谢您的理解祝您生活愉快,2026-09-08 12:54:38
R202609004756,O202609006218,U10155,P10019,4,客服态度好有问必答点赞,2026-09-06 17:27:22,否,,1,18,感谢您的理解祝您生活愉快,2026-09-06 20:27:22
R202609004757,O202609008499,U10348,P10003,5,质量很好做工精细值得购买,2026-09-14 03:46:47,否,,3,45,感谢您的认可欢迎下次光临,2026-09-14 07:46:47
R202609004758,O202609006291,U10282,P10008,3,包装有点简陋东西没问题,2026-09-13 10:35:35,否,,2,1,,
R202609004759,O202609000056,U10002,P10012,5,绘本内容不错孩子很喜欢,2026-09-12 11:31:31,是,追评：质量比预期好,0,19,,
R202609004760,O202609006385,U10038,P10006,2,跟描述完全不符要求退货,2026-09-09 10:26:29,否,,0,24,非常抱歉给您带来不好的体验我们会改进,2026-09-09 11:26:29
R202609004761,O202609002184,U10060,P10002,5,物流超快第二天就到了包装完好,2026-09-06 16:06:03,否,,1,31,感谢您的认可欢迎下次光临,2026-09-06 19:06:03
R202609004762,O202609007676,U10451,P10014,4,颜色正没有色差穿着舒服,2026-09-11 18:27:23,是,追评：发现了一些问题希望改进,1,36,,
R202609004763,O202609008252,U10455,P10004,4,保温效果很好外观也漂亮物流很快,2026-09-06 18:05:19,否,,3,50,感谢您的理解祝您生活愉快,2026-09-06 23:05:19
R202609004764,O202609009000,U10023,P10009,5,颜色正没有色差穿着舒服,2026-09-12 19:29:18,是,追评：发现了一些问题希望改进,0,11,,
R202609004765,O202609001293,U10406,P10002,2,客服态度恶劣不理人,2026-09-08 01:07:43,否,,1,13,非常抱歉给您带来不好的体验我们会改进,2026-09-08 03:07:43
R202609004766,O202609008115,U10466,P10002,1,客服态度恶劣不理人,2026-09-07 09:29:59,否,,1,39,,
R202609004767,O202609007121,U10483,P10017,5,质量很好做工精细值得购买,2026-09-06 11:35:36,否,,1,23,非常抱歉给您带来不好的体验我们会改进,2026-09-06 13:35:36
R202609004768,O202609009756,U10050,P10003,5,颜色正没有色差穿着舒服,2026-09-12 13:25:05,否,,3,43,感谢您的理解祝您生活愉快,2026-09-12 14:25:05
R202609004769,O202609001315,U10413,P10004,2,收到货发现有瑕疵要求换货,2026-09-14 20:29:24,否,,2,40,非常抱歉给您带来不好的体验我们会改进,2026-09-15 01:29:24
R202609004770,O202609006979,U10212,P10002,5,物流超快第二天就到了包装完好,2026-09-08 12:05:33,是,用了一段时间来追评确实不错,1,6,感谢您的认可欢迎下次光临,2026-09-08 13:05:33
R202609004771,O202609005157,U10223,P10020,4,手机性价比超高续航一天没问题推荐购买,2026-09-12 09:59:30,否,,3,34,感谢您的认可欢迎下次光临,2026-09-12 11:59:30
R202609004772,O202609002340,U10290,P10014,2,用了两天就坏了质量太差,2026-09-05 19:07:29,否,,2,4,感谢您的理解祝您生活愉快,2026-09-05 23:07:29
R202609004773,O202609001501,U10066,P10012,4,保温效果很好外观也漂亮物流很快,2026-09-08 01:49:02,是,用了一段时间来追评确实不错,3,35,感谢您的理解祝您生活愉快,2026-09-08 04:49:02
R202609004774,O202609007634,U10293,P10015,5,价格实惠比实体店便宜很多,2026-09-09 19:30:15,否,,3,17,感谢您的认可欢迎下次光临,2026-09-10 00:30:15
R202609004775,O202609007814,U10353,P10016,5,价格实惠比实体店便宜很多,2026-09-14 15:58:30,否,,3,29,,
R202609004776,O202609006802,U10482,P10019,4,物流超快第二天就到了包装完好,2026-09-10 14:56:05,否,,1,46,,
R202609004777,O202609001029,U10154,P10004,4,客服态度好有问必答点赞,2026-09-05 16:28:28,否,,3,46,非常抱歉给您带来不好的体验我们会改进,2026-09-05 19:28:28
R202609004778,O202609004648,U10024,P10006,4,质量很好做工精细值得购买,2026-09-11 22:49:55,否,,1,0,已收到您的反馈我们会尽快处理,2026-09-11 23:49:55
R202609004779,O202609004991,U10161,P10015,3,东西还行就是发货慢了点,2026-09-08 09:53:24,否,,0,20,非常抱歉给您带来不好的体验我们会改进,2026-09-08 14:53:24
R202609004780,O202609009943,U10142,P10020,4,物流超快第二天就到了包装完好,2026-09-10 02:07:10,否,,2,0,已收到您的反馈我们会尽快处理,2026-09-10 06:07:10
R202609004781,O202609009677,U10246,P10010,4,客服态度好有问必答点赞,2026-09-13 12:12:05,否,,2,46,感谢您的理解祝您生活愉快,2026-09-13 14:12:05
R202609004782,O202609005296,U10479,P10019,4,颜色正没有色差穿着舒服,2026-09-12 06:40:45,否,,3,29,已收到您的反馈我们会尽快处理,2026-09-12 08:40:45
R202609004783,O202609001603,U10243,P10005,4,质量很好做工精细值得购买,2026-09-12 12:17:41,否,,2,36,感谢您的理解祝您生活愉快,2026-09-12 17:17:41
R202609004784,O202609005192,U10213,P10008,4,绘本内容不错孩子很喜欢,2026-09-09 17:42:32,否,,3,20,感谢您的认可欢迎下次光临,2026-09-09 21:42:32
R202609004785,O202609002540,U10178,P10017,5,质量很好做工精细值得购买,2026-09-12 16:11:52,否,,2,39,感谢您的认可欢迎下次光临,2026-09-12 21:11:52
R202609004786,O202609007259,U10258,P10005,5,颜色正没有色差穿着舒服,2026-09-09 00:36:09,是,售后处理很快满意,1,47,已收到您的反馈我们会尽快处理,2026-09-09 03:36:09
R202609004787,O202609005817,U10040,P10018,5,手机性价比超高续航一天没问题推荐购买,2026-09-08 12:32:19,否,,2,30,,
R202609004788,O202609008376,U10404,P10011,5,质量很好做工精细值得购买,2026-09-08 13:05:49,否,,1,33,感谢您的理解祝您生活愉快,2026-09-08 17:05:49
R202609004789,O202609005547,U10061,P10020,4,保温效果很好外观也漂亮物流很快,2026-09-12 04:41:10,否,,1,19,非常抱歉给您带来不好的体验我们会改进,2026-09-12 08:41:10
R202609004790,O202609008425,U10383,P10004,4,价格实惠比实体店便宜很多,2026-09-14 00:06:44,否,,2,13,感谢您的理解祝您生活愉快,2026-09-14 01:06:44
R202609004791,O202609005184,U10311,P10002,4,质量很好做工精细值得购买,2026-09-14 16:48:39,否,,2,36,,
R202609004792,O202609009025,U10294,P10003,3,一般般吧没有想象中好,2026-09-06 20:02:37,否,,2,9,已收到您的反馈我们会尽快处理,2026-09-06 21:02:37
R202609004793,O202609001597,U10350,P10017,5,价格实惠比实体店便宜很多,2026-09-09 01:12:03,否,,2,9,,
R202609004794,O202609000682,U10069,P10016,5,手机性价比超高续航一天没问题推荐购买,2026-09-13 03:49:52,否,,2,16,感谢您的认可欢迎下次光临,2026-09-13 05:49:52
R202609004795,O202609000895,U10233,P10007,5,客服态度好有问必答点赞,2026-09-08 03:03:27,否,,2,25,非常抱歉给您带来不好的体验我们会改进,2026-09-08 07:03:27
R202609004796,O202609001441,U10413,P10001,4,质量很好做工精细值得购买,2026-09-07 03:16:42,是,追评：质量比预期好,1,34,感谢您的认可欢迎下次光临,2026-09-07 07:16:42
R202609004797,O202609009361,U10411,P10006,4,颜色正没有色差穿着舒服,2026-09-13 17:39:04,否,,2,50,感谢您的理解祝您生活愉快,2026-09-13 22:39:04
R202609004798,O202609002739,U10383,P10007,1,鞋子偏小一码穿了半天脚疼,2026-09-09 23:13:53,否,,2,45,,
R202609004799,O202609005080,U10100,P10009,2,用了两天就坏了质量太差,2026-09-12 05:07:23,否,,3,49,,
R202609004800,O202609007665,U10055,P10013,5,绘本内容不错孩子很喜欢,2026-09-08 08:07:17,是,追评：发现了一些问题希望改进,0,28,感谢您的认可欢迎下次光临,2026-09-08 10:07:17
R202609004801,O202609004325,U10280,P10008,5,客服态度好有问必答点赞,2026-09-07 23:40:55,否,,2,16,,
R202609004802,O202609002997,U10409,P10018,4,价格实惠比实体店便宜很多,2026-09-10 19:33:30,是,追评：质量比预期好,0,21,,
R202609004803,O202609002210,U10022,P10004,4,颜色正没有色差穿着舒服,2026-09-08 18:48:41,是,追评：质量比预期好,3,35,感谢您的认可欢迎下次光临,2026-09-08 21:48:41
R202609004804,O202609003249,U10077,P10015,4,质量很好做工精细值得购买,2026-09-11 22:45:28,否,,3,24,感谢您的认可欢迎下次光临,2026-09-12 00:45:28
R202609004805,O202609006007,U10175,P10016,4,保温效果很好外观也漂亮物流很快,2026-09-11 15:04:03,否,,2,7,感谢您的理解祝您生活愉快,2026-09-11 17:04:03
R202609004806,O202609001404,U10448,P10004,5,客服态度好有问必答点赞,2026-09-13 09:28:06,否,,2,32,,
R202609004807,O202609003752,U10271,P10016,3,一般般吧没有想象中好,2026-09-05 07:38:17,否,,3,48,,
R202609004808,O202609008721,U10045,P10009,1,跟描述完全不符要求退货,2026-09-11 11:50:12,否,,1,22,,
R202609004809,O202609005896,U10374,P10002,5,颜色正没有色差穿着舒服,2026-09-06 13:00:32,否,,3,0,感谢您的理解祝您生活愉快,2026-09-06 14:00:32
R202609004810,O202609000112,U10470,P10007,5,客服态度好有问必答点赞,2026-09-12 14:51:54,否,,1,45,已收到您的反馈我们会尽快处理,2026-09-12 17:51:54
R202609004811,O202609008558,U10242,P10017,1,客服态度恶劣不理人,2026-09-13 14:10:32,否,,3,11,非常抱歉给您带来不好的体验我们会改进,2026-09-13 17:10:32
R202609004812,O202609001732,U10031,P10017,5,保温效果很好外观也漂亮物流很快,2026-09-11 23:29:07,否,,3,47,感谢您的理解祝您生活愉快,2026-09-12 03:29:07
R202609004813,O202609008650,U10013,P10016,5,质量很好做工精细值得购买,2026-09-12 18:49:43,否,,3,33,非常抱歉给您带来不好的体验我们会改进,2026-09-12 19:49:43
R202609004814,O202609002096,U10402,P10018,5,颜色正没有色差穿着舒服,2026-09-07 15:56:39,否,,0,39,非常抱歉给您带来不好的体验我们会改进,2026-09-07 18:56:39
R202609004815,O202609000386,U10305,P10014,3,质量凑合对得起这个价格,2026-09-12 04:13:00,否,,0,12,,
R202609004816,O202609006159,U10157,P10013,3,包装有点简陋东西没问题,2026-09-13 07:44:26,否,,3,44,,
R202609004817,O202609003359,U10197,P10006,5,价格实惠比实体店便宜很多,2026-09-14 23:35:41,否,,3,11,,
R202609004818,O202609001287,U10149,P10018,4,质量很好做工精细值得购买,2026-09-14 08:07:36,否,,1,3,已收到您的反馈我们会尽快处理,2026-09-14 11:07:36
R202609004819,O202609006095,U10269,P10005,4,物流超快第二天就到了包装完好,2026-09-12 10:46:03,否,,2,21,感谢您的理解祝您生活愉快,2026-09-12 14:46:03
R202609004820,O202609001847,U10181,P10005,4,绘本内容不错孩子很喜欢,2026-09-12 22:41:13,否,,0,4,,
R202609004821,O202609009356,U10253,P10004,2,收到货发现有瑕疵要求换货,2026-09-11 06:36:02,否,,1,43,,
R202609004822,O202609006174,U10343,P10011,4,价格实惠比实体店便宜很多,2026-09-12 09:47:40,否,,2,40,已收到您的反馈我们会尽快处理,2026-09-12 13:47:40
R202609004823,O202609007017,U10274,P10015,4,客服态度好有问必答点赞,2026-09-05 07:23:02,否,,3,30,感谢您的理解祝您生活愉快,2026-09-05 10:23:02
R202609004824,O202609002979,U10189,P10002,4,保温效果很好外观也漂亮物流很快,2026-09-10 13:51:58,是,追评：发现了一些问题希望改进,0,17,,
R202609004825,O202609009221,U10275,P10004,4,绘本内容不错孩子很喜欢,2026-09-10 04:36:29,否,,1,25,非常抱歉给您带来不好的体验我们会改进,2026-09-10 08:36:29
R202609004826,O202609009851,U10426,P10005,4,质量很好做工精细值得购买,2026-09-10 05:45:34,否,,2,41,感谢您的理解祝您生活愉快,2026-09-10 10:45:34
R202609004827,O202609009046,U10194,P10001,4,绘本内容不错孩子很喜欢,2026-09-13 11:47:02,是,售后处理很快满意,0,50,已收到您的反馈我们会尽快处理,2026-09-13 13:47:02
R202609004828,O202609000543,U10096,P10015,5,手机性价比超高续航一天没问题推荐购买,2026-09-05 11:02:29,否,,2,7,,
R202609004829,O202609005730,U10259,P10002,4,客服态度好有问必答点赞,2026-09-06 15:49:28,否,,2,33,已收到您的反馈我们会尽快处理,2026-09-06 17:49:28
R202609004830,O202609000030,U10192,P10002,4,客服态度好有问必答点赞,2026-09-07 07:27:27,否,,3,1,感谢您的理解祝您生活愉快,2026-09-07 10:27:27
R202609004831,O202609001281,U10200,P10007,4,物流超快第二天就到了包装完好,2026-09-10 02:25:06,否,,1,14,感谢您的理解祝您生活愉快,2026-09-10 07:25:06
R202609004832,O202609006764,U10379,P10010,1,收到货发现有瑕疵要求换货,2026-09-05 12:26:28,否,,2,12,,
R202609004833,O202609009406,U10397,P10018,4,手机性价比超高续航一天没问题推荐购买,2026-09-05 03:54:05,是,用了一段时间来追评确实不错,0,42,非常抱歉给您带来不好的体验我们会改进,2026-09-05 08:54:05
R202609004834,O202609003530,U10192,P10009,1,客服态度恶劣不理人,2026-09-11 08:27:07,否,,1,0,非常抱歉给您带来不好的体验我们会改进,2026-09-11 11:27:07
R202609004835,O202609004698,U10149,P10003,3,质量凑合对得起这个价格,2026-09-10 18:46:29,否,,2,32,非常抱歉给您带来不好的体验我们会改进,2026-09-10 20:46:29
R202609004836,O202609003230,U10284,P10012,5,保温效果很好外观也漂亮物流很快,2026-09-11 04:33:03,是,售后处理很快满意,2,34,已收到您的反馈我们会尽快处理,2026-09-11 08:33:03
R202609004837,O202609003612,U10399,P10003,4,价格实惠比实体店便宜很多,2026-09-07 14:23:41,否,,0,49,,
R202609004838,O202609004187,U10071,P10016,4,颜色正没有色差穿着舒服,2026-09-06 03:32:56,否,,3,0,非常抱歉给您带来不好的体验我们会改进,2026-09-06 05:32:56
R202609004839,O202609004274,U10277,P10015,5,价格实惠比实体店便宜很多,2026-09-06 02:17:26,是,售后处理很快满意,3,39,已收到您的反馈我们会尽快处理,2026-09-06 06:17:26
R202609004840,O202609003111,U10045,P10008,4,颜色正没有色差穿着舒服,2026-09-07 07:07:31,否,,1,7,感谢您的理解祝您生活愉快,2026-09-07 11:07:31
R202609004841,O202609005112,U10500,P10012,2,客服态度恶劣不理人,2026-09-07 05:43:04,否,,0,22,,
R202609004842,O202609003186,U10285,P10020,4,质量很好做工精细值得购买,2026-09-12 20:23:44,是,售后处理很快满意,2,8,已收到您的反馈我们会尽快处理,2026-09-12 23:23:44
R202609004843,O202609009926,U10294,P10011,3,东西还行就是发货慢了点,2026-09-08 08:34:35,否,,0,5,感谢您的认可欢迎下次光临,2026-09-08 10:34:35
R202609004844,O202609005852,U10344,P10001,5,保温效果很好外观也漂亮物流很快,2026-09-09 10:26:01,否,,3,32,感谢您的理解祝您生活愉快,2026-09-09 15:26:01
R202609004845,O202609005654,U10344,P10002,5,绘本内容不错孩子很喜欢,2026-09-09 04:55:47,否,,1,24,感谢您的认可欢迎下次光临,2026-09-09 08:55:47
R202609004846,O202609001879,U10047,P10001,5,物流超快第二天就到了包装完好,2026-09-14 16:03:10,否,,3,20,,
R202609004847,O202609009528,U10380,P10001,3,一般般吧没有想象中好,2026-09-09 08:49:17,否,,0,30,,
R202609004848,O202609000590,U10020,P10005,5,保温效果很好外观也漂亮物流很快,2026-09-07 00:11:33,否,,2,37,感谢您的认可欢迎下次光临,2026-09-07 02:11:33
R202609004849,O202609002449,U10253,P10010,4,保温效果很好外观也漂亮物流很快,2026-09-14 03:49:31,否,,2,21,感谢您的理解祝您生活愉快,2026-09-14 08:49:31
R202609004850,O202609000700,U10394,P10001,5,质量很好做工精细值得购买,2026-09-12 10:09:22,否,,3,7,感谢您的理解祝您生活愉快,2026-09-12 12:09:22
R202609004851,O202609007704,U10085,P10007,1,收到货发现有瑕疵要求换货,2026-09-08 05:40:35,否,,1,25,感谢您的认可欢迎下次光临,2026-09-08 08:40:35
R202609004852,O202609006466,U10088,P10020,5,质量很好做工精细值得购买,2026-09-06 00:52:17,是,用了一段时间来追评确实不错,0,4,已收到您的反馈我们会尽快处理,2026-09-06 03:52:17
R202609004853,O202609001995,U10166,P10005,3,包装有点简陋东西没问题,2026-09-05 00:32:51,否,,3,43,非常抱歉给您带来不好的体验我们会改进,2026-09-05 03:32:51
R202609004854,O202609005035,U10134,P10001,3,包装有点简陋东西没问题,2026-09-09 08:16:48,否,,2,36,感谢您的理解祝您生活愉快,2026-09-09 13:16:48
R202609004855,O202609000534,U10118,P10001,4,保温效果很好外观也漂亮物流很快,2026-09-08 07:18:24,否,,0,33,,
R202609004856,O202609001285,U10076,P10010,5,绘本内容不错孩子很喜欢,2026-09-11 18:55:02,是,追评：质量比预期好,2,6,非常抱歉给您带来不好的体验我们会改进,2026-09-11 19:55:02
R202609004857,O202609005886,U10226,P10012,5,客服态度好有问必答点赞,2026-09-12 21:31:05,否,,3,36,感谢您的理解祝您生活愉快,2026-09-12 22:31:05
R202609004858,O202609005440,U10056,P10011,3,东西还行就是发货慢了点,2026-09-10 19:22:22,否,,2,33,感谢您的认可欢迎下次光临,2026-09-10 21:22:22
R202609004859,O202609000056,U10045,P10006,1,跟描述完全不符要求退货,2026-09-13 21:52:49,是,追评：发现了一些问题希望改进,3,15,非常抱歉给您带来不好的体验我们会改进,2026-09-14 00:52:49
R202609004860,O202609004854,U10299,P10014,3,质量凑合对得起这个价格,2026-09-11 03:00:34,是,追评：质量比预期好,0,11,,
R202609004861,O202609000148,U10261,P10002,5,价格实惠比实体店便宜很多,2026-09-08 10:29:37,否,,0,27,,
R202609004862,O202609005555,U10340,P10014,3,东西还行就是发货慢了点,2026-09-06 21:42:39,否,,2,37,感谢您的认可欢迎下次光临,2026-09-07 00:42:39
R202609004863,O202609009055,U10495,P10007,5,价格实惠比实体店便宜很多,2026-09-14 09:23:13,否,,2,42,非常抱歉给您带来不好的体验我们会改进,2026-09-14 12:23:13
R202609004864,O202609007729,U10055,P10017,3,包装有点简陋东西没问题,2026-09-05 09:56:09,否,,1,47,已收到您的反馈我们会尽快处理,2026-09-05 10:56:09
R202609004865,O202609003176,U10029,P10007,5,手机性价比超高续航一天没问题推荐购买,2026-09-06 13:09:28,否,,3,25,感谢您的认可欢迎下次光临,2026-09-06 15:09:28
R202609004866,O202609007398,U10293,P10012,4,价格实惠比实体店便宜很多,2026-09-10 05:43:32,否,,3,1,感谢您的认可欢迎下次光临,2026-09-10 06:43:32
R202609004867,O202609005137,U10175,P10010,3,一般般吧没有想象中好,2026-09-12 10:41:51,否,,0,30,,
R202609004868,O202609004315,U10277,P10015,4,客服态度好有问必答点赞,2026-09-10 20:39:04,否,,3,40,感谢您的认可欢迎下次光临,2026-09-11 00:39:04
R202609004869,O202609003201,U10051,P10020,3,包装有点简陋东西没问题,2026-09-09 16:38:15,是,追评：质量比预期好,0,6,非常抱歉给您带来不好的体验我们会改进,2026-09-09 17:38:15
R202609004870,O202609001987,U10147,P10002,5,保温效果很好外观也漂亮物流很快,2026-09-11 16:39:53,是,追评：发现了一些问题希望改进,0,39,,
R202609004871,O202609009570,U10225,P10016,4,价格实惠比实体店便宜很多,2026-09-06 10:30:30,否,,2,8,已收到您的反馈我们会尽快处理,2026-09-06 11:30:30
R202609004872,O202609008775,U10286,P10007,3,一般般吧没有想象中好,2026-09-08 23:11:04,是,追评：质量比预期好,0,27,感谢您的认可欢迎下次光临,2026-09-09 01:11:04
R202609004873,O202609008690,U10458,P10008,5,价格实惠比实体店便宜很多,2026-09-07 04:57:25,否,,1,21,感谢您的认可欢迎下次光临,2026-09-07 08:57:25
R202609004874,O202609009207,U10016,P10003,4,质量很好做工精细值得购买,2026-09-13 07:10:57,否,,0,21,,
R202609004875,O202609003039,U10173,P10016,2,收到货发现有瑕疵要求换货,2026-09-14 17:36:32,否,,0,12,非常抱歉给您带来不好的体验我们会改进,2026-09-14 21:36:32
R202609004876,O202609005530,U10360,P10007,5,价格实惠比实体店便宜很多,2026-09-08 21:37:39,否,,0,1,,
R202609004877,O202609004008,U10490,P10013,3,一般般吧没有想象中好,2026-09-06 21:51:59,否,,3,20,非常抱歉给您带来不好的体验我们会改进,2026-09-07 00:51:59
R202609004878,O202609005666,U10493,P10010,4,绘本内容不错孩子很喜欢,2026-09-09 10:48:44,否,,0,12,已收到您的反馈我们会尽快处理,2026-09-09 15:48:44
R202609004879,O202609009536,U10094,P10017,4,物流超快第二天就到了包装完好,2026-09-14 08:43:53,否,,1,31,感谢您的认可欢迎下次光临,2026-09-14 12:43:53
R202609004880,O202609007375,U10005,P10003,4,物流超快第二天就到了包装完好,2026-09-12 14:10:34,否,,3,19,感谢您的理解祝您生活愉快,2026-09-12 18:10:34
R202609004881,O202609008531,U10163,P10010,5,客服态度好有问必答点赞,2026-09-10 15:56:54,否,,3,45,感谢您的认可欢迎下次光临,2026-09-10 16:56:54
R202609004882,O202609003980,U10318,P10013,4,绘本内容不错孩子很喜欢,2026-09-11 16:38:45,否,,2,2,感谢您的认可欢迎下次光临,2026-09-11 18:38:45
R202609004883,O202609008483,U10480,P10001,3,东西还行就是发货慢了点,2026-09-06 21:43:35,是,追评：质量比预期好,3,35,,
R202609004884,O202609005627,U10245,P10007,4,价格实惠比实体店便宜很多,2026-09-14 01:59:59,否,,2,39,,
R202609004885,O202609008542,U10434,P10013,4,颜色正没有色差穿着舒服,2026-09-10 16:11:57,否,,1,19,非常抱歉给您带来不好的体验我们会改进,2026-09-10 17:11:57
R202609004886,O202609009284,U10094,P10011,3,东西还行就是发货慢了点,2026-09-14 04:17:07,否,,3,47,感谢您的认可欢迎下次光临,2026-09-14 09:17:07
R202609004887,O202609004665,U10307,P10002,5,保温效果很好外观也漂亮物流很快,2026-09-07 14:36:13,否,,0,0,感谢您的认可欢迎下次光临,2026-09-07 16:36:13
R202609004888,O202609007166,U10018,P10020,3,一般般吧没有想象中好,2026-09-13 00:10:53,否,,3,29,感谢您的理解祝您生活愉快,2026-09-13 04:10:53
R202609004889,O202609006729,U10002,P10003,3,东西还行就是发货慢了点,2026-09-09 18:08:18,否,,0,42,,
R202609004890,O202609001682,U10179,P10020,4,保温效果很好外观也漂亮物流很快,2026-09-11 12:13:40,否,,1,33,,
R202609004891,O202609001136,U10316,P10019,4,价格实惠比实体店便宜很多,2026-09-05 02:09:54,否,,2,14,感谢您的理解祝您生活愉快,2026-09-05 05:09:54
R202609004892,O202609007508,U10025,P10008,1,客服态度恶劣不理人,2026-09-09 17:25:38,否,,2,36,感谢您的认可欢迎下次光临,2026-09-09 19:25:38
R202609004893,O202609005622,U10066,P10018,5,价格实惠比实体店便宜很多,2026-09-09 11:00:20,否,,3,35,感谢您的理解祝您生活愉快,2026-09-09 14:00:20
R202609004894,O202609003638,U10335,P10014,5,物流超快第二天就到了包装完好,2026-09-09 06:21:52,否,,2,43,非常抱歉给您带来不好的体验我们会改进,2026-09-09 08:21:52
R202609004895,O202609005186,U10117,P10020,3,一般般吧没有想象中好,2026-09-07 00:27:41,是,用了一段时间来追评确实不错,0,17,非常抱歉给您带来不好的体验我们会改进,2026-09-07 05:27:41
R202609004896,O202609002954,U10133,P10012,4,客服态度好有问必答点赞,2026-09-13 17:33:44,否,,0,33,,
R202609004897,O202609009414,U10384,P10012,4,颜色正没有色差穿着舒服,2026-09-12 15:47:05,否,,3,10,感谢您的认可欢迎下次光临,2026-09-12 18:47:05
R202609004898,O202609002904,U10006,P10005,4,物流超快第二天就到了包装完好,2026-09-07 01:06:03,否,,2,47,感谢您的理解祝您生活愉快,2026-09-07 06:06:03
R202609004899,O202609005590,U10209,P10003,3,东西还行就是发货慢了点,2026-09-06 06:02:00,否,,3,41,非常抱歉给您带来不好的体验我们会改进,2026-09-06 07:02:00
R202609004900,O202609001469,U10304,P10011,4,质量很好做工精细值得购买,2026-09-05 06:04:49,否,,3,24,感谢您的理解祝您生活愉快,2026-09-05 11:04:49
R202609004901,O202609009475,U10370,P10020,4,保温效果很好外观也漂亮物流很快,2026-09-14 23:52:34,否,,2,39,感谢您的理解祝您生活愉快,2026-09-15 00:52:34
R202609004902,O202609000604,U10332,P10017,4,价格实惠比实体店便宜很多,2026-09-05 00:11:14,否,,1,44,感谢您的认可欢迎下次光临,2026-09-05 02:11:14
R202609004903,O202609005662,U10090,P10015,5,客服态度好有问必答点赞,2026-09-14 00:15:19,是,追评：质量比预期好,0,22,感谢您的理解祝您生活愉快,2026-09-14 02:15:19
R202609004904,O202609007398,U10373,P10007,4,绘本内容不错孩子很喜欢,2026-09-07 15:26:02,否,,1,23,已收到您的反馈我们会尽快处理,2026-09-07 19:26:02
R202609004905,O202609005902,U10226,P10017,3,一般般吧没有想象中好,2026-09-08 22:17:30,否,,0,11,非常抱歉给您带来不好的体验我们会改进,2026-09-09 03:17:30
R202609004906,O202609000768,U10041,P10015,4,保温效果很好外观也漂亮物流很快,2026-09-06 23:39:04,否,,0,44,已收到您的反馈我们会尽快处理,2026-09-07 00:39:04
R202609004907,O202609005619,U10272,P10011,5,颜色正没有色差穿着舒服,2026-09-07 00:58:59,否,,2,10,已收到您的反馈我们会尽快处理,2026-09-07 04:58:59
R202609004908,O202609006688,U10032,P10015,1,物流慢得要死等了一周,2026-09-10 19:58:55,否,,0,11,感谢您的理解祝您生活愉快,2026-09-10 22:58:55
R202609004909,O202609000137,U10365,P10002,4,物流超快第二天就到了包装完好,2026-09-13 21:03:48,否,,2,1,感谢您的理解祝您生活愉快,2026-09-14 00:03:48
R202609004910,O202609004765,U10280,P10011,5,保温效果很好外观也漂亮物流很快,2026-09-10 18:02:48,否,,1,20,感谢您的理解祝您生活愉快,2026-09-10 22:02:48
R202609004911,O202609006343,U10029,P10017,5,手机性价比超高续航一天没问题推荐购买,2026-09-09 22:01:55,否,,1,30,非常抱歉给您带来不好的体验我们会改进,2026-09-09 23:01:55
R202609004912,O202609009787,U10083,P10008,5,颜色正没有色差穿着舒服,2026-09-08 17:30:24,否,,0,27,感谢您的理解祝您生活愉快,2026-09-08 22:30:24
R202609004913,O202609002272,U10415,P10019,4,保温效果很好外观也漂亮物流很快,2026-09-14 15:52:30,否,,1,45,感谢您的理解祝您生活愉快,2026-09-14 19:52:30
R202609004914,O202609007017,U10279,P10013,4,手机性价比超高续航一天没问题推荐购买,2026-09-08 22:00:31,否,,0,38,,
R202609004915,O202609009838,U10300,P10007,3,质量凑合对得起这个价格,2026-09-05 21:26:43,是,追评：发现了一些问题希望改进,2,28,非常抱歉给您带来不好的体验我们会改进,2026-09-05 22:26:43
R202609004916,O202609001332,U10078,P10013,4,颜色正没有色差穿着舒服,2026-09-10 03:12:09,否,,3,39,非常抱歉给您带来不好的体验我们会改进,2026-09-10 04:12:09
R202609004917,O202609007118,U10416,P10007,5,物流超快第二天就到了包装完好,2026-09-05 19:06:09,否,,1,24,,
R202609004918,O202609001012,U10233,P10017,4,价格实惠比实体店便宜很多,2026-09-13 06:26:39,否,,0,22,感谢您的认可欢迎下次光临,2026-09-13 09:26:39
R202609004919,O202609003103,U10070,P10008,5,物流超快第二天就到了包装完好,2026-09-07 04:54:18,否,,0,20,感谢您的理解祝您生活愉快,2026-09-07 05:54:18
R202609004920,O202609003813,U10328,P10018,3,一般般吧没有想象中好,2026-09-08 01:51:35,否,,2,13,,
R202609004921,O202609000684,U10238,P10002,3,质量凑合对得起这个价格,2026-09-14 23:21:38,是,追评：发现了一些问题希望改进,3,23,,
R202609004922,O202609001741,U10063,P10005,5,颜色正没有色差穿着舒服,2026-09-05 06:41:25,否,,3,6,非常抱歉给您带来不好的体验我们会改进,2026-09-05 11:41:25
R202609004923,O202609004470,U10184,P10004,4,绘本内容不错孩子很喜欢,2026-09-12 12:10:34,否,,3,42,,
R202609004924,O202609006042,U10210,P10006,4,质量很好做工精细值得购买,2026-09-10 03:38:07,否,,0,2,,
R202609004925,O202609001242,U10179,P10007,4,价格实惠比实体店便宜很多,2026-09-11 03:43:40,是,售后处理很快满意,2,7,非常抱歉给您带来不好的体验我们会改进,2026-09-11 06:43:40
R202609004926,O202609007798,U10322,P10015,5,价格实惠比实体店便宜很多,2026-09-10 13:06:23,是,追评：质量比预期好,0,2,已收到您的反馈我们会尽快处理,2026-09-10 14:06:23
R202609004927,O202609000115,U10290,P10003,4,质量很好做工精细值得购买,2026-09-07 06:31:38,否,,2,36,感谢您的理解祝您生活愉快,2026-09-07 10:31:38
R202609004928,O202609003954,U10269,P10020,2,物流慢得要死等了一周,2026-09-07 14:32:39,否,,0,16,感谢您的认可欢迎下次光临,2026-09-07 18:32:39
R202609004929,O202609001845,U10331,P10011,2,物流慢得要死等了一周,2026-09-08 13:22:08,否,,0,15,非常抱歉给您带来不好的体验我们会改进,2026-09-08 18:22:08
R202609004930,O202609000883,U10294,P10018,4,手机性价比超高续航一天没问题推荐购买,2026-09-07 23:09:00,否,,1,19,已收到您的反馈我们会尽快处理,2026-09-08 02:09:00
R202609004931,O202609007839,U10384,P10011,5,保温效果很好外观也漂亮物流很快,2026-09-05 18:03:35,否,,1,49,感谢您的认可欢迎下次光临,2026-09-05 19:03:35
R202609004932,O202609000028,U10135,P10013,3,东西还行就是发货慢了点,2026-09-08 21:42:20,是,追评：发现了一些问题希望改进,3,27,感谢您的认可欢迎下次光临,2026-09-09 02:42:20
R202609004933,O202609008531,U10133,P10009,4,质量很好做工精细值得购买,2026-09-10 07:57:53,否,,0,37,非常抱歉给您带来不好的体验我们会改进,2026-09-10 12:57:53
R202609004934,O202609000661,U10364,P10019,1,客服态度恶劣不理人,2026-09-11 04:20:34,否,,1,45,感谢您的理解祝您生活愉快,2026-09-11 08:20:34
R202609004935,O202609004344,U10301,P10015,3,包装有点简陋东西没问题,2026-09-11 12:12:09,否,,2,48,感谢您的理解祝您生活愉快,2026-09-11 16:12:09
R202609004936,O202609004282,U10124,P10011,4,物流超快第二天就到了包装完好,2026-09-09 22:13:26,否,,3,11,已收到您的反馈我们会尽快处理,2026-09-10 02:13:26
R202609004937,O202609000733,U10256,P10002,5,手机性价比超高续航一天没问题推荐购买,2026-09-13 22:12:42,否,,1,19,非常抱歉给您带来不好的体验我们会改进,2026-09-14 02:12:42
R202609004938,O202609001328,U10041,P10007,5,手机性价比超高续航一天没问题推荐购买,2026-09-05 06:17:17,否,,2,42,已收到您的反馈我们会尽快处理,2026-09-05 08:17:17
R202609004939,O202609009458,U10433,P10015,4,客服态度好有问必答点赞,2026-09-14 15:17:37,否,,1,13,已收到您的反馈我们会尽快处理,2026-09-14 16:17:37
R202609004940,O202609009022,U10129,P10020,5,物流超快第二天就到了包装完好,2026-09-11 11:30:36,是,追评：质量比预期好,2,35,感谢您的认可欢迎下次光临,2026-09-11 12:30:36
R202609004941,O202609009675,U10172,P10018,4,质量很好做工精细值得购买,2026-09-09 06:37:51,是,用了一段时间来追评确实不错,3,9,感谢您的理解祝您生活愉快,2026-09-09 09:37:51
R202609004942,O202609007083,U10311,P10014,3,质量凑合对得起这个价格,2026-09-06 02:00:38,是,用了一段时间来追评确实不错,3,39,感谢您的理解祝您生活愉快,2026-09-06 04:00:38
R202609004943,O202609005469,U10450,P10019,4,颜色正没有色差穿着舒服,2026-09-11 19:09:36,否,,1,22,,
R202609004944,O202609001814,U10300,P10020,4,质量很好做工精细值得购买,2026-09-08 15:05:32,否,,1,32,,
R202609004945,O202609004550,U10390,P10020,2,用了两天就坏了质量太差,2026-09-14 06:31:22,否,,1,11,非常抱歉给您带来不好的体验我们会改进,2026-09-14 11:31:22
R202609004946,O202609004412,U10470,P10006,5,客服态度好有问必答点赞,2026-09-07 14:57:40,否,,3,29,,
R202609004947,O202609006223,U10414,P10010,5,保温效果很好外观也漂亮物流很快,2026-09-11 01:17:33,否,,3,35,,
R202609004948,O202609005372,U10058,P10012,5,质量很好做工精细值得购买,2026-09-12 23:55:32,否,,1,50,,
R202609004949,O202609000989,U10351,P10005,4,客服态度好有问必答点赞,2026-09-08 14:26:49,否,,3,39,,
R202609004950,O202609000410,U10250,P10008,4,绘本内容不错孩子很喜欢,2026-09-08 02:23:55,否,,2,26,感谢您的认可欢迎下次光临,2026-09-08 07:23:55
R202609004951,O202609002976,U10460,P10015,5,颜色正没有色差穿着舒服,2026-09-09 16:08:54,否,,2,24,已收到您的反馈我们会尽快处理,2026-09-09 18:08:54
R202609004952,O202609005895,U10339,P10010,2,用了两天就坏了质量太差,2026-09-07 10:02:34,否,,2,21,,
R202609004953,O202609003951,U10006,P10002,3,包装有点简陋东西没问题,2026-09-12 01:38:27,否,,1,39,,
R202609004954,O202609001375,U10203,P10009,1,鞋子偏小一码穿了半天脚疼,2026-09-10 00:37:33,否,,1,3,非常抱歉给您带来不好的体验我们会改进,2026-09-10 01:37:33
R202609004955,O202609005812,U10110,P10006,4,颜色正没有色差穿着舒服,2026-09-05 04:14:08,是,用了一段时间来追评确实不错,1,20,感谢您的认可欢迎下次光临,2026-09-05 09:14:08
R202609004956,O202609006719,U10138,P10018,3,东西还行就是发货慢了点,2026-09-12 07:54:08,否,,0,21,已收到您的反馈我们会尽快处理,2026-09-12 08:54:08
R202609004957,O202609009426,U10168,P10015,4,质量很好做工精细值得购买,2026-09-07 08:47:18,否,,3,12,感谢您的理解祝您生活愉快,2026-09-07 13:47:18
R202609004958,O202609007684,U10141,P10001,5,质量很好做工精细值得购买,2026-09-10 10:43:27,否,,2,33,感谢您的理解祝您生活愉快,2026-09-10 11:43:27
R202609004959,O202609001069,U10346,P10001,5,颜色正没有色差穿着舒服,2026-09-08 23:42:20,否,,0,40,,
R202609004960,O202609003487,U10411,P10012,2,鞋子偏小一码穿了半天脚疼,2026-09-14 07:37:51,否,,3,38,,
R202609004961,O202609006075,U10292,P10015,2,物流慢得要死等了一周,2026-09-05 09:35:10,否,,2,29,已收到您的反馈我们会尽快处理,2026-09-05 11:35:10
R202609004962,O202609007553,U10258,P10003,4,物流超快第二天就到了包装完好,2026-09-11 16:30:17,是,追评：质量比预期好,0,46,感谢您的理解祝您生活愉快,2026-09-11 20:30:17
R202609004963,O202609007941,U10391,P10017,3,东西还行就是发货慢了点,2026-09-11 02:31:09,否,,1,34,,
R202609004964,O202609006205,U10364,P10011,5,绘本内容不错孩子很喜欢,2026-09-10 16:42:44,否,,1,47,已收到您的反馈我们会尽快处理,2026-09-10 19:42:44
R202609004965,O202609004860,U10079,P10004,5,保温效果很好外观也漂亮物流很快,2026-09-12 11:22:53,是,追评：发现了一些问题希望改进,1,27,,
R202609004966,O202609007113,U10208,P10011,4,价格实惠比实体店便宜很多,2026-09-10 22:41:15,否,,3,49,,
R202609004967,O202609000163,U10091,P10008,4,颜色正没有色差穿着舒服,2026-09-13 20:02:02,否,,3,45,已收到您的反馈我们会尽快处理,2026-09-13 23:02:02
R202609004968,O202609006487,U10225,P10004,3,包装有点简陋东西没问题,2026-09-10 14:17:32,否,,2,4,,
R202609004969,O202609006711,U10225,P10018,5,质量很好做工精细值得购买,2026-09-07 03:54:50,是,追评：质量比预期好,2,10,,
R202609004970,O202609002291,U10177,P10004,4,保温效果很好外观也漂亮物流很快,2026-09-05 22:48:23,否,,0,39,已收到您的反馈我们会尽快处理,2026-09-06 03:48:23
R202609004971,O202609003999,U10454,P10017,1,跟描述完全不符要求退货,2026-09-07 06:19:15,否,,0,42,已收到您的反馈我们会尽快处理,2026-09-07 10:19:15
R202609004972,O202609004903,U10162,P10005,5,客服态度好有问必答点赞,2026-09-14 04:54:49,否,,0,12,,
R202609004973,O202609006250,U10254,P10006,5,绘本内容不错孩子很喜欢,2026-09-12 19:10:02,否,,3,8,,
R202609004974,O202609005861,U10239,P10017,3,一般般吧没有想象中好,2026-09-06 12:38:19,否,,2,0,非常抱歉给您带来不好的体验我们会改进,2026-09-06 15:38:19
R202609004975,O202609002346,U10253,P10002,5,颜色正没有色差穿着舒服,2026-09-13 18:17:54,否,,0,1,感谢您的认可欢迎下次光临,2026-09-13 22:17:54
R202609004976,O202609002018,U10281,P10010,4,绘本内容不错孩子很喜欢,2026-09-11 19:53:55,否,,0,38,,
R202609004977,O202609009348,U10256,P10014,3,包装有点简陋东西没问题,2026-09-14 02:22:21,否,,0,24,,
R202609004978,O202609000124,U10404,P10020,5,手机性价比超高续航一天没问题推荐购买,2026-09-14 21:45:11,否,,2,17,已收到您的反馈我们会尽快处理,2026-09-14 23:45:11
R202609004979,O202609001748,U10296,P10004,4,价格实惠比实体店便宜很多,2026-09-08 07:31:46,否,,0,6,感谢您的理解祝您生活愉快,2026-09-08 08:31:46
R202609004980,O202609007150,U10366,P10011,4,客服态度好有问必答点赞,2026-09-08 23:58:43,是,追评：发现了一些问题希望改进,3,31,已收到您的反馈我们会尽快处理,2026-09-09 01:58:43
R202609004981,O202609004620,U10326,P10014,4,保温效果很好外观也漂亮物流很快,2026-09-11 13:08:43,否,,3,18,,
R202609004982,O202609008404,U10274,P10001,3,包装有点简陋东西没问题,2026-09-12 23:25:00,否,,1,45,非常抱歉给您带来不好的体验我们会改进,2026-09-13 00:25:00
R202609004983,O202609006925,U10021,P10004,2,用了两天就坏了质量太差,2026-09-07 20:18:40,否,,3,22,感谢您的认可欢迎下次光临,2026-09-07 22:18:40
R202609004984,O202609007247,U10204,P10012,3,包装有点简陋东西没问题,2026-09-07 15:33:13,否,,0,11,感谢您的认可欢迎下次光临,2026-09-07 20:33:13
R202609004985,O202609008863,U10284,P10005,5,绘本内容不错孩子很喜欢,2026-09-13 00:48:43,是,追评：质量比预期好,2,36,已收到您的反馈我们会尽快处理,2026-09-13 03:48:43
R202609004986,O202609000317,U10116,P10020,5,绘本内容不错孩子很喜欢,2026-09-09 07:47:54,否,,2,18,,
R202609004987,O202609000796,U10224,P10016,4,保温效果很好外观也漂亮物流很快,2026-09-08 00:12:37,是,追评：发现了一些问题希望改进,1,47,已收到您的反馈我们会尽快处理,2026-09-08 01:12:37
R202609004988,O202609003766,U10449,P10008,4,质量很好做工精细值得购买,2026-09-08 14:30:08,否,,3,11,,
R202609004989,O202609007635,U10190,P10020,4,手机性价比超高续航一天没问题推荐购买,2026-09-12 02:19:43,否,,1,9,,
R202609004990,O202609007436,U10257,P10004,1,跟描述完全不符要求退货,2026-09-14 10:09:11,否,,1,42,感谢您的理解祝您生活愉快,2026-09-14 14:09:11
R202609004991,O202609007348,U10379,P10008,5,价格实惠比实体店便宜很多,2026-09-13 07:45:56,否,,2,26,非常抱歉给您带来不好的体验我们会改进,2026-09-13 11:45:56
R202609004992,O202609001828,U10146,P10010,1,收到货发现有瑕疵要求换货,2026-09-12 06:05:28,否,,0,23,,
R202609004993,O202609000923,U10039,P10005,5,保温效果很好外观也漂亮物流很快,2026-09-13 11:38:19,否,,0,6,非常抱歉给您带来不好的体验我们会改进,2026-09-13 15:38:19
R202609004994,O202609006265,U10247,P10011,4,质量很好做工精细值得购买,2026-09-08 11:08:55,否,,0,38,,
R202609004995,O202609000907,U10465,P10019,5,客服态度好有问必答点赞,2026-09-08 18:52:32,否,,3,47,已收到您的反馈我们会尽快处理,2026-09-08 22:52:32
R202609004996,O202609007606,U10015,P10008,4,手机性价比超高续航一天没问题推荐购买,2026-09-08 14:55:38,否,,2,34,已收到您的反馈我们会尽快处理,2026-09-08 16:55:38
R202609004997,O202609004178,U10105,P10019,5,物流超快第二天就到了包装完好,2026-09-12 22:57:58,否,,2,27,,
R202609004998,O202609008913,U10077,P10020,5,客服态度好有问必答点赞,2026-09-09 03:54:09,否,,0,41,,
R202609004999,O202609008009,U10363,P10009,5,物流超快第二天就到了包装完好,2026-09-08 22:50:10,否,,3,28,,
R202609005000,O202609005541,U10450,P10008,5,手机性价比超高续航一天没问题推荐购买,2026-09-10 20:11:58,否,,2,39,已收到您的反馈我们会尽快处理,2026-09-10 23:11:58
